
state 0
	$accept: .program $end 
	program: .    (2)

	INT  shift 26
	VOID  shift 27
	CONST  shift 25
	CHAR  shift 28
	EXTERN  shift 23
	LONG  shift 29
	UNSIGNED  shift 31
	SHORT  shift 30
	FLOAT  shift 32
	DOUBLE  shift 33
	STRUCT  shift 7
	ENUM  shift 9
	UNION  shift 8
	TYPEDEF  shift 20
	STATIC  shift 22
	TYPEOF  shift 37
	INT128  shift 35
	SIGNED  shift 34
	ATTR_WEAK  shift 17
	ATTR_ALIGNED  shift 19
	ATTR_SECTION  shift 18
	ALIGNAS_SPEC  shift 6
	STATIC_ASSERT  shift 15
	ASM_KW  shift 14
	INLINE_KW  shift 24
	TYPENAME  shift 36
	';'  shift 4
	.  reduce 2 (src line 98)

	program  goto 1
	declaration  goto 3
	var_declaration  goto 5
	declaration_list  goto 2
	struct_declaration  goto 10
	union_declaration  goto 11
	enum_declaration  goto 12
	typedef_declaration  goto 13
	type_specifier  goto 21
	declaration_specifiers  goto 16

state 1
	$accept:  program.$end 

	$end  accept
	.  error


state 2
	program:  declaration_list.    (1)
	declaration_list:  declaration_list.declaration 
	declaration_list:  declaration_list.';' 

	INT  shift 26
	VOID  shift 27
	CONST  shift 25
	CHAR  shift 28
	EXTERN  shift 23
	LONG  shift 29
	UNSIGNED  shift 31
	SHORT  shift 30
	FLOAT  shift 32
	DOUBLE  shift 33
	STRUCT  shift 7
	ENUM  shift 9
	UNION  shift 8
	TYPEDEF  shift 20
	STATIC  shift 22
	TYPEOF  shift 37
	INT128  shift 35
	SIGNED  shift 34
	ATTR_WEAK  shift 17
	ATTR_ALIGNED  shift 19
	ATTR_SECTION  shift 18
	ALIGNAS_SPEC  shift 6
	STATIC_ASSERT  shift 15
	ASM_KW  shift 14
	INLINE_KW  shift 24
	TYPENAME  shift 36
	';'  shift 39
	.  reduce 1 (src line 92)

	declaration  goto 38
	var_declaration  goto 5
	struct_declaration  goto 10
	union_declaration  goto 11
	enum_declaration  goto 12
	typedef_declaration  goto 13
	type_specifier  goto 21
	declaration_specifiers  goto 16

state 3
	declaration_list:  declaration.    (5)

	.  reduce 5 (src line 107)


state 4
	declaration_list:  ';'.    (6)

	.  reduce 6 (src line 109)


state 5
	declaration:  var_declaration.    (7)

	.  reduce 7 (src line 113)


state 6
	declaration:  ALIGNAS_SPEC.var_declaration 

	INT  shift 26
	VOID  shift 27
	CONST  shift 25
	CHAR  shift 28
	EXTERN  shift 23
	LONG  shift 29
	UNSIGNED  shift 31
	SHORT  shift 30
	FLOAT  shift 32
	DOUBLE  shift 33
	STRUCT  shift 42
	ENUM  shift 44
	UNION  shift 43
	STATIC  shift 22
	TYPEOF  shift 37
	INT128  shift 35
	SIGNED  shift 34
	INLINE_KW  shift 24
	TYPENAME  shift 36
	.  error

	var_declaration  goto 40
	type_specifier  goto 21
	declaration_specifiers  goto 41

state 7
	declaration:  STRUCT.ID ';' 
	type_specifier:  STRUCT.ID 
	struct_declaration:  STRUCT.ID '{' field_list '}' ';' 
	struct_declaration:  STRUCT.ATTR_PACKED ID '{' field_list '}' ';' 
	struct_declaration:  STRUCT.ID ATTR_PACKED '{' field_list '}' ';' 
	struct_declaration:  STRUCT.ID '{' field_list '}' ATTR_PACKED ';' 
	struct_declaration:  STRUCT.ATTR_ALIGNED ID '{' field_list '}' ';' 
	struct_declaration:  STRUCT.ID ATTR_ALIGNED '{' field_list '}' ';' 
	declaration_specifiers:  STRUCT.ID '{' field_list '}' 
	declaration_specifiers:  STRUCT.ATTR_PACKED ID '{' field_list '}' 
	declaration_specifiers:  STRUCT.ID ATTR_PACKED '{' field_list '}' 
	declaration_specifiers:  STRUCT.ID '{' field_list '}' ATTR_PACKED 
	declaration_specifiers:  STRUCT.'{' field_list '}' 
	declaration_specifiers:  STRUCT.ATTR_PACKED '{' field_list '}' 
	declaration_specifiers:  STRUCT.'{' field_list '}' ATTR_PACKED 

	ID  shift 45
	ATTR_PACKED  shift 46
	ATTR_ALIGNED  shift 47
	'{'  shift 48
	.  error


state 8
	declaration:  UNION.ID ';' 
	type_specifier:  UNION.ID 
	union_declaration:  UNION.ID '{' field_list '}' ';' 
	union_declaration:  UNION.ATTR_PACKED ID '{' field_list '}' ';' 
	union_declaration:  UNION.ID ATTR_PACKED '{' field_list '}' ';' 
	union_declaration:  UNION.ID '{' field_list '}' ATTR_PACKED ';' 
	declaration_specifiers:  UNION.'{' field_list '}' 
	declaration_specifiers:  UNION.ATTR_PACKED '{' field_list '}' 
	declaration_specifiers:  UNION.'{' field_list '}' ATTR_PACKED 

	ID  shift 49
	ATTR_PACKED  shift 50
	'{'  shift 51
	.  error


state 9
	declaration:  ENUM.ID ';' 
	type_specifier:  ENUM.ID 
	enum_declaration:  ENUM.'{' enum_list '}' ';' 
	enum_declaration:  ENUM.ID '{' enum_list '}' ';' 

	ID  shift 52
	'{'  shift 53
	.  error


state 10
	declaration:  struct_declaration.    (12)

	.  reduce 12 (src line 122)


state 11
	declaration:  union_declaration.    (13)

	.  reduce 13 (src line 123)


state 12
	declaration:  enum_declaration.    (14)

	.  reduce 14 (src line 124)


state 13
	declaration:  typedef_declaration.    (15)

	.  reduce 15 (src line 125)


state 14
	declaration:  ASM_KW.'(' args ')' ';' 
	declaration:  ASM_KW.';' 

	';'  shift 55
	'('  shift 54
	.  error


state 15
	declaration:  STATIC_ASSERT.'(' const_int_expr ',' STRING_LIT ')' ';' 
	declaration:  STATIC_ASSERT.'(' const_int_expr ')' ';' 

	'('  shift 56
	.  error


state 16
	declaration:  declaration_specifiers.gd_fun_declarator compound_stmt 
	declaration:  declaration_specifiers.gd_fun_declarator ';' 
	declaration:  declaration_specifiers.gd_fun_declarator ',' gd_fun_declarator ';' 
	declaration:  declaration_specifiers.ATTR_WEAK gd_fun_declarator compound_stmt 
	declaration:  declaration_specifiers.ATTR_WEAK gd_fun_declarator ';' 
	declaration:  declaration_specifiers.gd_fun_declarator ATTR_WEAK compound_stmt 
	declaration:  declaration_specifiers.gd_fun_declarator ATTR_WEAK ';' 
	declaration:  declaration_specifiers.gd_fun_declarator ATTR_SECTION ';' 
	declaration:  declaration_specifiers.gd_fun_declarator ATTR_ALIGNED ';' 
	declaration:  declaration_specifiers.ATTR_SECTION gd_init_declarator_list ';' 
	declaration:  declaration_specifiers.ATTR_SECTION gd_fun_declarator compound_stmt 
	declaration:  declaration_specifiers.ATTR_SECTION gd_fun_declarator ';' 
	declaration:  declaration_specifiers.ATTR_ALIGNED gd_init_declarator_list ';' 
	declaration:  declaration_specifiers.gd_fun_declarator ATTR_ALIAS ';' 
	declaration:  declaration_specifiers.gd_init_declarator_list ATTR_ALIAS ';' 
	declaration:  declaration_specifiers.'(' '*' ID '[' ']' ')' '(' fp_param_types ')' ';' 
	declaration:  declaration_specifiers.'(' '*' ID '[' ']' ')' '(' fp_param_types ')' ATTR_WEAK ';' 
	var_declaration:  declaration_specifiers.gd_init_declarator_list ';' 
	declaration_specifiers:  declaration_specifiers.INLINE_KW 

	ID  shift 64
	ATTR_WEAK  shift 58
	ATTR_ALIGNED  shift 60
	ATTR_SECTION  shift 59
	INLINE_KW  shift 63
	'('  shift 62
	'*'  shift 67
	.  error

	gd_declarator  goto 68
	gd_init_declarator  goto 66
	gd_init_declarator_list  goto 61
	gd_pointer  goto 65
	gd_fun_declarator  goto 57

state 17
	declaration:  ATTR_WEAK.declaration_specifiers gd_fun_declarator compound_stmt 
	declaration:  ATTR_WEAK.declaration_specifiers gd_fun_declarator ';' 
	declaration:  ATTR_WEAK.declaration_specifiers gd_init_declarator_list ';' 

	INT  shift 26
	VOID  shift 27
	CONST  shift 25
	CHAR  shift 28
	EXTERN  shift 23
	LONG  shift 29
	UNSIGNED  shift 31
	SHORT  shift 30
	FLOAT  shift 32
	DOUBLE  shift 33
	STRUCT  shift 42
	ENUM  shift 44
	UNION  shift 43
	STATIC  shift 22
	TYPEOF  shift 37
	INT128  shift 35
	SIGNED  shift 34
	INLINE_KW  shift 24
	TYPENAME  shift 36
	.  error

	type_specifier  goto 21
	declaration_specifiers  goto 69

state 18
	declaration:  ATTR_SECTION.declaration_specifiers gd_fun_declarator compound_stmt 
	declaration:  ATTR_SECTION.declaration_specifiers gd_fun_declarator ';' 
	declaration:  ATTR_SECTION.declaration_specifiers gd_init_declarator_list ';' 

	INT  shift 26
	VOID  shift 27
	CONST  shift 25
	CHAR  shift 28
	EXTERN  shift 23
	LONG  shift 29
	UNSIGNED  shift 31
	SHORT  shift 30
	FLOAT  shift 32
	DOUBLE  shift 33
	STRUCT  shift 42
	ENUM  shift 44
	UNION  shift 43
	STATIC  shift 22
	TYPEOF  shift 37
	INT128  shift 35
	SIGNED  shift 34
	INLINE_KW  shift 24
	TYPENAME  shift 36
	.  error

	type_specifier  goto 21
	declaration_specifiers  goto 70

state 19
	declaration:  ATTR_ALIGNED.declaration_specifiers gd_fun_declarator compound_stmt 
	declaration:  ATTR_ALIGNED.declaration_specifiers gd_fun_declarator ';' 
	declaration:  ATTR_ALIGNED.declaration_specifiers gd_init_declarator_list ';' 

	INT  shift 26
	VOID  shift 27
	CONST  shift 25
	CHAR  shift 28
	EXTERN  shift 23
	LONG  shift 29
	UNSIGNED  shift 31
	SHORT  shift 30
	FLOAT  shift 32
	DOUBLE  shift 33
	STRUCT  shift 42
	ENUM  shift 44
	UNION  shift 43
	STATIC  shift 22
	TYPEOF  shift 37
	INT128  shift 35
	SIGNED  shift 34
	INLINE_KW  shift 24
	TYPENAME  shift 36
	.  error

	type_specifier  goto 21
	declaration_specifiers  goto 71

state 20
	typedef_declaration:  TYPEDEF.type_specifier ID ';' 
	typedef_declaration:  TYPEDEF.type_specifier TYPENAME ';' 
	typedef_declaration:  TYPEDEF.type_specifier '*' ID ';' 
	typedef_declaration:  TYPEDEF.type_specifier '*' TYPENAME ';' 
	typedef_declaration:  TYPEDEF.type_specifier '*' '*' ID ';' 
	typedef_declaration:  TYPEDEF.type_specifier '*' '*' TYPENAME ';' 
	typedef_declaration:  TYPEDEF.CONST type_specifier ID ';' 
	typedef_declaration:  TYPEDEF.CONST type_specifier TYPENAME ';' 
	typedef_declaration:  TYPEDEF.CONST type_specifier '*' ID ';' 
	typedef_declaration:  TYPEDEF.CONST type_specifier '*' TYPENAME ';' 
	typedef_declaration:  TYPEDEF.CONST type_specifier '*' '*' ID ';' 
	typedef_declaration:  TYPEDEF.CONST type_specifier '*' '*' TYPENAME ';' 
	typedef_declaration:  TYPEDEF.STRUCT ID ID ';' 
	typedef_declaration:  TYPEDEF.STRUCT ID TYPENAME ';' 
	typedef_declaration:  TYPEDEF.STRUCT ID '*' ID ';' 
	typedef_declaration:  TYPEDEF.STRUCT ID '*' TYPENAME ';' 
	typedef_declaration:  TYPEDEF.ID ID ';' 
	typedef_declaration:  TYPEDEF.ID TYPENAME ';' 
	typedef_declaration:  TYPEDEF.ID '*' ID ';' 
	typedef_declaration:  TYPEDEF.type_specifier '(' '*' ID ')' '(' fp_param_types ')' ';' 
	typedef_declaration:  TYPEDEF.type_specifier '(' ID ')' '(' fp_param_types ')' ';' 
	typedef_declaration:  TYPEDEF.type_specifier '*' '(' '*' ID ')' '(' fp_param_types ')' ';' 
	typedef_declaration:  TYPEDEF.CONST type_specifier '*' '(' '*' ID ')' '(' fp_param_types ')' ';' 
	typedef_declaration:  TYPEDEF.CONST type_specifier '(' '*' ID ')' '(' fp_param_types ')' ';' 
	typedef_declaration:  TYPEDEF.type_specifier ID '(' fp_param_types ')' ';' 
	typedef_declaration:  TYPEDEF.STRUCT '{' field_list '}' ID ';' 
	typedef_declaration:  TYPEDEF.STRUCT '{' field_list '}' ID '[' const_int_expr ']' ';' 
	typedef_declaration:  TYPEDEF.STRUCT ATTR_PACKED '{' field_list '}' ID ';' 
	typedef_declaration:  TYPEDEF.STRUCT '{' field_list '}' ATTR_PACKED ID ';' 
	typedef_declaration:  TYPEDEF.UNION '{' field_list '}' ID ';' 
	typedef_declaration:  TYPEDEF.UNION ATTR_PACKED '{' field_list '}' ID ';' 
	typedef_declaration:  TYPEDEF.UNION '{' field_list '}' ATTR_PACKED ID ';' 
	typedef_declaration:  TYPEDEF.STRUCT ID '{' field_list '}' ID ';' 
	typedef_declaration:  TYPEDEF.STRUCT ATTR_PACKED ID '{' field_list '}' ID ';' 
	typedef_declaration:  TYPEDEF.STRUCT ID ATTR_PACKED '{' field_list '}' ID ';' 
	typedef_declaration:  TYPEDEF.STRUCT ID '{' field_list '}' ATTR_PACKED ID ';' 
	typedef_declaration:  TYPEDEF.UNION ID '{' field_list '}' ID ';' 
	typedef_declaration:  TYPEDEF.UNION ATTR_PACKED ID '{' field_list '}' ID ';' 
	typedef_declaration:  TYPEDEF.UNION ID ATTR_PACKED '{' field_list '}' ID ';' 
	typedef_declaration:  TYPEDEF.UNION ID '{' field_list '}' ATTR_PACKED ID ';' 
	typedef_declaration:  TYPEDEF.STRUCT ID '{' field_list '}' ';' 
	typedef_declaration:  TYPEDEF.STRUCT ATTR_PACKED ID '{' field_list '}' ';' 
	typedef_declaration:  TYPEDEF.STRUCT ID ATTR_PACKED '{' field_list '}' ';' 
	typedef_declaration:  TYPEDEF.STRUCT ID '{' field_list '}' ATTR_PACKED ';' 
	typedef_declaration:  TYPEDEF.UNION ID '{' field_list '}' ';' 
	typedef_declaration:  TYPEDEF.UNION ATTR_PACKED ID '{' field_list '}' ';' 
	typedef_declaration:  TYPEDEF.UNION ID ATTR_PACKED '{' field_list '}' ';' 
	typedef_declaration:  TYPEDEF.UNION ID '{' field_list '}' ATTR_PACKED ';' 
	typedef_declaration:  TYPEDEF.ENUM ID '{' enum_list '}' ID ';' 
	typedef_declaration:  TYPEDEF.ENUM '{' enum_list '}' ID ';' 
	typedef_declaration:  TYPEDEF.type_specifier ID '[' const_int_expr ']' ';' 
	typedef_declaration:  TYPEDEF.type_specifier TYPENAME '[' const_int_expr ']' ';' 
	typedef_declaration:  TYPEDEF.STRUCT ID ID '[' const_int_expr ']' ';' 
	typedef_declaration:  TYPEDEF.STRUCT ID TYPENAME '[' const_int_expr ']' ';' 

	ID  shift 75
	INT  shift 26
	VOID  shift 27
	CONST  shift 73
	CHAR  shift 28
	LONG  shift 29
	UNSIGNED  shift 31
	SHORT  shift 30
	FLOAT  shift 32
	DOUBLE  shift 33
	STRUCT  shift 74
	ENUM  shift 77
	UNION  shift 76
	TYPEOF  shift 37
	INT128  shift 35
	SIGNED  shift 34
	TYPENAME  shift 36
	.  error

	type_specifier  goto 72

state 21
	declaration_specifiers:  type_specifier.    (708)

	.  reduce 708 (src line 2043)


state 22
	declaration_specifiers:  STATIC.type_specifier 
	declaration_specifiers:  STATIC.CONST type_specifier 
	declaration_specifiers:  STATIC.INLINE_KW type_specifier 
	declaration_specifiers:  STATIC.INLINE_KW CONST type_specifier 
	declaration_specifiers:  STATIC.STRUCT ID '{' field_list '}' 
	declaration_specifiers:  STATIC.STRUCT ATTR_PACKED ID '{' field_list '}' 
	declaration_specifiers:  STATIC.STRUCT ID '{' field_list '}' ATTR_PACKED 
	declaration_specifiers:  STATIC.CONST STRUCT ID '{' field_list '}' 
	declaration_specifiers:  STATIC.CONST STRUCT ATTR_PACKED ID '{' field_list '}' 
	declaration_specifiers:  STATIC.CONST STRUCT ID '{' field_list '}' ATTR_PACKED 
	declaration_specifiers:  STATIC.STRUCT '{' field_list '}' 
	declaration_specifiers:  STATIC.STRUCT ATTR_PACKED '{' field_list '}' 
	declaration_specifiers:  STATIC.STRUCT '{' field_list '}' ATTR_PACKED 
	declaration_specifiers:  STATIC.CONST STRUCT '{' field_list '}' 
	declaration_specifiers:  STATIC.CONST STRUCT ATTR_PACKED '{' field_list '}' 
	declaration_specifiers:  STATIC.CONST STRUCT '{' field_list '}' ATTR_PACKED 
	declaration_specifiers:  STATIC.UNION '{' field_list '}' 
	declaration_specifiers:  STATIC.CONST UNION '{' field_list '}' 

	INT  shift 26
	VOID  shift 27
	CONST  shift 79
	CHAR  shift 28
	LONG  shift 29
	UNSIGNED  shift 31
	SHORT  shift 30
	FLOAT  shift 32
	DOUBLE  shift 33
	STRUCT  shift 81
	ENUM  shift 44
	UNION  shift 82
	TYPEOF  shift 37
	INT128  shift 35
	SIGNED  shift 34
	INLINE_KW  shift 80
	TYPENAME  shift 36
	.  error

	type_specifier  goto 78

state 23
	declaration_specifiers:  EXTERN.type_specifier 
	declaration_specifiers:  EXTERN.CONST type_specifier 
	declaration_specifiers:  EXTERN.INLINE_KW type_specifier 
	declaration_specifiers:  EXTERN.INLINE_KW CONST type_specifier 
	declaration_specifiers:  EXTERN.STRUCT ID '{' field_list '}' 
	declaration_specifiers:  EXTERN.STRUCT ATTR_PACKED ID '{' field_list '}' 
	declaration_specifiers:  EXTERN.STRUCT ID '{' field_list '}' ATTR_PACKED 
	declaration_specifiers:  EXTERN.CONST STRUCT ID '{' field_list '}' 
	declaration_specifiers:  EXTERN.CONST STRUCT ATTR_PACKED ID '{' field_list '}' 
	declaration_specifiers:  EXTERN.CONST STRUCT ID '{' field_list '}' ATTR_PACKED 

	INT  shift 26
	VOID  shift 27
	CONST  shift 84
	CHAR  shift 28
	LONG  shift 29
	UNSIGNED  shift 31
	SHORT  shift 30
	FLOAT  shift 32
	DOUBLE  shift 33
	STRUCT  shift 86
	ENUM  shift 44
	UNION  shift 87
	TYPEOF  shift 37
	INT128  shift 35
	SIGNED  shift 34
	INLINE_KW  shift 85
	TYPENAME  shift 36
	.  error

	type_specifier  goto 83

state 24
	declaration_specifiers:  INLINE_KW.type_specifier 
	declaration_specifiers:  INLINE_KW.STATIC type_specifier 
	declaration_specifiers:  INLINE_KW.EXTERN type_specifier 
	declaration_specifiers:  INLINE_KW.CONST type_specifier 
	declaration_specifiers:  INLINE_KW.STATIC CONST type_specifier 

	INT  shift 26
	VOID  shift 27
	CONST  shift 91
	CHAR  shift 28
	EXTERN  shift 90
	LONG  shift 29
	UNSIGNED  shift 31
	SHORT  shift 30
	FLOAT  shift 32
	DOUBLE  shift 33
	STRUCT  shift 92
	ENUM  shift 44
	UNION  shift 87
	STATIC  shift 89
	TYPEOF  shift 37
	INT128  shift 35
	SIGNED  shift 34
	TYPENAME  shift 36
	.  error

	type_specifier  goto 88

state 25
	declaration_specifiers:  CONST.type_specifier 
	declaration_specifiers:  CONST.STRUCT ID '{' field_list '}' 
	declaration_specifiers:  CONST.STRUCT ATTR_PACKED ID '{' field_list '}' 
	declaration_specifiers:  CONST.STRUCT ID '{' field_list '}' ATTR_PACKED 
	declaration_specifiers:  CONST.STRUCT '{' field_list '}' 
	declaration_specifiers:  CONST.STRUCT ATTR_PACKED '{' field_list '}' 
	declaration_specifiers:  CONST.STRUCT '{' field_list '}' ATTR_PACKED 
	declaration_specifiers:  CONST.UNION '{' field_list '}' 

	INT  shift 26
	VOID  shift 27
	CHAR  shift 28
	LONG  shift 29
	UNSIGNED  shift 31
	SHORT  shift 30
	FLOAT  shift 32
	DOUBLE  shift 33
	STRUCT  shift 94
	ENUM  shift 44
	UNION  shift 95
	TYPEOF  shift 37
	INT128  shift 35
	SIGNED  shift 34
	TYPENAME  shift 36
	.  error

	type_specifier  goto 93

state 26
	type_specifier:  INT.    (60)

	.  reduce 60 (src line 273)


state 27
	type_specifier:  VOID.    (61)

	.  reduce 61 (src line 275)


state 28
	type_specifier:  CHAR.    (62)

	.  reduce 62 (src line 276)


state 29
	type_specifier:  LONG.    (63)
	type_specifier:  LONG.LONG 
	type_specifier:  LONG.INT 
	type_specifier:  LONG.LONG INT 
	type_specifier:  LONG.UNSIGNED 
	type_specifier:  LONG.UNSIGNED INT 
	type_specifier:  LONG.LONG UNSIGNED 
	type_specifier:  LONG.LONG UNSIGNED INT 
	type_specifier:  LONG.SIGNED 
	type_specifier:  LONG.SIGNED INT 
	type_specifier:  LONG.LONG SIGNED 
	type_specifier:  LONG.LONG SIGNED INT 
	type_specifier:  LONG.DOUBLE 

	INT  shift 97
	LONG  shift 96
	UNSIGNED  shift 98
	DOUBLE  shift 100
	SIGNED  shift 99
	.  reduce 63 (src line 277)


state 30
	type_specifier:  SHORT.    (67)
	type_specifier:  SHORT.INT 
	type_specifier:  SHORT.UNSIGNED 
	type_specifier:  SHORT.UNSIGNED INT 

	INT  shift 101
	UNSIGNED  shift 102
	.  reduce 67 (src line 281)


state 31
	type_specifier:  UNSIGNED.    (69)
	type_specifier:  UNSIGNED.INT 
	type_specifier:  UNSIGNED.LONG 
	type_specifier:  UNSIGNED.LONG LONG 
	type_specifier:  UNSIGNED.LONG INT 
	type_specifier:  UNSIGNED.LONG LONG INT 
	type_specifier:  UNSIGNED.CHAR 
	type_specifier:  UNSIGNED.SHORT 
	type_specifier:  UNSIGNED.SHORT INT 
	type_specifier:  UNSIGNED.INT128 

	INT  shift 103
	CHAR  shift 105
	LONG  shift 104
	SHORT  shift 106
	INT128  shift 107
	.  reduce 69 (src line 283)


state 32
	type_specifier:  FLOAT.    (88)

	.  reduce 88 (src line 302)


state 33
	type_specifier:  DOUBLE.    (89)

	.  reduce 89 (src line 303)


state 34
	type_specifier:  SIGNED.    (91)
	type_specifier:  SIGNED.INT 
	type_specifier:  SIGNED.CHAR 
	type_specifier:  SIGNED.SHORT 
	type_specifier:  SIGNED.SHORT INT 
	type_specifier:  SIGNED.LONG 
	type_specifier:  SIGNED.LONG INT 
	type_specifier:  SIGNED.LONG LONG 
	type_specifier:  SIGNED.LONG LONG INT 
	type_specifier:  SIGNED.INT128 

	INT  shift 108
	CHAR  shift 109
	LONG  shift 111
	SHORT  shift 110
	INT128  shift 112
	.  reduce 91 (src line 305)


state 35
	type_specifier:  INT128.    (100)
	type_specifier:  INT128.UNSIGNED 

	UNSIGNED  shift 113
	.  reduce 100 (src line 314)


state 36
	type_specifier:  TYPENAME.    (104)

	.  reduce 104 (src line 318)


state 37
	type_specifier:  TYPEOF.'(' expression ')' 
	type_specifier:  TYPEOF.'(' type_specifier ')' 
	type_specifier:  TYPEOF.'(' STRUCT ID ')' 

	'('  shift 114
	.  error


state 38
	declaration_list:  declaration_list declaration.    (3)

	.  reduce 3 (src line 102)


state 39
	declaration_list:  declaration_list ';'.    (4)

	.  reduce 4 (src line 105)


state 40
	declaration:  ALIGNAS_SPEC var_declaration.    (8)

	.  reduce 8 (src line 116)


state 41
	var_declaration:  declaration_specifiers.gd_init_declarator_list ';' 
	declaration_specifiers:  declaration_specifiers.INLINE_KW 

	ID  shift 116
	INLINE_KW  shift 63
	'('  shift 118
	'*'  shift 67
	.  error

	gd_declarator  goto 68
	gd_init_declarator  goto 66
	gd_init_declarator_list  goto 115
	gd_pointer  goto 117

state 42
	type_specifier:  STRUCT.ID 
	declaration_specifiers:  STRUCT.ID '{' field_list '}' 
	declaration_specifiers:  STRUCT.ATTR_PACKED ID '{' field_list '}' 
	declaration_specifiers:  STRUCT.ID ATTR_PACKED '{' field_list '}' 
	declaration_specifiers:  STRUCT.ID '{' field_list '}' ATTR_PACKED 
	declaration_specifiers:  STRUCT.'{' field_list '}' 
	declaration_specifiers:  STRUCT.ATTR_PACKED '{' field_list '}' 
	declaration_specifiers:  STRUCT.'{' field_list '}' ATTR_PACKED 

	ID  shift 119
	ATTR_PACKED  shift 120
	'{'  shift 48
	.  error


state 43
	type_specifier:  UNION.ID 
	declaration_specifiers:  UNION.'{' field_list '}' 
	declaration_specifiers:  UNION.ATTR_PACKED '{' field_list '}' 
	declaration_specifiers:  UNION.'{' field_list '}' ATTR_PACKED 

	ID  shift 121
	ATTR_PACKED  shift 122
	'{'  shift 51
	.  error


state 44
	type_specifier:  ENUM.ID 

	ID  shift 123
	.  error


45: shift/reduce conflict (shift 127(0), red'n 108(0)) on ATTR_ALIGNED
state 45
	declaration:  STRUCT ID.';' 
	type_specifier:  STRUCT ID.    (108)
	struct_declaration:  STRUCT ID.'{' field_list '}' ';' 
	struct_declaration:  STRUCT ID.ATTR_PACKED '{' field_list '}' ';' 
	struct_declaration:  STRUCT ID.'{' field_list '}' ATTR_PACKED ';' 
	struct_declaration:  STRUCT ID.ATTR_ALIGNED '{' field_list '}' ';' 
	declaration_specifiers:  STRUCT ID.'{' field_list '}' 
	declaration_specifiers:  STRUCT ID.ATTR_PACKED '{' field_list '}' 
	declaration_specifiers:  STRUCT ID.'{' field_list '}' ATTR_PACKED 

	ATTR_PACKED  shift 126
	ATTR_ALIGNED  shift 127
	';'  shift 124
	'{'  shift 125
	.  reduce 108 (src line 326)


state 46
	struct_declaration:  STRUCT ATTR_PACKED.ID '{' field_list '}' ';' 
	declaration_specifiers:  STRUCT ATTR_PACKED.ID '{' field_list '}' 
	declaration_specifiers:  STRUCT ATTR_PACKED.'{' field_list '}' 

	ID  shift 128
	'{'  shift 129
	.  error


state 47
	struct_declaration:  STRUCT ATTR_ALIGNED.ID '{' field_list '}' ';' 

	ID  shift 130
	.  error


state 48
	declaration_specifiers:  STRUCT '{'.field_list '}' 
	declaration_specifiers:  STRUCT '{'.field_list '}' ATTR_PACKED 

	INT  shift 26
	VOID  shift 27
	CONST  shift 137
	CHAR  shift 28
	LONG  shift 29
	UNSIGNED  shift 31
	SHORT  shift 30
	FLOAT  shift 32
	DOUBLE  shift 33
	STRUCT  shift 136
	ENUM  shift 44
	UNION  shift 138
	TYPEOF  shift 37
	INT128  shift 35
	SIGNED  shift 34
	ALIGNAS_SPEC  shift 135
	STATIC_ASSERT  shift 133
	TYPENAME  shift 36
	.  error

	field_list  goto 131
	field  goto 132
	type_specifier  goto 134

state 49
	declaration:  UNION ID.';' 
	type_specifier:  UNION ID.    (109)
	union_declaration:  UNION ID.'{' field_list '}' ';' 
	union_declaration:  UNION ID.ATTR_PACKED '{' field_list '}' ';' 
	union_declaration:  UNION ID.'{' field_list '}' ATTR_PACKED ';' 

	ATTR_PACKED  shift 141
	';'  shift 139
	'{'  shift 140
	.  reduce 109 (src line 328)


state 50
	union_declaration:  UNION ATTR_PACKED.ID '{' field_list '}' ';' 
	declaration_specifiers:  UNION ATTR_PACKED.'{' field_list '}' 

	ID  shift 142
	'{'  shift 143
	.  error


state 51
	declaration_specifiers:  UNION '{'.field_list '}' 
	declaration_specifiers:  UNION '{'.field_list '}' ATTR_PACKED 

	INT  shift 26
	VOID  shift 27
	CONST  shift 137
	CHAR  shift 28
	LONG  shift 29
	UNSIGNED  shift 31
	SHORT  shift 30
	FLOAT  shift 32
	DOUBLE  shift 33
	STRUCT  shift 136
	ENUM  shift 44
	UNION  shift 138
	TYPEOF  shift 37
	INT128  shift 35
	SIGNED  shift 34
	ALIGNAS_SPEC  shift 135
	STATIC_ASSERT  shift 133
	TYPENAME  shift 36
	.  error

	field_list  goto 144
	field  goto 132
	type_specifier  goto 134

state 52
	declaration:  ENUM ID.';' 
	type_specifier:  ENUM ID.    (110)
	enum_declaration:  ENUM ID.'{' enum_list '}' ';' 

	';'  shift 145
	'{'  shift 146
	.  reduce 110 (src line 330)


state 53
	enum_declaration:  ENUM '{'.enum_list '}' ';' 

	ID  shift 149
	.  error

	enum_list  goto 147
	enum_member  goto 148

state 54
	declaration:  ASM_KW '('.args ')' ';' 
	args: .    (449)

	NUM  shift 168
	CHAR_LIT  shift 170
	FNUM  shift 169
	ID  shift 161
	STRING_LIT  shift 159
	SIZEOF  shift 178
	VA_ARG  shift 181
	ALIGNOF  shift 179
	GENERIC  shift 180
	INC  shift 174
	DEC  shift 175
	ANDAND  shift 177
	'('  shift 154
	'*'  shift 155
	'&'  shift 176
	'-'  shift 171
	'!'  shift 172
	'~'  shift 173
	.  reduce 449 (src line 1293)

	postfix_expr  goto 153
	expression  goto 152
	var  goto 157
	simple_expression  goto 156
	ternary_expression  goto 160
	logical_expression  goto 162
	comparison_expression  goto 163
	bitwise_expression  goto 164
	additive_expression  goto 165
	term  goto 166
	factor  goto 167
	call  goto 158
	args  goto 150
	arg_list  goto 151

state 55
	declaration:  ASM_KW ';'.    (17)

	.  reduce 17 (src line 128)


state 56
	declaration:  STATIC_ASSERT '('.const_int_expr ',' STRING_LIT ')' ';' 
	declaration:  STATIC_ASSERT '('.const_int_expr ')' ';' 

	NUM  shift 194
	ID  shift 198
	SIZEOF  shift 196
	ALIGNOF  shift 197
	'('  shift 195
	'&'  shift 199
	'-'  shift 192
	'!'  shift 193
	.  error

	const_int_expr  goto 182
	const_int_ternary  goto 183
	const_int_or  goto 184
	const_int_and  goto 185
	const_int_cmp  goto 186
	const_int_shift  goto 187
	const_int_add  goto 188
	const_int_mul  goto 189
	const_int_unary  goto 190
	const_int_primary  goto 191

state 57
	declaration:  declaration_specifiers gd_fun_declarator.compound_stmt 
	declaration:  declaration_specifiers gd_fun_declarator.';' 
	declaration:  declaration_specifiers gd_fun_declarator.',' gd_fun_declarator ';' 
	declaration:  declaration_specifiers gd_fun_declarator.ATTR_WEAK compound_stmt 
	declaration:  declaration_specifiers gd_fun_declarator.ATTR_WEAK ';' 
	declaration:  declaration_specifiers gd_fun_declarator.ATTR_SECTION ';' 
	declaration:  declaration_specifiers gd_fun_declarator.ATTR_ALIGNED ';' 
	declaration:  declaration_specifiers gd_fun_declarator.ATTR_ALIAS ';' 

	ATTR_WEAK  shift 203
	ATTR_ALIGNED  shift 205
	ATTR_SECTION  shift 204
	ATTR_ALIAS  shift 206
	';'  shift 201
	','  shift 202
	'{'  shift 207
	.  error

	compound_stmt  goto 200

state 58
	declaration:  declaration_specifiers ATTR_WEAK.gd_fun_declarator compound_stmt 
	declaration:  declaration_specifiers ATTR_WEAK.gd_fun_declarator ';' 

	ID  shift 209
	'('  shift 211
	'*'  shift 67
	.  error

	gd_pointer  goto 210
	gd_fun_declarator  goto 208

state 59
	declaration:  declaration_specifiers ATTR_SECTION.gd_init_declarator_list ';' 
	declaration:  declaration_specifiers ATTR_SECTION.gd_fun_declarator compound_stmt 
	declaration:  declaration_specifiers ATTR_SECTION.gd_fun_declarator ';' 

	ID  shift 64
	'('  shift 214
	'*'  shift 67
	.  error

	gd_declarator  goto 68
	gd_init_declarator  goto 66
	gd_init_declarator_list  goto 212
	gd_pointer  goto 65
	gd_fun_declarator  goto 213

state 60
	declaration:  declaration_specifiers ATTR_ALIGNED.gd_init_declarator_list ';' 

	ID  shift 116
	'('  shift 118
	'*'  shift 67
	.  error

	gd_declarator  goto 68
	gd_init_declarator  goto 66
	gd_init_declarator_list  goto 215
	gd_pointer  goto 117

state 61
	declaration:  declaration_specifiers gd_init_declarator_list.ATTR_ALIAS ';' 
	var_declaration:  declaration_specifiers gd_init_declarator_list.';' 
	gd_init_declarator_list:  gd_init_declarator_list.',' gd_init_declarator 

	ATTR_ALIAS  shift 216
	';'  shift 217
	','  shift 218
	.  error


state 62
	declaration:  declaration_specifiers '('.'*' ID '[' ']' ')' '(' fp_param_types ')' ';' 
	declaration:  declaration_specifiers '('.'*' ID '[' ']' ')' '(' fp_param_types ')' ATTR_WEAK ';' 
	gd_declarator:  '('.'*' ID ')' '(' fp_param_types ')' 
	gd_declarator:  '('.'*' '*' ID ')' '(' fp_param_types ')' 
	gd_declarator:  '('.'*' ID '[' const_int_expr ']' ')' '(' fp_param_types ')' 
	gd_declarator:  '('.'*' '(' ID '[' const_int_expr ']' ')' ')' '(' fp_param_types ')' 
	gd_fun_declarator:  '('.ID ')' '(' params ')' 
	gd_fun_declarator:  '('.ID ')' '(' param_list ',' ELLIPSIS ')' 

	ID  shift 220
	'*'  shift 219
	.  error


state 63
	declaration_specifiers:  declaration_specifiers INLINE_KW.    (722)

	.  reduce 722 (src line 2077)


state 64
	gd_declarator:  ID.    (765)
	gd_declarator:  ID.'[' const_int_expr ']' 
	gd_declarator:  ID.'[' ']' 
	gd_declarator:  ID.'[' const_int_expr ']' '[' const_int_expr ']' 
	gd_declarator:  ID.'[' ']' '[' const_int_expr ']' 
	gd_declarator:  ID.'[' ID ']' 
	gd_fun_declarator:  ID.'(' params ')' 
	gd_fun_declarator:  ID.'(' param_list ',' ELLIPSIS ')' 

	'('  shift 222
	'['  shift 221
	.  reduce 765 (src line 2226)


state 65
	gd_declarator:  gd_pointer.ID 
	gd_declarator:  gd_pointer.CONST ID 
	gd_declarator:  gd_pointer.ID '[' const_int_expr ']' 
	gd_declarator:  gd_pointer.ID '[' ']' 
	gd_declarator:  gd_pointer.CONST ID '[' const_int_expr ']' 
	gd_declarator:  gd_pointer.CONST ID '[' ']' 
	gd_fun_declarator:  gd_pointer.ID '(' params ')' 
	gd_fun_declarator:  gd_pointer.ID '(' param_list ',' ELLIPSIS ')' 
	gd_fun_declarator:  gd_pointer.'(' ID ')' '(' params ')' 
	gd_fun_declarator:  gd_pointer.'(' ID ')' '(' param_list ',' ELLIPSIS ')' 
	gd_fun_declarator:  gd_pointer.CONST ID '(' params ')' 
	gd_fun_declarator:  gd_pointer.CONST ID '(' param_list ',' ELLIPSIS ')' 

	ID  shift 223
	CONST  shift 224
	'('  shift 225
	.  error


state 66
	gd_init_declarator_list:  gd_init_declarator.    (786)

	.  reduce 786 (src line 2276)


67: shift/reduce conflict (shift 226(0), red'n 761(0)) on CONST
state 67
	gd_pointer:  '*'.    (761)
	gd_pointer:  '*'.CONST 
	gd_pointer:  '*'.gd_pointer 
	gd_pointer:  '*'.CONST gd_pointer 

	CONST  shift 226
	'*'  shift 67
	.  reduce 761 (src line 2215)

	gd_pointer  goto 227

state 68
	gd_init_declarator:  gd_declarator.    (781)
	gd_init_declarator:  gd_declarator.'=' expression 
	gd_init_declarator:  gd_declarator.'=' '{' init_list '}' 
	gd_init_declarator:  gd_declarator.'=' '{' init_list ',' '}' 
	gd_init_declarator:  gd_declarator.'=' '{' '}' 

	'='  shift 228
	.  reduce 781 (src line 2263)


state 69
	declaration:  ATTR_WEAK declaration_specifiers.gd_fun_declarator compound_stmt 
	declaration:  ATTR_WEAK declaration_specifiers.gd_fun_declarator ';' 
	declaration:  ATTR_WEAK declaration_specifiers.gd_init_declarator_list ';' 
	declaration_specifiers:  declaration_specifiers.INLINE_KW 

	ID  shift 64
	INLINE_KW  shift 63
	'('  shift 214
	'*'  shift 67
	.  error

	gd_declarator  goto 68
	gd_init_declarator  goto 66
	gd_init_declarator_list  goto 230
	gd_pointer  goto 65
	gd_fun_declarator  goto 229

state 70
	declaration:  ATTR_SECTION declaration_specifiers.gd_fun_declarator compound_stmt 
	declaration:  ATTR_SECTION declaration_specifiers.gd_fun_declarator ';' 
	declaration:  ATTR_SECTION declaration_specifiers.gd_init_declarator_list ';' 
	declaration_specifiers:  declaration_specifiers.INLINE_KW 

	ID  shift 64
	INLINE_KW  shift 63
	'('  shift 214
	'*'  shift 67
	.  error

	gd_declarator  goto 68
	gd_init_declarator  goto 66
	gd_init_declarator_list  goto 232
	gd_pointer  goto 65
	gd_fun_declarator  goto 231

state 71
	declaration:  ATTR_ALIGNED declaration_specifiers.gd_fun_declarator compound_stmt 
	declaration:  ATTR_ALIGNED declaration_specifiers.gd_fun_declarator ';' 
	declaration:  ATTR_ALIGNED declaration_specifiers.gd_init_declarator_list ';' 
	declaration_specifiers:  declaration_specifiers.INLINE_KW 

	ID  shift 64
	INLINE_KW  shift 63
	'('  shift 214
	'*'  shift 67
	.  error

	gd_declarator  goto 68
	gd_init_declarator  goto 66
	gd_init_declarator_list  goto 234
	gd_pointer  goto 65
	gd_fun_declarator  goto 233

state 72
	typedef_declaration:  TYPEDEF type_specifier.ID ';' 
	typedef_declaration:  TYPEDEF type_specifier.TYPENAME ';' 
	typedef_declaration:  TYPEDEF type_specifier.'*' ID ';' 
	typedef_declaration:  TYPEDEF type_specifier.'*' TYPENAME ';' 
	typedef_declaration:  TYPEDEF type_specifier.'*' '*' ID ';' 
	typedef_declaration:  TYPEDEF type_specifier.'*' '*' TYPENAME ';' 
	typedef_declaration:  TYPEDEF type_specifier.'(' '*' ID ')' '(' fp_param_types ')' ';' 
	typedef_declaration:  TYPEDEF type_specifier.'(' ID ')' '(' fp_param_types ')' ';' 
	typedef_declaration:  TYPEDEF type_specifier.'*' '(' '*' ID ')' '(' fp_param_types ')' ';' 
	typedef_declaration:  TYPEDEF type_specifier.ID '(' fp_param_types ')' ';' 
	typedef_declaration:  TYPEDEF type_specifier.ID '[' const_int_expr ']' ';' 
	typedef_declaration:  TYPEDEF type_specifier.TYPENAME '[' const_int_expr ']' ';' 

	ID  shift 235
	TYPENAME  shift 236
	'('  shift 238
	'*'  shift 237
	.  error


state 73
	typedef_declaration:  TYPEDEF CONST.type_specifier ID ';' 
	typedef_declaration:  TYPEDEF CONST.type_specifier TYPENAME ';' 
	typedef_declaration:  TYPEDEF CONST.type_specifier '*' ID ';' 
	typedef_declaration:  TYPEDEF CONST.type_specifier '*' TYPENAME ';' 
	typedef_declaration:  TYPEDEF CONST.type_specifier '*' '*' ID ';' 
	typedef_declaration:  TYPEDEF CONST.type_specifier '*' '*' TYPENAME ';' 
	typedef_declaration:  TYPEDEF CONST.type_specifier '*' '(' '*' ID ')' '(' fp_param_types ')' ';' 
	typedef_declaration:  TYPEDEF CONST.type_specifier '(' '*' ID ')' '(' fp_param_types ')' ';' 

	INT  shift 26
	VOID  shift 27
	CHAR  shift 28
	LONG  shift 29
	UNSIGNED  shift 31
	SHORT  shift 30
	FLOAT  shift 32
	DOUBLE  shift 33
	STRUCT  shift 92
	ENUM  shift 44
	UNION  shift 87
	TYPEOF  shift 37
	INT128  shift 35
	SIGNED  shift 34
	TYPENAME  shift 36
	.  error

	type_specifier  goto 239

state 74
	type_specifier:  STRUCT.ID 
	typedef_declaration:  TYPEDEF STRUCT.ID ID ';' 
	typedef_declaration:  TYPEDEF STRUCT.ID TYPENAME ';' 
	typedef_declaration:  TYPEDEF STRUCT.ID '*' ID ';' 
	typedef_declaration:  TYPEDEF STRUCT.ID '*' TYPENAME ';' 
	typedef_declaration:  TYPEDEF STRUCT.'{' field_list '}' ID ';' 
	typedef_declaration:  TYPEDEF STRUCT.'{' field_list '}' ID '[' const_int_expr ']' ';' 
	typedef_declaration:  TYPEDEF STRUCT.ATTR_PACKED '{' field_list '}' ID ';' 
	typedef_declaration:  TYPEDEF STRUCT.'{' field_list '}' ATTR_PACKED ID ';' 
	typedef_declaration:  TYPEDEF STRUCT.ID '{' field_list '}' ID ';' 
	typedef_declaration:  TYPEDEF STRUCT.ATTR_PACKED ID '{' field_list '}' ID ';' 
	typedef_declaration:  TYPEDEF STRUCT.ID ATTR_PACKED '{' field_list '}' ID ';' 
	typedef_declaration:  TYPEDEF STRUCT.ID '{' field_list '}' ATTR_PACKED ID ';' 
	typedef_declaration:  TYPEDEF STRUCT.ID '{' field_list '}' ';' 
	typedef_declaration:  TYPEDEF STRUCT.ATTR_PACKED ID '{' field_list '}' ';' 
	typedef_declaration:  TYPEDEF STRUCT.ID ATTR_PACKED '{' field_list '}' ';' 
	typedef_declaration:  TYPEDEF STRUCT.ID '{' field_list '}' ATTR_PACKED ';' 
	typedef_declaration:  TYPEDEF STRUCT.ID ID '[' const_int_expr ']' ';' 
	typedef_declaration:  TYPEDEF STRUCT.ID TYPENAME '[' const_int_expr ']' ';' 

	ID  shift 240
	ATTR_PACKED  shift 242
	'{'  shift 241
	.  error


state 75
	typedef_declaration:  TYPEDEF ID.ID ';' 
	typedef_declaration:  TYPEDEF ID.TYPENAME ';' 
	typedef_declaration:  TYPEDEF ID.'*' ID ';' 

	ID  shift 243
	TYPENAME  shift 244
	'*'  shift 245
	.  error


state 76
	type_specifier:  UNION.ID 
	typedef_declaration:  TYPEDEF UNION.'{' field_list '}' ID ';' 
	typedef_declaration:  TYPEDEF UNION.ATTR_PACKED '{' field_list '}' ID ';' 
	typedef_declaration:  TYPEDEF UNION.'{' field_list '}' ATTR_PACKED ID ';' 
	typedef_declaration:  TYPEDEF UNION.ID '{' field_list '}' ID ';' 
	typedef_declaration:  TYPEDEF UNION.ATTR_PACKED ID '{' field_list '}' ID ';' 
	typedef_declaration:  TYPEDEF UNION.ID ATTR_PACKED '{' field_list '}' ID ';' 
	typedef_declaration:  TYPEDEF UNION.ID '{' field_list '}' ATTR_PACKED ID ';' 
	typedef_declaration:  TYPEDEF UNION.ID '{' field_list '}' ';' 
	typedef_declaration:  TYPEDEF UNION.ATTR_PACKED ID '{' field_list '}' ';' 
	typedef_declaration:  TYPEDEF UNION.ID ATTR_PACKED '{' field_list '}' ';' 
	typedef_declaration:  TYPEDEF UNION.ID '{' field_list '}' ATTR_PACKED ';' 

	ID  shift 246
	ATTR_PACKED  shift 248
	'{'  shift 247
	.  error


state 77
	type_specifier:  ENUM.ID 
	typedef_declaration:  TYPEDEF ENUM.ID '{' enum_list '}' ID ';' 
	typedef_declaration:  TYPEDEF ENUM.'{' enum_list '}' ID ';' 

	ID  shift 249
	'{'  shift 250
	.  error


state 78
	declaration_specifiers:  STATIC type_specifier.    (709)

	.  reduce 709 (src line 2049)


state 79
	declaration_specifiers:  STATIC CONST.type_specifier 
	declaration_specifiers:  STATIC CONST.STRUCT ID '{' field_list '}' 
	declaration_specifiers:  STATIC CONST.STRUCT ATTR_PACKED ID '{' field_list '}' 
	declaration_specifiers:  STATIC CONST.STRUCT ID '{' field_list '}' ATTR_PACKED 
	declaration_specifiers:  STATIC CONST.STRUCT '{' field_list '}' 
	declaration_specifiers:  STATIC CONST.STRUCT ATTR_PACKED '{' field_list '}' 
	declaration_specifiers:  STATIC CONST.STRUCT '{' field_list '}' ATTR_PACKED 
	declaration_specifiers:  STATIC CONST.UNION '{' field_list '}' 

	INT  shift 26
	VOID  shift 27
	CHAR  shift 28
	LONG  shift 29
	UNSIGNED  shift 31
	SHORT  shift 30
	FLOAT  shift 32
	DOUBLE  shift 33
	STRUCT  shift 252
	ENUM  shift 44
	UNION  shift 253
	TYPEOF  shift 37
	INT128  shift 35
	SIGNED  shift 34
	TYPENAME  shift 36
	.  error

	type_specifier  goto 251

state 80
	declaration_specifiers:  STATIC INLINE_KW.type_specifier 
	declaration_specifiers:  STATIC INLINE_KW.CONST type_specifier 

	INT  shift 26
	VOID  shift 27
	CONST  shift 255
	CHAR  shift 28
	LONG  shift 29
	UNSIGNED  shift 31
	SHORT  shift 30
	FLOAT  shift 32
	DOUBLE  shift 33
	STRUCT  shift 92
	ENUM  shift 44
	UNION  shift 87
	TYPEOF  shift 37
	INT128  shift 35
	SIGNED  shift 34
	TYPENAME  shift 36
	.  error

	type_specifier  goto 254

state 81
	type_specifier:  STRUCT.ID 
	declaration_specifiers:  STATIC STRUCT.ID '{' field_list '}' 
	declaration_specifiers:  STATIC STRUCT.ATTR_PACKED ID '{' field_list '}' 
	declaration_specifiers:  STATIC STRUCT.ID '{' field_list '}' ATTR_PACKED 
	declaration_specifiers:  STATIC STRUCT.'{' field_list '}' 
	declaration_specifiers:  STATIC STRUCT.ATTR_PACKED '{' field_list '}' 
	declaration_specifiers:  STATIC STRUCT.'{' field_list '}' ATTR_PACKED 

	ID  shift 256
	ATTR_PACKED  shift 257
	'{'  shift 258
	.  error


state 82
	type_specifier:  UNION.ID 
	declaration_specifiers:  STATIC UNION.'{' field_list '}' 

	ID  shift 121
	'{'  shift 259
	.  error


state 83
	declaration_specifiers:  EXTERN type_specifier.    (710)

	.  reduce 710 (src line 2051)


state 84
	declaration_specifiers:  EXTERN CONST.type_specifier 
	declaration_specifiers:  EXTERN CONST.STRUCT ID '{' field_list '}' 
	declaration_specifiers:  EXTERN CONST.STRUCT ATTR_PACKED ID '{' field_list '}' 
	declaration_specifiers:  EXTERN CONST.STRUCT ID '{' field_list '}' ATTR_PACKED 

	INT  shift 26
	VOID  shift 27
	CHAR  shift 28
	LONG  shift 29
	UNSIGNED  shift 31
	SHORT  shift 30
	FLOAT  shift 32
	DOUBLE  shift 33
	STRUCT  shift 261
	ENUM  shift 44
	UNION  shift 87
	TYPEOF  shift 37
	INT128  shift 35
	SIGNED  shift 34
	TYPENAME  shift 36
	.  error

	type_specifier  goto 260

state 85
	declaration_specifiers:  EXTERN INLINE_KW.type_specifier 
	declaration_specifiers:  EXTERN INLINE_KW.CONST type_specifier 

	INT  shift 26
	VOID  shift 27
	CONST  shift 263
	CHAR  shift 28
	LONG  shift 29
	UNSIGNED  shift 31
	SHORT  shift 30
	FLOAT  shift 32
	DOUBLE  shift 33
	STRUCT  shift 92
	ENUM  shift 44
	UNION  shift 87
	TYPEOF  shift 37
	INT128  shift 35
	SIGNED  shift 34
	TYPENAME  shift 36
	.  error

	type_specifier  goto 262

state 86
	type_specifier:  STRUCT.ID 
	declaration_specifiers:  EXTERN STRUCT.ID '{' field_list '}' 
	declaration_specifiers:  EXTERN STRUCT.ATTR_PACKED ID '{' field_list '}' 
	declaration_specifiers:  EXTERN STRUCT.ID '{' field_list '}' ATTR_PACKED 

	ID  shift 264
	ATTR_PACKED  shift 265
	.  error


state 87
	type_specifier:  UNION.ID 

	ID  shift 121
	.  error


state 88
	declaration_specifiers:  INLINE_KW type_specifier.    (713)

	.  reduce 713 (src line 2058)


state 89
	declaration_specifiers:  INLINE_KW STATIC.type_specifier 
	declaration_specifiers:  INLINE_KW STATIC.CONST type_specifier 

	INT  shift 26
	VOID  shift 27
	CONST  shift 267
	CHAR  shift 28
	LONG  shift 29
	UNSIGNED  shift 31
	SHORT  shift 30
	FLOAT  shift 32
	DOUBLE  shift 33
	STRUCT  shift 92
	ENUM  shift 44
	UNION  shift 87
	TYPEOF  shift 37
	INT128  shift 35
	SIGNED  shift 34
	TYPENAME  shift 36
	.  error

	type_specifier  goto 266

state 90
	declaration_specifiers:  INLINE_KW EXTERN.type_specifier 

	INT  shift 26
	VOID  shift 27
	CHAR  shift 28
	LONG  shift 29
	UNSIGNED  shift 31
	SHORT  shift 30
	FLOAT  shift 32
	DOUBLE  shift 33
	STRUCT  shift 92
	ENUM  shift 44
	UNION  shift 87
	TYPEOF  shift 37
	INT128  shift 35
	SIGNED  shift 34
	TYPENAME  shift 36
	.  error

	type_specifier  goto 268

state 91
	declaration_specifiers:  INLINE_KW CONST.type_specifier 

	INT  shift 26
	VOID  shift 27
	CHAR  shift 28
	LONG  shift 29
	UNSIGNED  shift 31
	SHORT  shift 30
	FLOAT  shift 32
	DOUBLE  shift 33
	STRUCT  shift 92
	ENUM  shift 44
	UNION  shift 87
	TYPEOF  shift 37
	INT128  shift 35
	SIGNED  shift 34
	TYPENAME  shift 36
	.  error

	type_specifier  goto 269

state 92
	type_specifier:  STRUCT.ID 

	ID  shift 270
	.  error


state 93
	declaration_specifiers:  CONST type_specifier.    (723)

	.  reduce 723 (src line 2080)


state 94
	type_specifier:  STRUCT.ID 
	declaration_specifiers:  CONST STRUCT.ID '{' field_list '}' 
	declaration_specifiers:  CONST STRUCT.ATTR_PACKED ID '{' field_list '}' 
	declaration_specifiers:  CONST STRUCT.ID '{' field_list '}' ATTR_PACKED 
	declaration_specifiers:  CONST STRUCT.'{' field_list '}' 
	declaration_specifiers:  CONST STRUCT.ATTR_PACKED '{' field_list '}' 
	declaration_specifiers:  CONST STRUCT.'{' field_list '}' ATTR_PACKED 

	ID  shift 271
	ATTR_PACKED  shift 272
	'{'  shift 273
	.  error


state 95
	type_specifier:  UNION.ID 
	declaration_specifiers:  CONST UNION.'{' field_list '}' 

	ID  shift 121
	'{'  shift 274
	.  error


state 96
	type_specifier:  LONG LONG.    (64)
	type_specifier:  LONG LONG.INT 
	type_specifier:  LONG LONG.UNSIGNED 
	type_specifier:  LONG LONG.UNSIGNED INT 
	type_specifier:  LONG LONG.SIGNED 
	type_specifier:  LONG LONG.SIGNED INT 

	INT  shift 275
	UNSIGNED  shift 276
	SIGNED  shift 277
	.  reduce 64 (src line 278)


state 97
	type_specifier:  LONG INT.    (65)

	.  reduce 65 (src line 279)


state 98
	type_specifier:  LONG UNSIGNED.    (75)
	type_specifier:  LONG UNSIGNED.INT 

	INT  shift 278
	.  reduce 75 (src line 289)


state 99
	type_specifier:  LONG SIGNED.    (79)
	type_specifier:  LONG SIGNED.INT 

	INT  shift 279
	.  reduce 79 (src line 293)


state 100
	type_specifier:  LONG DOUBLE.    (90)

	.  reduce 90 (src line 304)


state 101
	type_specifier:  SHORT INT.    (68)

	.  reduce 68 (src line 282)


state 102
	type_specifier:  SHORT UNSIGNED.    (86)
	type_specifier:  SHORT UNSIGNED.INT 

	INT  shift 280
	.  reduce 86 (src line 300)


state 103
	type_specifier:  UNSIGNED INT.    (70)

	.  reduce 70 (src line 284)


state 104
	type_specifier:  UNSIGNED LONG.    (71)
	type_specifier:  UNSIGNED LONG.LONG 
	type_specifier:  UNSIGNED LONG.INT 
	type_specifier:  UNSIGNED LONG.LONG INT 

	INT  shift 282
	LONG  shift 281
	.  reduce 71 (src line 285)


state 105
	type_specifier:  UNSIGNED CHAR.    (83)

	.  reduce 83 (src line 297)


state 106
	type_specifier:  UNSIGNED SHORT.    (84)
	type_specifier:  UNSIGNED SHORT.INT 

	INT  shift 283
	.  reduce 84 (src line 298)


state 107
	type_specifier:  UNSIGNED INT128.    (101)

	.  reduce 101 (src line 315)


state 108
	type_specifier:  SIGNED INT.    (92)

	.  reduce 92 (src line 306)


state 109
	type_specifier:  SIGNED CHAR.    (93)

	.  reduce 93 (src line 307)


state 110
	type_specifier:  SIGNED SHORT.    (94)
	type_specifier:  SIGNED SHORT.INT 

	INT  shift 284
	.  reduce 94 (src line 308)


state 111
	type_specifier:  SIGNED LONG.    (96)
	type_specifier:  SIGNED LONG.INT 
	type_specifier:  SIGNED LONG.LONG 
	type_specifier:  SIGNED LONG.LONG INT 

	INT  shift 285
	LONG  shift 286
	.  reduce 96 (src line 310)


state 112
	type_specifier:  SIGNED INT128.    (103)

	.  reduce 103 (src line 317)


state 113
	type_specifier:  INT128 UNSIGNED.    (102)

	.  reduce 102 (src line 316)


state 114
	type_specifier:  TYPEOF '('.expression ')' 
	type_specifier:  TYPEOF '('.type_specifier ')' 
	type_specifier:  TYPEOF '('.STRUCT ID ')' 

	NUM  shift 168
	CHAR_LIT  shift 170
	FNUM  shift 169
	ID  shift 161
	STRING_LIT  shift 159
	INT  shift 26
	VOID  shift 27
	CHAR  shift 28
	LONG  shift 29
	UNSIGNED  shift 31
	SHORT  shift 30
	FLOAT  shift 32
	DOUBLE  shift 33
	STRUCT  shift 289
	SIZEOF  shift 178
	ENUM  shift 44
	UNION  shift 87
	VA_ARG  shift 181
	TYPEOF  shift 37
	INT128  shift 35
	SIGNED  shift 34
	ALIGNOF  shift 179
	GENERIC  shift 180
	TYPENAME  shift 36
	INC  shift 174
	DEC  shift 175
	ANDAND  shift 177
	'('  shift 154
	'*'  shift 155
	'&'  shift 176
	'-'  shift 171
	'!'  shift 172
	'~'  shift 173
	.  error

	postfix_expr  goto 153
	expression  goto 287
	var  goto 157
	simple_expression  goto 156
	ternary_expression  goto 160
	logical_expression  goto 162
	comparison_expression  goto 163
	bitwise_expression  goto 164
	additive_expression  goto 165
	term  goto 166
	factor  goto 167
	call  goto 158
	type_specifier  goto 288

state 115
	var_declaration:  declaration_specifiers gd_init_declarator_list.';' 
	gd_init_declarator_list:  gd_init_declarator_list.',' gd_init_declarator 

	';'  shift 217
	','  shift 218
	.  error


state 116
	gd_declarator:  ID.    (765)
	gd_declarator:  ID.'[' const_int_expr ']' 
	gd_declarator:  ID.'[' ']' 
	gd_declarator:  ID.'[' const_int_expr ']' '[' const_int_expr ']' 
	gd_declarator:  ID.'[' ']' '[' const_int_expr ']' 
	gd_declarator:  ID.'[' ID ']' 

	'['  shift 221
	.  reduce 765 (src line 2226)


state 117
	gd_declarator:  gd_pointer.ID 
	gd_declarator:  gd_pointer.CONST ID 
	gd_declarator:  gd_pointer.ID '[' const_int_expr ']' 
	gd_declarator:  gd_pointer.ID '[' ']' 
	gd_declarator:  gd_pointer.CONST ID '[' const_int_expr ']' 
	gd_declarator:  gd_pointer.CONST ID '[' ']' 

	ID  shift 290
	CONST  shift 291
	.  error


state 118
	gd_declarator:  '('.'*' ID ')' '(' fp_param_types ')' 
	gd_declarator:  '('.'*' '*' ID ')' '(' fp_param_types ')' 
	gd_declarator:  '('.'*' ID '[' const_int_expr ']' ')' '(' fp_param_types ')' 
	gd_declarator:  '('.'*' '(' ID '[' const_int_expr ']' ')' ')' '(' fp_param_types ')' 

	'*'  shift 292
	.  error


state 119
	type_specifier:  STRUCT ID.    (108)
	declaration_specifiers:  STRUCT ID.'{' field_list '}' 
	declaration_specifiers:  STRUCT ID.ATTR_PACKED '{' field_list '}' 
	declaration_specifiers:  STRUCT ID.'{' field_list '}' ATTR_PACKED 

	ATTR_PACKED  shift 294
	'{'  shift 293
	.  reduce 108 (src line 326)


state 120
	declaration_specifiers:  STRUCT ATTR_PACKED.ID '{' field_list '}' 
	declaration_specifiers:  STRUCT ATTR_PACKED.'{' field_list '}' 

	ID  shift 295
	'{'  shift 129
	.  error


state 121
	type_specifier:  UNION ID.    (109)

	.  reduce 109 (src line 328)


state 122
	declaration_specifiers:  UNION ATTR_PACKED.'{' field_list '}' 

	'{'  shift 143
	.  error


state 123
	type_specifier:  ENUM ID.    (110)

	.  reduce 110 (src line 330)


state 124
	declaration:  STRUCT ID ';'.    (9)

	.  reduce 9 (src line 119)


state 125
	struct_declaration:  STRUCT ID '{'.field_list '}' ';' 
	struct_declaration:  STRUCT ID '{'.field_list '}' ATTR_PACKED ';' 
	declaration_specifiers:  STRUCT ID '{'.field_list '}' 
	declaration_specifiers:  STRUCT ID '{'.field_list '}' ATTR_PACKED 

	INT  shift 26
	VOID  shift 27
	CONST  shift 137
	CHAR  shift 28
	LONG  shift 29
	UNSIGNED  shift 31
	SHORT  shift 30
	FLOAT  shift 32
	DOUBLE  shift 33
	STRUCT  shift 136
	ENUM  shift 44
	UNION  shift 138
	TYPEOF  shift 37
	INT128  shift 35
	SIGNED  shift 34
	ALIGNAS_SPEC  shift 135
	STATIC_ASSERT  shift 133
	TYPENAME  shift 36
	.  error

	field_list  goto 296
	field  goto 132
	type_specifier  goto 134

state 126
	struct_declaration:  STRUCT ID ATTR_PACKED.'{' field_list '}' ';' 
	declaration_specifiers:  STRUCT ID ATTR_PACKED.'{' field_list '}' 

	'{'  shift 297
	.  error


state 127
	struct_declaration:  STRUCT ID ATTR_ALIGNED.'{' field_list '}' ';' 

	'{'  shift 298
	.  error


state 128
	struct_declaration:  STRUCT ATTR_PACKED ID.'{' field_list '}' ';' 
	declaration_specifiers:  STRUCT ATTR_PACKED ID.'{' field_list '}' 

	'{'  shift 299
	.  error


state 129
	declaration_specifiers:  STRUCT ATTR_PACKED '{'.field_list '}' 

	INT  shift 26
	VOID  shift 27
	CONST  shift 137
	CHAR  shift 28
	LONG  shift 29
	UNSIGNED  shift 31
	SHORT  shift 30
	FLOAT  shift 32
	DOUBLE  shift 33
	STRUCT  shift 136
	ENUM  shift 44
	UNION  shift 138
	TYPEOF  shift 37
	INT128  shift 35
	SIGNED  shift 34
	ALIGNAS_SPEC  shift 135
	STATIC_ASSERT  shift 133
	TYPENAME  shift 36
	.  error

	field_list  goto 300
	field  goto 132
	type_specifier  goto 134

state 130
	struct_declaration:  STRUCT ATTR_ALIGNED ID.'{' field_list '}' ';' 

	'{'  shift 301
	.  error


state 131
	field_list:  field_list.field 
	field_list:  field_list.STATIC_ASSERT '(' const_int_expr ',' STRING_LIT ')' ';' 
	field_list:  field_list.STATIC_ASSERT '(' const_int_expr ')' ';' 
	declaration_specifiers:  STRUCT '{' field_list.'}' 
	declaration_specifiers:  STRUCT '{' field_list.'}' ATTR_PACKED 

	INT  shift 26
	VOID  shift 27
	CONST  shift 137
	CHAR  shift 28
	LONG  shift 29
	UNSIGNED  shift 31
	SHORT  shift 30
	FLOAT  shift 32
	DOUBLE  shift 33
	STRUCT  shift 136
	ENUM  shift 44
	UNION  shift 138
	TYPEOF  shift 37
	INT128  shift 35
	SIGNED  shift 34
	ALIGNAS_SPEC  shift 135
	STATIC_ASSERT  shift 303
	TYPENAME  shift 36
	'}'  shift 304
	.  error

	field  goto 302
	type_specifier  goto 134

state 132
	field_list:  field.    (605)

	.  reduce 605 (src line 1772)


state 133
	field_list:  STATIC_ASSERT.'(' const_int_expr ',' STRING_LIT ')' ';' 

	'('  shift 305
	.  error


state 134
	field:  type_specifier.ID ';' 
	field:  type_specifier.id_list ';' 
	field:  type_specifier.ID ':' const_int_expr ';' 
	field:  type_specifier.':' const_int_expr ';' 
	field:  type_specifier.ID '[' const_int_expr ']' ';' 
	field:  type_specifier.ID '[' const_int_expr ']' '[' const_int_expr ']' ';' 
	field:  type_specifier.ID '[' ']' ';' 
	field:  type_specifier.'*' ID ';' 
	field:  type_specifier.'*' ID ',' ptr_id_list ';' 
	field:  type_specifier.'*' '*' ID ';' 
	field:  type_specifier.'*' ID '[' const_int_expr ']' ';' 
	field:  type_specifier.'*' ID '[' const_int_expr ']' '[' const_int_expr ']' ';' 
	field:  type_specifier.'(' '*' ID ')' '(' fp_param_types ')' ';' 
	field:  type_specifier.'*' '(' '*' ID ')' '(' fp_param_types ')' ';' 
	field:  type_specifier.'(' '*' ID '[' const_int_expr ']' ')' '(' fp_param_types ')' ';' 

	ID  shift 306
	'('  shift 310
	'*'  shift 309
	':'  shift 308
	.  error

	id_list  goto 307

state 135
	field:  ALIGNAS_SPEC.type_specifier ID ';' 
	field:  ALIGNAS_SPEC.type_specifier ID '[' const_int_expr ']' ';' 

	INT  shift 26
	VOID  shift 27
	CHAR  shift 28
	LONG  shift 29
	UNSIGNED  shift 31
	SHORT  shift 30
	FLOAT  shift 32
	DOUBLE  shift 33
	STRUCT  shift 92
	ENUM  shift 44
	UNION  shift 87
	TYPEOF  shift 37
	INT128  shift 35
	SIGNED  shift 34
	TYPENAME  shift 36
	.  error

	type_specifier  goto 311

state 136
	type_specifier:  STRUCT.ID 
	field:  STRUCT.ID '*' ID '[' const_int_expr ']' ';' 
	field:  STRUCT.ID '*' ID ';' 
	field:  STRUCT.ID '*' ID ',' ptr_id_list ';' 
	field:  STRUCT.ID '*' CONST '*' ID ';' 
	field:  STRUCT.ID '*' '*' ID ';' 
	field:  STRUCT.ID ID ';' 
	field:  STRUCT.ID ID '[' const_int_expr ']' ';' 
	field:  STRUCT.'{' field_list '}' ';' 
	field:  STRUCT.'{' field_list '}' ID ';' 
	field:  STRUCT.ID '{' field_list '}' ';' 
	field:  STRUCT.ID '{' field_list '}' ID ';' 
	field:  STRUCT.ID '{' field_list '}' '*' ID ';' 
	field:  STRUCT.'{' field_list '}' ID '[' const_int_expr ']' ';' 

	ID  shift 312
	'{'  shift 313
	.  error


state 137
	field:  CONST.type_specifier ID ';' 
	field:  CONST.type_specifier '*' ID ';' 
	field:  CONST.type_specifier '*' '*' ID ';' 
	field:  CONST.type_specifier '*' ID '[' const_int_expr ']' ';' 
	field:  CONST.type_specifier '*' ID '[' ']' ';' 
	field:  CONST.type_specifier ID '[' const_int_expr ']' ';' 
	field:  CONST.type_specifier '*' '(' '*' ID ')' '(' fp_param_types ')' ';' 
	field:  CONST.STRUCT ID '{' field_list '}' '*' ID ';' 
	field:  CONST.type_specifier '(' '*' ID ')' '(' fp_param_types ')' ';' 

	INT  shift 26
	VOID  shift 27
	CHAR  shift 28
	LONG  shift 29
	UNSIGNED  shift 31
	SHORT  shift 30
	FLOAT  shift 32
	DOUBLE  shift 33
	STRUCT  shift 315
	ENUM  shift 44
	UNION  shift 87
	TYPEOF  shift 37
	INT128  shift 35
	SIGNED  shift 34
	TYPENAME  shift 36
	.  error

	type_specifier  goto 314

state 138
	type_specifier:  UNION.ID 
	field:  UNION.ID ID ';' 
	field:  UNION.ID '*' ID ';' 
	field:  UNION.'{' field_list '}' ';' 
	field:  UNION.'{' field_list '}' ID ';' 
	field:  UNION.ID '{' field_list '}' ID ';' 
	field:  UNION.ID '{' field_list '}' ';' 
	field:  UNION.'{' field_list '}' ID '[' const_int_expr ']' ';' 

	ID  shift 316
	'{'  shift 317
	.  error


state 139
	declaration:  UNION ID ';'.    (10)

	.  reduce 10 (src line 120)


state 140
	union_declaration:  UNION ID '{'.field_list '}' ';' 
	union_declaration:  UNION ID '{'.field_list '}' ATTR_PACKED ';' 

	INT  shift 26
	VOID  shift 27
	CONST  shift 137
	CHAR  shift 28
	LONG  shift 29
	UNSIGNED  shift 31
	SHORT  shift 30
	FLOAT  shift 32
	DOUBLE  shift 33
	STRUCT  shift 136
	ENUM  shift 44
	UNION  shift 138
	TYPEOF  shift 37
	INT128  shift 35
	SIGNED  shift 34
	ALIGNAS_SPEC  shift 135
	STATIC_ASSERT  shift 133
	TYPENAME  shift 36
	.  error

	field_list  goto 318
	field  goto 132
	type_specifier  goto 134

state 141
	union_declaration:  UNION ID ATTR_PACKED.'{' field_list '}' ';' 

	'{'  shift 319
	.  error


state 142
	union_declaration:  UNION ATTR_PACKED ID.'{' field_list '}' ';' 

	'{'  shift 320
	.  error


state 143
	declaration_specifiers:  UNION ATTR_PACKED '{'.field_list '}' 

	INT  shift 26
	VOID  shift 27
	CONST  shift 137
	CHAR  shift 28
	LONG  shift 29
	UNSIGNED  shift 31
	SHORT  shift 30
	FLOAT  shift 32
	DOUBLE  shift 33
	STRUCT  shift 136
	ENUM  shift 44
	UNION  shift 138
	TYPEOF  shift 37
	INT128  shift 35
	SIGNED  shift 34
	ALIGNAS_SPEC  shift 135
	STATIC_ASSERT  shift 133
	TYPENAME  shift 36
	.  error

	field_list  goto 321
	field  goto 132
	type_specifier  goto 134

state 144
	field_list:  field_list.field 
	field_list:  field_list.STATIC_ASSERT '(' const_int_expr ',' STRING_LIT ')' ';' 
	field_list:  field_list.STATIC_ASSERT '(' const_int_expr ')' ';' 
	declaration_specifiers:  UNION '{' field_list.'}' 
	declaration_specifiers:  UNION '{' field_list.'}' ATTR_PACKED 

	INT  shift 26
	VOID  shift 27
	CONST  shift 137
	CHAR  shift 28
	LONG  shift 29
	UNSIGNED  shift 31
	SHORT  shift 30
	FLOAT  shift 32
	DOUBLE  shift 33
	STRUCT  shift 136
	ENUM  shift 44
	UNION  shift 138
	TYPEOF  shift 37
	INT128  shift 35
	SIGNED  shift 34
	ALIGNAS_SPEC  shift 135
	STATIC_ASSERT  shift 303
	TYPENAME  shift 36
	'}'  shift 322
	.  error

	field  goto 302
	type_specifier  goto 134

state 145
	declaration:  ENUM ID ';'.    (11)

	.  reduce 11 (src line 121)


state 146
	enum_declaration:  ENUM ID '{'.enum_list '}' ';' 

	ID  shift 149
	.  error

	enum_list  goto 323
	enum_member  goto 148

state 147
	enum_declaration:  ENUM '{' enum_list.'}' ';' 
	enum_list:  enum_list.',' enum_member 
	enum_list:  enum_list.',' 

	','  shift 325
	'}'  shift 324
	.  error


state 148
	enum_list:  enum_member.    (466)

	.  reduce 466 (src line 1341)


state 149
	enum_member:  ID.    (467)
	enum_member:  ID.'=' const_int_expr 

	'='  shift 326
	.  reduce 467 (src line 1345)


state 150
	declaration:  ASM_KW '(' args.')' ';' 

	')'  shift 327
	.  error


state 151
	args:  arg_list.    (448)
	arg_list:  arg_list.',' expression 

	','  shift 328
	.  reduce 448 (src line 1291)


state 152
	arg_list:  expression.    (451)

	.  reduce 451 (src line 1299)


state 153
	postfix_expr:  postfix_expr.ARROW ID 
	postfix_expr:  postfix_expr.'.' ID 
	postfix_expr:  postfix_expr.INC 
	postfix_expr:  postfix_expr.DEC 
	postfix_expr:  postfix_expr.'[' expression ']' 
	postfix_expr:  postfix_expr.'[' expression ']' '(' args ')' 
	postfix_expr:  postfix_expr.ARROW ID '(' args ')' 
	postfix_expr:  postfix_expr.'.' ID '(' args ')' 
	expression:  postfix_expr.'=' expression 
	expression:  postfix_expr.PLUSEQ expression 
	expression:  postfix_expr.MINUSEQ expression 
	expression:  postfix_expr.STAREQ expression 
	expression:  postfix_expr.DIVEQ expression 
	expression:  postfix_expr.MODEQ expression 
	expression:  postfix_expr.ANDEQ expression 
	expression:  postfix_expr.OREQ expression 
	expression:  postfix_expr.XOREQ expression 
	expression:  postfix_expr.SHLEQ expression 
	expression:  postfix_expr.SHREQ expression 
	factor:  postfix_expr.    (371)

	INC  shift 331
	DEC  shift 332
	PLUSEQ  shift 335
	MINUSEQ  shift 336
	STAREQ  shift 337
	DIVEQ  shift 338
	MODEQ  shift 339
	ANDEQ  shift 340
	OREQ  shift 341
	XOREQ  shift 342
	SHLEQ  shift 343
	SHREQ  shift 344
	ARROW  shift 329
	'['  shift 333
	'.'  shift 330
	'='  shift 334
	.  reduce 371 (src line 1040)


state 154
	postfix_expr:  '('.expression ')' '.' ID 
	postfix_expr:  '('.expression ')' ARROW ID 
	postfix_expr:  '('.comma_expr_list ')' ARROW ID 
	postfix_expr:  '('.comma_expr_list ')' '.' ID 
	postfix_expr:  '('.expression ')' ARROW ID '(' args ')' 
	postfix_expr:  '('.expression ')' '.' ID '(' args ')' 
	postfix_expr:  '('.expression ')' '[' expression ']' 
	postfix_expr:  '('.expression ')' INC 
	postfix_expr:  '('.expression ')' DEC 
	postfix_expr:  '('.expression ')' '(' args ')' 
	expression:  '('.expression ')' '=' expression 
	expression:  '('.expression ')' PLUSEQ expression 
	expression:  '('.expression ')' MINUSEQ expression 
	expression:  '('.expression ')' STAREQ expression 
	expression:  '('.expression ')' ANDEQ expression 
	expression:  '('.expression ')' OREQ expression 
	expression:  '('.expression ')' XOREQ expression 
	expression:  '('.expression ')' SHLEQ expression 
	expression:  '('.expression ')' SHREQ expression 
	expression:  '('.expression ')' DIVEQ expression 
	expression:  '('.expression ')' MODEQ expression 
	factor:  '('.expression ')' 
	factor:  '('.comma_expr_list ')' 
	factor:  '('.type_specifier ')' factor 
	factor:  '('.type_specifier '*' ')' factor 
	factor:  '('.CONST type_specifier '*' ')' factor 
	factor:  '('.type_specifier '*' '*' ')' factor 
	factor:  '('.CONST type_specifier '*' '*' ')' factor 
	factor:  '('.STRUCT ID '*' ')' factor 
	factor:  '('.STRUCT ID ')' factor 
	factor:  '('.STRUCT '{' field_list '}' '*' ')' factor 
	factor:  '('.STRUCT '{' field_list '}' ')' factor 
	factor:  '('.type_specifier '(' '*' ')' '(' fp_param_types ')' ')' factor 
	factor:  '('.type_specifier '*' '(' '*' ')' '(' fp_param_types ')' ')' factor 
	factor:  '('.type_specifier '[' ']' ')' '{' init_list '}' 
	factor:  '('.type_specifier '[' ']' ')' '{' init_list ',' '}' 
	factor:  '('.type_specifier '[' const_int_expr ']' ')' '{' init_list '}' 
	factor:  '('.type_specifier '[' const_int_expr ']' ')' '{' init_list ',' '}' 
	factor:  '('.type_specifier ')' '{' init_list '}' 
	factor:  '('.type_specifier ')' '{' init_list ',' '}' 
	factor:  '('.type_specifier ')' '{' '}' 
	factor:  '('.type_specifier '*' ')' '{' init_list '}' 
	factor:  '('.type_specifier '*' ')' '{' init_list ',' '}' 
	factor:  '('.STRUCT ID ')' '{' init_list '}' 
	factor:  '('.STRUCT ID ')' '{' init_list ',' '}' 
	factor:  '('.STRUCT ID ')' '{' '}' 
	factor:  '('.UNION ID ')' '{' init_list '}' 
	factor:  '('.UNION ID ')' '{' init_list ',' '}' 
	factor:  '('.'{' block_item_list '}' ')' 

	NUM  shift 168
	CHAR_LIT  shift 170
	FNUM  shift 169
	ID  shift 161
	STRING_LIT  shift 159
	INT  shift 26
	VOID  shift 27
	CONST  shift 348
	CHAR  shift 28
	LONG  shift 29
	UNSIGNED  shift 31
	SHORT  shift 30
	FLOAT  shift 32
	DOUBLE  shift 33
	STRUCT  shift 349
	SIZEOF  shift 178
	ENUM  shift 44
	UNION  shift 350
	VA_ARG  shift 181
	TYPEOF  shift 37
	INT128  shift 35
	SIGNED  shift 34
	ALIGNOF  shift 179
	GENERIC  shift 180
	TYPENAME  shift 36
	INC  shift 174
	DEC  shift 175
	ANDAND  shift 177
	'('  shift 154
	'*'  shift 155
	'{'  shift 351
	'&'  shift 176
	'-'  shift 171
	'!'  shift 172
	'~'  shift 173
	.  error

	postfix_expr  goto 153
	expression  goto 345
	var  goto 157
	simple_expression  goto 156
	ternary_expression  goto 160
	logical_expression  goto 162
	comparison_expression  goto 163
	bitwise_expression  goto 164
	additive_expression  goto 165
	term  goto 166
	factor  goto 167
	call  goto 158
	comma_expr_list  goto 346
	type_specifier  goto 347

state 155
	expression:  '*'.factor '=' expression 
	expression:  '*'.factor PLUSEQ expression 
	expression:  '*'.factor MINUSEQ expression 
	expression:  '*'.factor STAREQ expression 
	expression:  '*'.factor SHREQ expression 
	expression:  '*'.factor SHLEQ expression 
	expression:  '*'.factor OREQ expression 
	expression:  '*'.factor ANDEQ expression 
	factor:  '*'.factor 

	NUM  shift 168
	CHAR_LIT  shift 170
	FNUM  shift 169
	ID  shift 161
	STRING_LIT  shift 159
	SIZEOF  shift 178
	VA_ARG  shift 181
	ALIGNOF  shift 179
	GENERIC  shift 180
	INC  shift 174
	DEC  shift 175
	ANDAND  shift 177
	'('  shift 353
	'*'  shift 355
	'&'  shift 176
	'-'  shift 171
	'!'  shift 172
	'~'  shift 173
	.  error

	postfix_expr  goto 354
	var  goto 157
	factor  goto 352
	call  goto 158

state 156
	expression:  simple_expression.    (335)

	.  reduce 335 (src line 945)


state 157
	postfix_expr:  var.    (282)
	postfix_expr:  var.'(' args ')' 

	'('  shift 356
	.  reduce 282 (src line 814)


state 158
	postfix_expr:  call.    (283)
	postfix_expr:  call.'(' args ')' 

	'('  shift 357
	.  reduce 283 (src line 817)


state 159
	postfix_expr:  STRING_LIT.'[' expression ']' 
	factor:  STRING_LIT.    (375)

	'['  shift 358
	.  reduce 375 (src line 1044)


state 160
	simple_expression:  ternary_expression.    (339)

	.  reduce 339 (src line 958)


161: shift/reduce conflict (shift 360(0), red'n 336(0)) on '('
161: shift/reduce conflict (shift 359(0), red'n 336(0)) on '['
state 161
	var:  ID.    (336)
	var:  ID.'[' expression ']' '[' expression ']' 
	var:  ID.'[' expression ']' 
	call:  ID.'(' args ')' 

	'('  shift 360
	'['  shift 359
	.  reduce 336 (src line 949)


state 162
	ternary_expression:  logical_expression.QUESTION ternary_expression ':' ternary_expression 
	ternary_expression:  logical_expression.    (341)
	logical_expression:  logical_expression.ANDAND comparison_expression 
	logical_expression:  logical_expression.OROR comparison_expression 

	ANDAND  shift 362
	OROR  shift 363
	QUESTION  shift 361
	.  reduce 341 (src line 966)


state 163
	logical_expression:  comparison_expression.    (344)

	.  reduce 344 (src line 975)


state 164
	comparison_expression:  bitwise_expression.relop bitwise_expression 
	comparison_expression:  bitwise_expression.    (346)
	bitwise_expression:  bitwise_expression.bitwiseop additive_expression 

	LE  shift 366
	GE  shift 369
	EQ  shift 370
	NE  shift 371
	LSHIFT  shift 375
	RSHIFT  shift 376
	'&'  shift 372
	'|'  shift 373
	'^'  shift 374
	'<'  shift 367
	'>'  shift 368
	.  reduce 346 (src line 982)

	relop  goto 364
	bitwiseop  goto 365

state 165
	bitwise_expression:  additive_expression.    (348)
	additive_expression:  additive_expression.addop term 

	'+'  shift 378
	'-'  shift 379
	.  reduce 348 (src line 989)

	addop  goto 377

state 166
	additive_expression:  term.    (361)
	term:  term.mulop factor 

	'*'  shift 381
	'/'  shift 382
	'%'  shift 383
	.  reduce 361 (src line 1013)

	mulop  goto 380

state 167
	term:  factor.    (365)

	.  reduce 365 (src line 1025)


state 168
	factor:  NUM.    (372)

	.  reduce 372 (src line 1041)


state 169
	factor:  FNUM.    (373)

	.  reduce 373 (src line 1042)


state 170
	factor:  CHAR_LIT.    (374)

	.  reduce 374 (src line 1043)


state 171
	factor:  '-'.factor 

	NUM  shift 168
	CHAR_LIT  shift 170
	FNUM  shift 169
	ID  shift 161
	STRING_LIT  shift 159
	SIZEOF  shift 178
	VA_ARG  shift 181
	ALIGNOF  shift 179
	GENERIC  shift 180
	INC  shift 174
	DEC  shift 175
	ANDAND  shift 177
	'('  shift 353
	'*'  shift 355
	'&'  shift 176
	'-'  shift 171
	'!'  shift 172
	'~'  shift 173
	.  error

	postfix_expr  goto 354
	var  goto 157
	factor  goto 384
	call  goto 158

state 172
	factor:  '!'.factor 

	NUM  shift 168
	CHAR_LIT  shift 170
	FNUM  shift 169
	ID  shift 161
	STRING_LIT  shift 159
	SIZEOF  shift 178
	VA_ARG  shift 181
	ALIGNOF  shift 179
	GENERIC  shift 180
	INC  shift 174
	DEC  shift 175
	ANDAND  shift 177
	'('  shift 353
	'*'  shift 355
	'&'  shift 176
	'-'  shift 171
	'!'  shift 172
	'~'  shift 173
	.  error

	postfix_expr  goto 354
	var  goto 157
	factor  goto 385
	call  goto 158

state 173
	factor:  '~'.factor 

	NUM  shift 168
	CHAR_LIT  shift 170
	FNUM  shift 169
	ID  shift 161
	STRING_LIT  shift 159
	SIZEOF  shift 178
	VA_ARG  shift 181
	ALIGNOF  shift 179
	GENERIC  shift 180
	INC  shift 174
	DEC  shift 175
	ANDAND  shift 177
	'('  shift 353
	'*'  shift 355
	'&'  shift 176
	'-'  shift 171
	'!'  shift 172
	'~'  shift 173
	.  error

	postfix_expr  goto 354
	var  goto 157
	factor  goto 386
	call  goto 158

state 174
	factor:  INC.factor 

	NUM  shift 168
	CHAR_LIT  shift 170
	FNUM  shift 169
	ID  shift 161
	STRING_LIT  shift 159
	SIZEOF  shift 178
	VA_ARG  shift 181
	ALIGNOF  shift 179
	GENERIC  shift 180
	INC  shift 174
	DEC  shift 175
	ANDAND  shift 177
	'('  shift 353
	'*'  shift 355
	'&'  shift 176
	'-'  shift 171
	'!'  shift 172
	'~'  shift 173
	.  error

	postfix_expr  goto 354
	var  goto 157
	factor  goto 387
	call  goto 158

state 175
	factor:  DEC.factor 

	NUM  shift 168
	CHAR_LIT  shift 170
	FNUM  shift 169
	ID  shift 161
	STRING_LIT  shift 159
	SIZEOF  shift 178
	VA_ARG  shift 181
	ALIGNOF  shift 179
	GENERIC  shift 180
	INC  shift 174
	DEC  shift 175
	ANDAND  shift 177
	'('  shift 353
	'*'  shift 355
	'&'  shift 176
	'-'  shift 171
	'!'  shift 172
	'~'  shift 173
	.  error

	postfix_expr  goto 354
	var  goto 157
	factor  goto 388
	call  goto 158

state 176
	factor:  '&'.var 
	factor:  '&'.postfix_expr 
	factor:  '&'.'(' expression ')' 
	factor:  '&'.'(' expression ')' '[' expression ']' 
	factor:  '&'.postfix_expr '[' expression ']' 
	factor:  '&'.postfix_expr ARROW ID 
	factor:  '&'.postfix_expr '.' ID 
	factor:  '&'.STRING_LIT '[' expression ']' 
	factor:  '&'.'(' STRUCT ID ')' '{' init_list '}' 
	factor:  '&'.'(' STRUCT ID ')' '{' init_list ',' '}' 
	factor:  '&'.'(' STRUCT ID ')' '{' '}' 

	ID  shift 161
	STRING_LIT  shift 392
	'('  shift 391
	.  error

	postfix_expr  goto 390
	var  goto 389
	call  goto 158

state 177
	factor:  ANDAND.ID 

	ID  shift 393
	.  error


state 178
	factor:  SIZEOF.'(' type_specifier ')' 
	factor:  SIZEOF.'(' type_specifier '*' ')' 
	factor:  SIZEOF.'(' CONST type_specifier '*' ')' 
	factor:  SIZEOF.'(' type_specifier '*' '*' ')' 
	factor:  SIZEOF.'(' type_specifier '[' const_int_expr ']' ')' 
	factor:  SIZEOF.'(' STRUCT ID ')' 
	factor:  SIZEOF.'(' STRUCT ID '*' ')' 
	factor:  SIZEOF.'(' UNION ID ')' 
	factor:  SIZEOF.'(' expression ')' 
	factor:  SIZEOF.postfix_expr 
	factor:  SIZEOF.'*' factor 

	ID  shift 161
	STRING_LIT  shift 397
	'('  shift 394
	'*'  shift 396
	.  error

	postfix_expr  goto 395
	var  goto 157
	call  goto 158

state 179
	factor:  ALIGNOF.'(' type_specifier ')' 
	factor:  ALIGNOF.'(' type_specifier '*' ')' 
	factor:  ALIGNOF.'(' STRUCT ID ')' 
	factor:  ALIGNOF.'(' expression ')' 

	'('  shift 398
	.  error


state 180
	factor:  GENERIC.'(' expression ',' generic_assoc_list ')' 

	'('  shift 399
	.  error


state 181
	factor:  VA_ARG.'(' expression ',' type_specifier ')' 
	factor:  VA_ARG.'(' expression ',' type_specifier '*' ')' 
	factor:  VA_ARG.'(' expression ',' CONST type_specifier '*' ')' 
	factor:  VA_ARG.'(' expression ',' type_specifier '*' '*' ')' 
	factor:  VA_ARG.'(' expression ',' STRUCT ID '*' ')' 

	'('  shift 400
	.  error


state 182
	declaration:  STATIC_ASSERT '(' const_int_expr.',' STRING_LIT ')' ';' 
	declaration:  STATIC_ASSERT '(' const_int_expr.')' ';' 

	')'  shift 402
	','  shift 401
	.  error


state 183
	const_int_expr:  const_int_ternary.    (655)

	.  reduce 655 (src line 1946)


state 184
	const_int_ternary:  const_int_or.    (656)
	const_int_ternary:  const_int_or.QUESTION const_int_or ':' const_int_or 
	const_int_or:  const_int_or.OROR const_int_and 

	OROR  shift 404
	QUESTION  shift 403
	.  reduce 656 (src line 1950)


state 185
	const_int_or:  const_int_and.    (658)
	const_int_and:  const_int_and.ANDAND const_int_cmp 

	ANDAND  shift 405
	.  reduce 658 (src line 1955)


state 186
	const_int_and:  const_int_cmp.    (660)
	const_int_cmp:  const_int_cmp.EQ const_int_shift 
	const_int_cmp:  const_int_cmp.NE const_int_shift 
	const_int_cmp:  const_int_cmp.'<' const_int_shift 
	const_int_cmp:  const_int_cmp.'>' const_int_shift 
	const_int_cmp:  const_int_cmp.LE const_int_shift 
	const_int_cmp:  const_int_cmp.GE const_int_shift 

	LE  shift 410
	GE  shift 411
	EQ  shift 406
	NE  shift 407
	'<'  shift 408
	'>'  shift 409
	.  reduce 660 (src line 1960)


state 187
	const_int_cmp:  const_int_shift.    (662)
	const_int_shift:  const_int_shift.LSHIFT const_int_add 
	const_int_shift:  const_int_shift.RSHIFT const_int_add 

	LSHIFT  shift 412
	RSHIFT  shift 413
	.  reduce 662 (src line 1965)


state 188
	const_int_shift:  const_int_add.    (669)
	const_int_add:  const_int_add.'+' const_int_mul 
	const_int_add:  const_int_add.'-' const_int_mul 

	'+'  shift 414
	'-'  shift 415
	.  reduce 669 (src line 1975)


state 189
	const_int_add:  const_int_mul.    (672)
	const_int_mul:  const_int_mul.'*' const_int_unary 
	const_int_mul:  const_int_mul.'/' const_int_unary 
	const_int_mul:  const_int_mul.'%' const_int_unary 

	'*'  shift 416
	'/'  shift 417
	'%'  shift 418
	.  reduce 672 (src line 1981)


state 190
	const_int_mul:  const_int_unary.    (675)

	.  reduce 675 (src line 1987)


state 191
	const_int_unary:  const_int_primary.    (679)

	.  reduce 679 (src line 1994)


state 192
	const_int_unary:  '-'.const_int_primary 

	NUM  shift 194
	ID  shift 198
	SIZEOF  shift 196
	ALIGNOF  shift 197
	'('  shift 195
	'&'  shift 199
	.  error

	const_int_primary  goto 419

state 193
	const_int_unary:  '!'.const_int_primary 

	NUM  shift 194
	ID  shift 198
	SIZEOF  shift 196
	ALIGNOF  shift 197
	'('  shift 195
	'&'  shift 199
	.  error

	const_int_primary  goto 420

state 194
	const_int_primary:  NUM.    (682)

	.  reduce 682 (src line 2000)


state 195
	const_int_primary:  '('.const_int_ternary ')' 
	const_int_primary:  '('.type_specifier ')' const_int_primary 

	NUM  shift 194
	ID  shift 198
	INT  shift 26
	VOID  shift 27
	CHAR  shift 28
	LONG  shift 29
	UNSIGNED  shift 31
	SHORT  shift 30
	FLOAT  shift 32
	DOUBLE  shift 33
	STRUCT  shift 92
	SIZEOF  shift 196
	ENUM  shift 44
	UNION  shift 87
	TYPEOF  shift 37
	INT128  shift 35
	SIGNED  shift 34
	ALIGNOF  shift 197
	TYPENAME  shift 36
	'('  shift 195
	'&'  shift 199
	'-'  shift 192
	'!'  shift 193
	.  error

	const_int_ternary  goto 421
	const_int_or  goto 184
	const_int_and  goto 185
	const_int_cmp  goto 186
	const_int_shift  goto 187
	const_int_add  goto 188
	const_int_mul  goto 189
	const_int_unary  goto 190
	const_int_primary  goto 191
	type_specifier  goto 422

state 196
	const_int_primary:  SIZEOF.'(' STRING_LIT ')' 
	const_int_primary:  SIZEOF.'(' type_specifier ')' 
	const_int_primary:  SIZEOF.'(' type_specifier '*' ')' 
	const_int_primary:  SIZEOF.'(' CONST type_specifier '*' ')' 
	const_int_primary:  SIZEOF.'(' type_specifier '[' NUM ']' ')' 
	const_int_primary:  SIZEOF.'(' ID ')' 
	const_int_primary:  SIZEOF.'(' ID '[' NUM ']' ')' 
	const_int_primary:  SIZEOF.'(' '(' ID ')' '[' NUM ']' ')' 
	const_int_primary:  SIZEOF.'(' '(' ID ')' '[' const_int_expr ']' ')' 
	const_int_primary:  SIZEOF.'(' ID '.' ID ')' 
	const_int_primary:  SIZEOF.'(' ID '.' ID '.' ID ')' 
	const_int_primary:  SIZEOF.'(' '(' ID '.' ID '.' ID ')' ')' 
	const_int_primary:  SIZEOF.'(' '(' ID '.' ID ')' ')' 
	const_int_primary:  SIZEOF.'(' '(' '(' ID '.' ID '.' ID ')' ')' '[' const_int_expr ']' ')' 
	const_int_primary:  SIZEOF.'(' '(' '(' ID '.' ID ')' ')' '[' const_int_expr ']' ')' 

	'('  shift 423
	.  error


state 197
	const_int_primary:  ALIGNOF.'(' type_specifier ')' 
	const_int_primary:  ALIGNOF.'(' type_specifier '*' ')' 
	const_int_primary:  ALIGNOF.'(' STRUCT ID ')' 

	'('  shift 424
	.  error


state 198
	const_int_primary:  ID.    (703)

	.  reduce 703 (src line 2027)


state 199
	const_int_primary:  '&'.ID 
	const_int_primary:  '&'.TYPENAME 
	const_int_primary:  '&'.'(' '(' type_specifier '*' ')' NUM ')' ARROW ID 
	const_int_primary:  '&'.'(' '(' type_specifier '*' ')' NUM ')' '.' ID 

	ID  shift 425
	TYPENAME  shift 426
	'('  shift 427
	.  error


state 200
	declaration:  declaration_specifiers gd_fun_declarator compound_stmt.    (20)

	.  reduce 20 (src line 144)


state 201
	declaration:  declaration_specifiers gd_fun_declarator ';'.    (21)

	.  reduce 21 (src line 147)


state 202
	declaration:  declaration_specifiers gd_fun_declarator ','.gd_fun_declarator ';' 

	ID  shift 209
	'('  shift 211
	'*'  shift 67
	.  error

	gd_pointer  goto 210
	gd_fun_declarator  goto 428

state 203
	declaration:  declaration_specifiers gd_fun_declarator ATTR_WEAK.compound_stmt 
	declaration:  declaration_specifiers gd_fun_declarator ATTR_WEAK.';' 

	';'  shift 430
	'{'  shift 207
	.  error

	compound_stmt  goto 429

state 204
	declaration:  declaration_specifiers gd_fun_declarator ATTR_SECTION.';' 

	';'  shift 431
	.  error


state 205
	declaration:  declaration_specifiers gd_fun_declarator ATTR_ALIGNED.';' 

	';'  shift 432
	.  error


state 206
	declaration:  declaration_specifiers gd_fun_declarator ATTR_ALIAS.';' 

	';'  shift 433
	.  error


state 207
	compound_stmt:  '{'.block_item_list '}' 
	block_item_list: .    (219)

	.  reduce 219 (src line 569)

	block_item_list  goto 434

state 208
	declaration:  declaration_specifiers ATTR_WEAK gd_fun_declarator.compound_stmt 
	declaration:  declaration_specifiers ATTR_WEAK gd_fun_declarator.';' 

	';'  shift 436
	'{'  shift 207
	.  error

	compound_stmt  goto 435

state 209
	gd_fun_declarator:  ID.'(' params ')' 
	gd_fun_declarator:  ID.'(' param_list ',' ELLIPSIS ')' 

	'('  shift 222
	.  error


state 210
	gd_fun_declarator:  gd_pointer.ID '(' params ')' 
	gd_fun_declarator:  gd_pointer.ID '(' param_list ',' ELLIPSIS ')' 
	gd_fun_declarator:  gd_pointer.'(' ID ')' '(' params ')' 
	gd_fun_declarator:  gd_pointer.'(' ID ')' '(' param_list ',' ELLIPSIS ')' 
	gd_fun_declarator:  gd_pointer.CONST ID '(' params ')' 
	gd_fun_declarator:  gd_pointer.CONST ID '(' param_list ',' ELLIPSIS ')' 

	ID  shift 437
	CONST  shift 438
	'('  shift 225
	.  error


state 211
	gd_fun_declarator:  '('.ID ')' '(' params ')' 
	gd_fun_declarator:  '('.ID ')' '(' param_list ',' ELLIPSIS ')' 

	ID  shift 220
	.  error


state 212
	declaration:  declaration_specifiers ATTR_SECTION gd_init_declarator_list.';' 
	gd_init_declarator_list:  gd_init_declarator_list.',' gd_init_declarator 

	';'  shift 439
	','  shift 218
	.  error


state 213
	declaration:  declaration_specifiers ATTR_SECTION gd_fun_declarator.compound_stmt 
	declaration:  declaration_specifiers ATTR_SECTION gd_fun_declarator.';' 

	';'  shift 441
	'{'  shift 207
	.  error

	compound_stmt  goto 440

state 214
	gd_declarator:  '('.'*' ID ')' '(' fp_param_types ')' 
	gd_declarator:  '('.'*' '*' ID ')' '(' fp_param_types ')' 
	gd_declarator:  '('.'*' ID '[' const_int_expr ']' ')' '(' fp_param_types ')' 
	gd_declarator:  '('.'*' '(' ID '[' const_int_expr ']' ')' ')' '(' fp_param_types ')' 
	gd_fun_declarator:  '('.ID ')' '(' params ')' 
	gd_fun_declarator:  '('.ID ')' '(' param_list ',' ELLIPSIS ')' 

	ID  shift 220
	'*'  shift 292
	.  error


state 215
	declaration:  declaration_specifiers ATTR_ALIGNED gd_init_declarator_list.';' 
	gd_init_declarator_list:  gd_init_declarator_list.',' gd_init_declarator 

	';'  shift 442
	','  shift 218
	.  error


state 216
	declaration:  declaration_specifiers gd_init_declarator_list ATTR_ALIAS.';' 

	';'  shift 443
	.  error


state 217
	var_declaration:  declaration_specifiers gd_init_declarator_list ';'.    (46)

	.  reduce 46 (src line 217)


state 218
	gd_init_declarator_list:  gd_init_declarator_list ','.gd_init_declarator 

	ID  shift 116
	'('  shift 118
	'*'  shift 67
	.  error

	gd_declarator  goto 68
	gd_init_declarator  goto 444
	gd_pointer  goto 117

state 219
	declaration:  declaration_specifiers '(' '*'.ID '[' ']' ')' '(' fp_param_types ')' ';' 
	declaration:  declaration_specifiers '(' '*'.ID '[' ']' ')' '(' fp_param_types ')' ATTR_WEAK ';' 
	gd_declarator:  '(' '*'.ID ')' '(' fp_param_types ')' 
	gd_declarator:  '(' '*'.'*' ID ')' '(' fp_param_types ')' 
	gd_declarator:  '(' '*'.ID '[' const_int_expr ']' ')' '(' fp_param_types ')' 
	gd_declarator:  '(' '*'.'(' ID '[' const_int_expr ']' ')' ')' '(' fp_param_types ')' 

	ID  shift 445
	'('  shift 447
	'*'  shift 446
	.  error


state 220
	gd_fun_declarator:  '(' ID.')' '(' params ')' 
	gd_fun_declarator:  '(' ID.')' '(' param_list ',' ELLIPSIS ')' 

	')'  shift 448
	.  error


state 221
	gd_declarator:  ID '['.const_int_expr ']' 
	gd_declarator:  ID '['.']' 
	gd_declarator:  ID '['.const_int_expr ']' '[' const_int_expr ']' 
	gd_declarator:  ID '['.']' '[' const_int_expr ']' 
	gd_declarator:  ID '['.ID ']' 

	NUM  shift 194
	ID  shift 451
	SIZEOF  shift 196
	ALIGNOF  shift 197
	'('  shift 195
	']'  shift 450
	'&'  shift 199
	'-'  shift 192
	'!'  shift 193
	.  error

	const_int_expr  goto 449
	const_int_ternary  goto 183
	const_int_or  goto 184
	const_int_and  goto 185
	const_int_cmp  goto 186
	const_int_shift  goto 187
	const_int_add  goto 188
	const_int_mul  goto 189
	const_int_unary  goto 190
	const_int_primary  goto 191

state 222
	gd_fun_declarator:  ID '('.params ')' 
	gd_fun_declarator:  ID '('.param_list ',' ELLIPSIS ')' 
	params: .    (113)

	ID  shift 459
	INT  shift 461
	VOID  shift 454
	CONST  shift 458
	CHAR  shift 462
	LONG  shift 463
	UNSIGNED  shift 467
	SHORT  shift 464
	FLOAT  shift 465
	DOUBLE  shift 466
	STRUCT  shift 457
	ENUM  shift 460
	UNION  shift 87
	TYPEOF  shift 37
	INT128  shift 469
	SIGNED  shift 468
	TYPENAME  shift 470
	.  reduce 113 (src line 338)

	params  goto 452
	param_list  goto 453
	param  goto 455
	type_specifier  goto 456

state 223
	gd_declarator:  gd_pointer ID.    (766)
	gd_declarator:  gd_pointer ID.'[' const_int_expr ']' 
	gd_declarator:  gd_pointer ID.'[' ']' 
	gd_fun_declarator:  gd_pointer ID.'(' params ')' 
	gd_fun_declarator:  gd_pointer ID.'(' param_list ',' ELLIPSIS ')' 

	'('  shift 472
	'['  shift 471
	.  reduce 766 (src line 2229)


state 224
	gd_declarator:  gd_pointer CONST.ID 
	gd_declarator:  gd_pointer CONST.ID '[' const_int_expr ']' 
	gd_declarator:  gd_pointer CONST.ID '[' ']' 
	gd_fun_declarator:  gd_pointer CONST.ID '(' params ')' 
	gd_fun_declarator:  gd_pointer CONST.ID '(' param_list ',' ELLIPSIS ')' 

	ID  shift 473
	.  error


state 225
	gd_fun_declarator:  gd_pointer '('.ID ')' '(' params ')' 
	gd_fun_declarator:  gd_pointer '('.ID ')' '(' param_list ',' ELLIPSIS ')' 

	ID  shift 474
	.  error


state 226
	gd_pointer:  '*' CONST.    (762)
	gd_pointer:  '*' CONST.gd_pointer 

	'*'  shift 67
	.  reduce 762 (src line 2218)

	gd_pointer  goto 475

state 227
	gd_pointer:  '*' gd_pointer.    (763)

	.  reduce 763 (src line 2220)


state 228
	gd_init_declarator:  gd_declarator '='.expression 
	gd_init_declarator:  gd_declarator '='.'{' init_list '}' 
	gd_init_declarator:  gd_declarator '='.'{' init_list ',' '}' 
	gd_init_declarator:  gd_declarator '='.'{' '}' 

	NUM  shift 168
	CHAR_LIT  shift 170
	FNUM  shift 169
	ID  shift 161
	STRING_LIT  shift 159
	SIZEOF  shift 178
	VA_ARG  shift 181
	ALIGNOF  shift 179
	GENERIC  shift 180
	INC  shift 174
	DEC  shift 175
	ANDAND  shift 177
	'('  shift 154
	'*'  shift 155
	'{'  shift 477
	'&'  shift 176
	'-'  shift 171
	'!'  shift 172
	'~'  shift 173
	.  error

	postfix_expr  goto 153
	expression  goto 476
	var  goto 157
	simple_expression  goto 156
	ternary_expression  goto 160
	logical_expression  goto 162
	comparison_expression  goto 163
	bitwise_expression  goto 164
	additive_expression  goto 165
	term  goto 166
	factor  goto 167
	call  goto 158

state 229
	declaration:  ATTR_WEAK declaration_specifiers gd_fun_declarator.compound_stmt 
	declaration:  ATTR_WEAK declaration_specifiers gd_fun_declarator.';' 

	';'  shift 479
	'{'  shift 207
	.  error

	compound_stmt  goto 478

state 230
	declaration:  ATTR_WEAK declaration_specifiers gd_init_declarator_list.';' 
	gd_init_declarator_list:  gd_init_declarator_list.',' gd_init_declarator 

	';'  shift 480
	','  shift 218
	.  error


state 231
	declaration:  ATTR_SECTION declaration_specifiers gd_fun_declarator.compound_stmt 
	declaration:  ATTR_SECTION declaration_specifiers gd_fun_declarator.';' 

	';'  shift 482
	'{'  shift 207
	.  error

	compound_stmt  goto 481

state 232
	declaration:  ATTR_SECTION declaration_specifiers gd_init_declarator_list.';' 
	gd_init_declarator_list:  gd_init_declarator_list.',' gd_init_declarator 

	';'  shift 483
	','  shift 218
	.  error


state 233
	declaration:  ATTR_ALIGNED declaration_specifiers gd_fun_declarator.compound_stmt 
	declaration:  ATTR_ALIGNED declaration_specifiers gd_fun_declarator.';' 

	';'  shift 485
	'{'  shift 207
	.  error

	compound_stmt  goto 484

state 234
	declaration:  ATTR_ALIGNED declaration_specifiers gd_init_declarator_list.';' 
	gd_init_declarator_list:  gd_init_declarator_list.',' gd_init_declarator 

	';'  shift 486
	','  shift 218
	.  error


state 235
	typedef_declaration:  TYPEDEF type_specifier ID.';' 
	typedef_declaration:  TYPEDEF type_specifier ID.'(' fp_param_types ')' ';' 
	typedef_declaration:  TYPEDEF type_specifier ID.'[' const_int_expr ']' ';' 

	';'  shift 487
	'('  shift 488
	'['  shift 489
	.  error


state 236
	typedef_declaration:  TYPEDEF type_specifier TYPENAME.';' 
	typedef_declaration:  TYPEDEF type_specifier TYPENAME.'[' const_int_expr ']' ';' 

	';'  shift 490
	'['  shift 491
	.  error


state 237
	typedef_declaration:  TYPEDEF type_specifier '*'.ID ';' 
	typedef_declaration:  TYPEDEF type_specifier '*'.TYPENAME ';' 
	typedef_declaration:  TYPEDEF type_specifier '*'.'*' ID ';' 
	typedef_declaration:  TYPEDEF type_specifier '*'.'*' TYPENAME ';' 
	typedef_declaration:  TYPEDEF type_specifier '*'.'(' '*' ID ')' '(' fp_param_types ')' ';' 

	ID  shift 492
	TYPENAME  shift 493
	'('  shift 495
	'*'  shift 494
	.  error


state 238
	typedef_declaration:  TYPEDEF type_specifier '('.'*' ID ')' '(' fp_param_types ')' ';' 
	typedef_declaration:  TYPEDEF type_specifier '('.ID ')' '(' fp_param_types ')' ';' 

	ID  shift 497
	'*'  shift 496
	.  error


state 239
	typedef_declaration:  TYPEDEF CONST type_specifier.ID ';' 
	typedef_declaration:  TYPEDEF CONST type_specifier.TYPENAME ';' 
	typedef_declaration:  TYPEDEF CONST type_specifier.'*' ID ';' 
	typedef_declaration:  TYPEDEF CONST type_specifier.'*' TYPENAME ';' 
	typedef_declaration:  TYPEDEF CONST type_specifier.'*' '*' ID ';' 
	typedef_declaration:  TYPEDEF CONST type_specifier.'*' '*' TYPENAME ';' 
	typedef_declaration:  TYPEDEF CONST type_specifier.'*' '(' '*' ID ')' '(' fp_param_types ')' ';' 
	typedef_declaration:  TYPEDEF CONST type_specifier.'(' '*' ID ')' '(' fp_param_types ')' ';' 

	ID  shift 498
	TYPENAME  shift 499
	'('  shift 501
	'*'  shift 500
	.  error


240: shift/reduce conflict (shift 502(0), red'n 108(0)) on ID
240: shift/reduce conflict (shift 503(0), red'n 108(0)) on TYPENAME
240: shift/reduce conflict (shift 504(0), red'n 108(0)) on '*'
state 240
	type_specifier:  STRUCT ID.    (108)
	typedef_declaration:  TYPEDEF STRUCT ID.ID ';' 
	typedef_declaration:  TYPEDEF STRUCT ID.TYPENAME ';' 
	typedef_declaration:  TYPEDEF STRUCT ID.'*' ID ';' 
	typedef_declaration:  TYPEDEF STRUCT ID.'*' TYPENAME ';' 
	typedef_declaration:  TYPEDEF STRUCT ID.'{' field_list '}' ID ';' 
	typedef_declaration:  TYPEDEF STRUCT ID.ATTR_PACKED '{' field_list '}' ID ';' 
	typedef_declaration:  TYPEDEF STRUCT ID.'{' field_list '}' ATTR_PACKED ID ';' 
	typedef_declaration:  TYPEDEF STRUCT ID.'{' field_list '}' ';' 
	typedef_declaration:  TYPEDEF STRUCT ID.ATTR_PACKED '{' field_list '}' ';' 
	typedef_declaration:  TYPEDEF STRUCT ID.'{' field_list '}' ATTR_PACKED ';' 
	typedef_declaration:  TYPEDEF STRUCT ID.ID '[' const_int_expr ']' ';' 
	typedef_declaration:  TYPEDEF STRUCT ID.TYPENAME '[' const_int_expr ']' ';' 

	ID  shift 502
	ATTR_PACKED  shift 506
	TYPENAME  shift 503
	'*'  shift 504
	'{'  shift 505
	.  reduce 108 (src line 326)


state 241
	typedef_declaration:  TYPEDEF STRUCT '{'.field_list '}' ID ';' 
	typedef_declaration:  TYPEDEF STRUCT '{'.field_list '}' ID '[' const_int_expr ']' ';' 
	typedef_declaration:  TYPEDEF STRUCT '{'.field_list '}' ATTR_PACKED ID ';' 

	INT  shift 26
	VOID  shift 27
	CONST  shift 137
	CHAR  shift 28
	LONG  shift 29
	UNSIGNED  shift 31
	SHORT  shift 30
	FLOAT  shift 32
	DOUBLE  shift 33
	STRUCT  shift 136
	ENUM  shift 44
	UNION  shift 138
	TYPEOF  shift 37
	INT128  shift 35
	SIGNED  shift 34
	ALIGNAS_SPEC  shift 135
	STATIC_ASSERT  shift 133
	TYPENAME  shift 36
	.  error

	field_list  goto 507
	field  goto 132
	type_specifier  goto 134

state 242
	typedef_declaration:  TYPEDEF STRUCT ATTR_PACKED.'{' field_list '}' ID ';' 
	typedef_declaration:  TYPEDEF STRUCT ATTR_PACKED.ID '{' field_list '}' ID ';' 
	typedef_declaration:  TYPEDEF STRUCT ATTR_PACKED.ID '{' field_list '}' ';' 

	ID  shift 509
	'{'  shift 508
	.  error


state 243
	typedef_declaration:  TYPEDEF ID ID.';' 

	';'  shift 510
	.  error


state 244
	typedef_declaration:  TYPEDEF ID TYPENAME.';' 

	';'  shift 511
	.  error


state 245
	typedef_declaration:  TYPEDEF ID '*'.ID ';' 

	ID  shift 512
	.  error


state 246
	type_specifier:  UNION ID.    (109)
	typedef_declaration:  TYPEDEF UNION ID.'{' field_list '}' ID ';' 
	typedef_declaration:  TYPEDEF UNION ID.ATTR_PACKED '{' field_list '}' ID ';' 
	typedef_declaration:  TYPEDEF UNION ID.'{' field_list '}' ATTR_PACKED ID ';' 
	typedef_declaration:  TYPEDEF UNION ID.'{' field_list '}' ';' 
	typedef_declaration:  TYPEDEF UNION ID.ATTR_PACKED '{' field_list '}' ';' 
	typedef_declaration:  TYPEDEF UNION ID.'{' field_list '}' ATTR_PACKED ';' 

	ATTR_PACKED  shift 514
	'{'  shift 513
	.  reduce 109 (src line 328)


state 247
	typedef_declaration:  TYPEDEF UNION '{'.field_list '}' ID ';' 
	typedef_declaration:  TYPEDEF UNION '{'.field_list '}' ATTR_PACKED ID ';' 

	INT  shift 26
	VOID  shift 27
	CONST  shift 137
	CHAR  shift 28
	LONG  shift 29
	UNSIGNED  shift 31
	SHORT  shift 30
	FLOAT  shift 32
	DOUBLE  shift 33
	STRUCT  shift 136
	ENUM  shift 44
	UNION  shift 138
	TYPEOF  shift 37
	INT128  shift 35
	SIGNED  shift 34
	ALIGNAS_SPEC  shift 135
	STATIC_ASSERT  shift 133
	TYPENAME  shift 36
	.  error

	field_list  goto 515
	field  goto 132
	type_specifier  goto 134

state 248
	typedef_declaration:  TYPEDEF UNION ATTR_PACKED.'{' field_list '}' ID ';' 
	typedef_declaration:  TYPEDEF UNION ATTR_PACKED.ID '{' field_list '}' ID ';' 
	typedef_declaration:  TYPEDEF UNION ATTR_PACKED.ID '{' field_list '}' ';' 

	ID  shift 517
	'{'  shift 516
	.  error


state 249
	type_specifier:  ENUM ID.    (110)
	typedef_declaration:  TYPEDEF ENUM ID.'{' enum_list '}' ID ';' 

	'{'  shift 518
	.  reduce 110 (src line 330)


state 250
	typedef_declaration:  TYPEDEF ENUM '{'.enum_list '}' ID ';' 

	ID  shift 149
	.  error

	enum_list  goto 519
	enum_member  goto 148

state 251
	declaration_specifiers:  STATIC CONST type_specifier.    (711)

	.  reduce 711 (src line 2053)


state 252
	type_specifier:  STRUCT.ID 
	declaration_specifiers:  STATIC CONST STRUCT.ID '{' field_list '}' 
	declaration_specifiers:  STATIC CONST STRUCT.ATTR_PACKED ID '{' field_list '}' 
	declaration_specifiers:  STATIC CONST STRUCT.ID '{' field_list '}' ATTR_PACKED 
	declaration_specifiers:  STATIC CONST STRUCT.'{' field_list '}' 
	declaration_specifiers:  STATIC CONST STRUCT.ATTR_PACKED '{' field_list '}' 
	declaration_specifiers:  STATIC CONST STRUCT.'{' field_list '}' ATTR_PACKED 

	ID  shift 520
	ATTR_PACKED  shift 521
	'{'  shift 522
	.  error


state 253
	type_specifier:  UNION.ID 
	declaration_specifiers:  STATIC CONST UNION.'{' field_list '}' 

	ID  shift 121
	'{'  shift 523
	.  error


state 254
	declaration_specifiers:  STATIC INLINE_KW type_specifier.    (714)

	.  reduce 714 (src line 2060)


state 255
	declaration_specifiers:  STATIC INLINE_KW CONST.type_specifier 

	INT  shift 26
	VOID  shift 27
	CHAR  shift 28
	LONG  shift 29
	UNSIGNED  shift 31
	SHORT  shift 30
	FLOAT  shift 32
	DOUBLE  shift 33
	STRUCT  shift 92
	ENUM  shift 44
	UNION  shift 87
	TYPEOF  shift 37
	INT128  shift 35
	SIGNED  shift 34
	TYPENAME  shift 36
	.  error

	type_specifier  goto 524

state 256
	type_specifier:  STRUCT ID.    (108)
	declaration_specifiers:  STATIC STRUCT ID.'{' field_list '}' 
	declaration_specifiers:  STATIC STRUCT ID.'{' field_list '}' ATTR_PACKED 

	'{'  shift 525
	.  reduce 108 (src line 326)


state 257
	declaration_specifiers:  STATIC STRUCT ATTR_PACKED.ID '{' field_list '}' 
	declaration_specifiers:  STATIC STRUCT ATTR_PACKED.'{' field_list '}' 

	ID  shift 526
	'{'  shift 527
	.  error


state 258
	declaration_specifiers:  STATIC STRUCT '{'.field_list '}' 
	declaration_specifiers:  STATIC STRUCT '{'.field_list '}' ATTR_PACKED 

	INT  shift 26
	VOID  shift 27
	CONST  shift 137
	CHAR  shift 28
	LONG  shift 29
	UNSIGNED  shift 31
	SHORT  shift 30
	FLOAT  shift 32
	DOUBLE  shift 33
	STRUCT  shift 136
	ENUM  shift 44
	UNION  shift 138
	TYPEOF  shift 37
	INT128  shift 35
	SIGNED  shift 34
	ALIGNAS_SPEC  shift 135
	STATIC_ASSERT  shift 133
	TYPENAME  shift 36
	.  error

	field_list  goto 528
	field  goto 132
	type_specifier  goto 134

state 259
	declaration_specifiers:  STATIC UNION '{'.field_list '}' 

	INT  shift 26
	VOID  shift 27
	CONST  shift 137
	CHAR  shift 28
	LONG  shift 29
	UNSIGNED  shift 31
	SHORT  shift 30
	FLOAT  shift 32
	DOUBLE  shift 33
	STRUCT  shift 136
	ENUM  shift 44
	UNION  shift 138
	TYPEOF  shift 37
	INT128  shift 35
	SIGNED  shift 34
	ALIGNAS_SPEC  shift 135
	STATIC_ASSERT  shift 133
	TYPENAME  shift 36
	.  error

	field_list  goto 529
	field  goto 132
	type_specifier  goto 134

state 260
	declaration_specifiers:  EXTERN CONST type_specifier.    (712)

	.  reduce 712 (src line 2055)


state 261
	type_specifier:  STRUCT.ID 
	declaration_specifiers:  EXTERN CONST STRUCT.ID '{' field_list '}' 
	declaration_specifiers:  EXTERN CONST STRUCT.ATTR_PACKED ID '{' field_list '}' 
	declaration_specifiers:  EXTERN CONST STRUCT.ID '{' field_list '}' ATTR_PACKED 

	ID  shift 530
	ATTR_PACKED  shift 531
	.  error


state 262
	declaration_specifiers:  EXTERN INLINE_KW type_specifier.    (715)

	.  reduce 715 (src line 2062)


state 263
	declaration_specifiers:  EXTERN INLINE_KW CONST.type_specifier 

	INT  shift 26
	VOID  shift 27
	CHAR  shift 28
	LONG  shift 29
	UNSIGNED  shift 31
	SHORT  shift 30
	FLOAT  shift 32
	DOUBLE  shift 33
	STRUCT  shift 92
	ENUM  shift 44
	UNION  shift 87
	TYPEOF  shift 37
	INT128  shift 35
	SIGNED  shift 34
	TYPENAME  shift 36
	.  error

	type_specifier  goto 532

state 264
	type_specifier:  STRUCT ID.    (108)
	declaration_specifiers:  EXTERN STRUCT ID.'{' field_list '}' 
	declaration_specifiers:  EXTERN STRUCT ID.'{' field_list '}' ATTR_PACKED 

	'{'  shift 533
	.  reduce 108 (src line 326)


state 265
	declaration_specifiers:  EXTERN STRUCT ATTR_PACKED.ID '{' field_list '}' 

	ID  shift 534
	.  error


state 266
	declaration_specifiers:  INLINE_KW STATIC type_specifier.    (716)

	.  reduce 716 (src line 2064)


state 267
	declaration_specifiers:  INLINE_KW STATIC CONST.type_specifier 

	INT  shift 26
	VOID  shift 27
	CHAR  shift 28
	LONG  shift 29
	UNSIGNED  shift 31
	SHORT  shift 30
	FLOAT  shift 32
	DOUBLE  shift 33
	STRUCT  shift 92
	ENUM  shift 44
	UNION  shift 87
	TYPEOF  shift 37
	INT128  shift 35
	SIGNED  shift 34
	TYPENAME  shift 36
	.  error

	type_specifier  goto 535

state 268
	declaration_specifiers:  INLINE_KW EXTERN type_specifier.    (717)

	.  reduce 717 (src line 2066)


state 269
	declaration_specifiers:  INLINE_KW CONST type_specifier.    (720)

	.  reduce 720 (src line 2072)


state 270
	type_specifier:  STRUCT ID.    (108)

	.  reduce 108 (src line 326)


state 271
	type_specifier:  STRUCT ID.    (108)
	declaration_specifiers:  CONST STRUCT ID.'{' field_list '}' 
	declaration_specifiers:  CONST STRUCT ID.'{' field_list '}' ATTR_PACKED 

	'{'  shift 536
	.  reduce 108 (src line 326)


state 272
	declaration_specifiers:  CONST STRUCT ATTR_PACKED.ID '{' field_list '}' 
	declaration_specifiers:  CONST STRUCT ATTR_PACKED.'{' field_list '}' 

	ID  shift 537
	'{'  shift 538
	.  error


state 273
	declaration_specifiers:  CONST STRUCT '{'.field_list '}' 
	declaration_specifiers:  CONST STRUCT '{'.field_list '}' ATTR_PACKED 

	INT  shift 26
	VOID  shift 27
	CONST  shift 137
	CHAR  shift 28
	LONG  shift 29
	UNSIGNED  shift 31
	SHORT  shift 30
	FLOAT  shift 32
	DOUBLE  shift 33
	STRUCT  shift 136
	ENUM  shift 44
	UNION  shift 138
	TYPEOF  shift 37
	INT128  shift 35
	SIGNED  shift 34
	ALIGNAS_SPEC  shift 135
	STATIC_ASSERT  shift 133
	TYPENAME  shift 36
	.  error

	field_list  goto 539
	field  goto 132
	type_specifier  goto 134

state 274
	declaration_specifiers:  CONST UNION '{'.field_list '}' 

	INT  shift 26
	VOID  shift 27
	CONST  shift 137
	CHAR  shift 28
	LONG  shift 29
	UNSIGNED  shift 31
	SHORT  shift 30
	FLOAT  shift 32
	DOUBLE  shift 33
	STRUCT  shift 136
	ENUM  shift 44
	UNION  shift 138
	TYPEOF  shift 37
	INT128  shift 35
	SIGNED  shift 34
	ALIGNAS_SPEC  shift 135
	STATIC_ASSERT  shift 133
	TYPENAME  shift 36
	.  error

	field_list  goto 540
	field  goto 132
	type_specifier  goto 134

state 275
	type_specifier:  LONG LONG INT.    (66)

	.  reduce 66 (src line 280)


state 276
	type_specifier:  LONG LONG UNSIGNED.    (77)
	type_specifier:  LONG LONG UNSIGNED.INT 

	INT  shift 541
	.  reduce 77 (src line 291)


state 277
	type_specifier:  LONG LONG SIGNED.    (81)
	type_specifier:  LONG LONG SIGNED.INT 

	INT  shift 542
	.  reduce 81 (src line 295)


state 278
	type_specifier:  LONG UNSIGNED INT.    (76)

	.  reduce 76 (src line 290)


state 279
	type_specifier:  LONG SIGNED INT.    (80)

	.  reduce 80 (src line 294)


state 280
	type_specifier:  SHORT UNSIGNED INT.    (87)

	.  reduce 87 (src line 301)


state 281
	type_specifier:  UNSIGNED LONG LONG.    (72)
	type_specifier:  UNSIGNED LONG LONG.INT 

	INT  shift 543
	.  reduce 72 (src line 286)


state 282
	type_specifier:  UNSIGNED LONG INT.    (73)

	.  reduce 73 (src line 287)


state 283
	type_specifier:  UNSIGNED SHORT INT.    (85)

	.  reduce 85 (src line 299)


state 284
	type_specifier:  SIGNED SHORT INT.    (95)

	.  reduce 95 (src line 309)


state 285
	type_specifier:  SIGNED LONG INT.    (97)

	.  reduce 97 (src line 311)


state 286
	type_specifier:  SIGNED LONG LONG.    (98)
	type_specifier:  SIGNED LONG LONG.INT 

	INT  shift 544
	.  reduce 98 (src line 312)


state 287
	type_specifier:  TYPEOF '(' expression.')' 

	')'  shift 545
	.  error


state 288
	type_specifier:  TYPEOF '(' type_specifier.')' 

	')'  shift 546
	.  error


state 289
	type_specifier:  TYPEOF '(' STRUCT.ID ')' 
	type_specifier:  STRUCT.ID 

	ID  shift 547
	.  error


state 290
	gd_declarator:  gd_pointer ID.    (766)
	gd_declarator:  gd_pointer ID.'[' const_int_expr ']' 
	gd_declarator:  gd_pointer ID.'[' ']' 

	'['  shift 471
	.  reduce 766 (src line 2229)


state 291
	gd_declarator:  gd_pointer CONST.ID 
	gd_declarator:  gd_pointer CONST.ID '[' const_int_expr ']' 
	gd_declarator:  gd_pointer CONST.ID '[' ']' 

	ID  shift 548
	.  error


state 292
	gd_declarator:  '(' '*'.ID ')' '(' fp_param_types ')' 
	gd_declarator:  '(' '*'.'*' ID ')' '(' fp_param_types ')' 
	gd_declarator:  '(' '*'.ID '[' const_int_expr ']' ')' '(' fp_param_types ')' 
	gd_declarator:  '(' '*'.'(' ID '[' const_int_expr ']' ')' ')' '(' fp_param_types ')' 

	ID  shift 549
	'('  shift 447
	'*'  shift 446
	.  error


state 293
	declaration_specifiers:  STRUCT ID '{'.field_list '}' 
	declaration_specifiers:  STRUCT ID '{'.field_list '}' ATTR_PACKED 

	INT  shift 26
	VOID  shift 27
	CONST  shift 137
	CHAR  shift 28
	LONG  shift 29
	UNSIGNED  shift 31
	SHORT  shift 30
	FLOAT  shift 32
	DOUBLE  shift 33
	STRUCT  shift 136
	ENUM  shift 44
	UNION  shift 138
	TYPEOF  shift 37
	INT128  shift 35
	SIGNED  shift 34
	ALIGNAS_SPEC  shift 135
	STATIC_ASSERT  shift 133
	TYPENAME  shift 36
	.  error

	field_list  goto 550
	field  goto 132
	type_specifier  goto 134

state 294
	declaration_specifiers:  STRUCT ID ATTR_PACKED.'{' field_list '}' 

	'{'  shift 551
	.  error


state 295
	declaration_specifiers:  STRUCT ATTR_PACKED ID.'{' field_list '}' 

	'{'  shift 552
	.  error


state 296
	struct_declaration:  STRUCT ID '{' field_list.'}' ';' 
	struct_declaration:  STRUCT ID '{' field_list.'}' ATTR_PACKED ';' 
	field_list:  field_list.field 
	field_list:  field_list.STATIC_ASSERT '(' const_int_expr ',' STRING_LIT ')' ';' 
	field_list:  field_list.STATIC_ASSERT '(' const_int_expr ')' ';' 
	declaration_specifiers:  STRUCT ID '{' field_list.'}' 
	declaration_specifiers:  STRUCT ID '{' field_list.'}' ATTR_PACKED 

	INT  shift 26
	VOID  shift 27
	CONST  shift 137
	CHAR  shift 28
	LONG  shift 29
	UNSIGNED  shift 31
	SHORT  shift 30
	FLOAT  shift 32
	DOUBLE  shift 33
	STRUCT  shift 136
	ENUM  shift 44
	UNION  shift 138
	TYPEOF  shift 37
	INT128  shift 35
	SIGNED  shift 34
	ALIGNAS_SPEC  shift 135
	STATIC_ASSERT  shift 303
	TYPENAME  shift 36
	'}'  shift 553
	.  error

	field  goto 302
	type_specifier  goto 134

state 297
	struct_declaration:  STRUCT ID ATTR_PACKED '{'.field_list '}' ';' 
	declaration_specifiers:  STRUCT ID ATTR_PACKED '{'.field_list '}' 

	INT  shift 26
	VOID  shift 27
	CONST  shift 137
	CHAR  shift 28
	LONG  shift 29
	UNSIGNED  shift 31
	SHORT  shift 30
	FLOAT  shift 32
	DOUBLE  shift 33
	STRUCT  shift 136
	ENUM  shift 44
	UNION  shift 138
	TYPEOF  shift 37
	INT128  shift 35
	SIGNED  shift 34
	ALIGNAS_SPEC  shift 135
	STATIC_ASSERT  shift 133
	TYPENAME  shift 36
	.  error

	field_list  goto 554
	field  goto 132
	type_specifier  goto 134

state 298
	struct_declaration:  STRUCT ID ATTR_ALIGNED '{'.field_list '}' ';' 

	INT  shift 26
	VOID  shift 27
	CONST  shift 137
	CHAR  shift 28
	LONG  shift 29
	UNSIGNED  shift 31
	SHORT  shift 30
	FLOAT  shift 32
	DOUBLE  shift 33
	STRUCT  shift 136
	ENUM  shift 44
	UNION  shift 138
	TYPEOF  shift 37
	INT128  shift 35
	SIGNED  shift 34
	ALIGNAS_SPEC  shift 135
	STATIC_ASSERT  shift 133
	TYPENAME  shift 36
	.  error

	field_list  goto 555
	field  goto 132
	type_specifier  goto 134

state 299
	struct_declaration:  STRUCT ATTR_PACKED ID '{'.field_list '}' ';' 
	declaration_specifiers:  STRUCT ATTR_PACKED ID '{'.field_list '}' 

	INT  shift 26
	VOID  shift 27
	CONST  shift 137
	CHAR  shift 28
	LONG  shift 29
	UNSIGNED  shift 31
	SHORT  shift 30
	FLOAT  shift 32
	DOUBLE  shift 33
	STRUCT  shift 136
	ENUM  shift 44
	UNION  shift 138
	TYPEOF  shift 37
	INT128  shift 35
	SIGNED  shift 34
	ALIGNAS_SPEC  shift 135
	STATIC_ASSERT  shift 133
	TYPENAME  shift 36
	.  error

	field_list  goto 556
	field  goto 132
	type_specifier  goto 134

state 300
	field_list:  field_list.field 
	field_list:  field_list.STATIC_ASSERT '(' const_int_expr ',' STRING_LIT ')' ';' 
	field_list:  field_list.STATIC_ASSERT '(' const_int_expr ')' ';' 
	declaration_specifiers:  STRUCT ATTR_PACKED '{' field_list.'}' 

	INT  shift 26
	VOID  shift 27
	CONST  shift 137
	CHAR  shift 28
	LONG  shift 29
	UNSIGNED  shift 31
	SHORT  shift 30
	FLOAT  shift 32
	DOUBLE  shift 33
	STRUCT  shift 136
	ENUM  shift 44
	UNION  shift 138
	TYPEOF  shift 37
	INT128  shift 35
	SIGNED  shift 34
	ALIGNAS_SPEC  shift 135
	STATIC_ASSERT  shift 303
	TYPENAME  shift 36
	'}'  shift 557
	.  error

	field  goto 302
	type_specifier  goto 134

state 301
	struct_declaration:  STRUCT ATTR_ALIGNED ID '{'.field_list '}' ';' 

	INT  shift 26
	VOID  shift 27
	CONST  shift 137
	CHAR  shift 28
	LONG  shift 29
	UNSIGNED  shift 31
	SHORT  shift 30
	FLOAT  shift 32
	DOUBLE  shift 33
	STRUCT  shift 136
	ENUM  shift 44
	UNION  shift 138
	TYPEOF  shift 37
	INT128  shift 35
	SIGNED  shift 34
	ALIGNAS_SPEC  shift 135
	STATIC_ASSERT  shift 133
	TYPENAME  shift 36
	.  error

	field_list  goto 558
	field  goto 132
	type_specifier  goto 134

state 302
	field_list:  field_list field.    (604)

	.  reduce 604 (src line 1769)


state 303
	field_list:  field_list STATIC_ASSERT.'(' const_int_expr ',' STRING_LIT ')' ';' 
	field_list:  field_list STATIC_ASSERT.'(' const_int_expr ')' ';' 

	'('  shift 559
	.  error


state 304
	declaration_specifiers:  STRUCT '{' field_list '}'.    (743)
	declaration_specifiers:  STRUCT '{' field_list '}'.ATTR_PACKED 

	ATTR_PACKED  shift 560
	.  reduce 743 (src line 2141)


state 305
	field_list:  STATIC_ASSERT '('.const_int_expr ',' STRING_LIT ')' ';' 

	NUM  shift 194
	ID  shift 198
	SIZEOF  shift 196
	ALIGNOF  shift 197
	'('  shift 195
	'&'  shift 199
	'-'  shift 192
	'!'  shift 193
	.  error

	const_int_expr  goto 561
	const_int_ternary  goto 183
	const_int_or  goto 184
	const_int_and  goto 185
	const_int_cmp  goto 186
	const_int_shift  goto 187
	const_int_add  goto 188
	const_int_mul  goto 189
	const_int_unary  goto 190
	const_int_primary  goto 191

state 306
	id_list:  ID.',' ID 
	field:  type_specifier ID.';' 
	field:  type_specifier ID.':' const_int_expr ';' 
	field:  type_specifier ID.'[' const_int_expr ']' ';' 
	field:  type_specifier ID.'[' const_int_expr ']' '[' const_int_expr ']' ';' 
	field:  type_specifier ID.'[' ']' ';' 

	';'  shift 563
	','  shift 562
	'['  shift 565
	':'  shift 564
	.  error


state 307
	id_list:  id_list.',' ID 
	id_list:  id_list.',' ID '[' const_int_expr ']' 
	id_list:  id_list.',' ID '=' expression 
	field:  type_specifier id_list.';' 

	';'  shift 567
	','  shift 566
	.  error


state 308
	field:  type_specifier ':'.const_int_expr ';' 

	NUM  shift 194
	ID  shift 198
	SIZEOF  shift 196
	ALIGNOF  shift 197
	'('  shift 195
	'&'  shift 199
	'-'  shift 192
	'!'  shift 193
	.  error

	const_int_expr  goto 568
	const_int_ternary  goto 183
	const_int_or  goto 184
	const_int_and  goto 185
	const_int_cmp  goto 186
	const_int_shift  goto 187
	const_int_add  goto 188
	const_int_mul  goto 189
	const_int_unary  goto 190
	const_int_primary  goto 191

state 309
	field:  type_specifier '*'.ID ';' 
	field:  type_specifier '*'.ID ',' ptr_id_list ';' 
	field:  type_specifier '*'.'*' ID ';' 
	field:  type_specifier '*'.ID '[' const_int_expr ']' ';' 
	field:  type_specifier '*'.ID '[' const_int_expr ']' '[' const_int_expr ']' ';' 
	field:  type_specifier '*'.'(' '*' ID ')' '(' fp_param_types ')' ';' 

	ID  shift 569
	'('  shift 571
	'*'  shift 570
	.  error


state 310
	field:  type_specifier '('.'*' ID ')' '(' fp_param_types ')' ';' 
	field:  type_specifier '('.'*' ID '[' const_int_expr ']' ')' '(' fp_param_types ')' ';' 

	'*'  shift 572
	.  error


state 311
	field:  ALIGNAS_SPEC type_specifier.ID ';' 
	field:  ALIGNAS_SPEC type_specifier.ID '[' const_int_expr ']' ';' 

	ID  shift 573
	.  error


312: shift/reduce conflict (shift 575(0), red'n 108(0)) on ID
312: shift/reduce conflict (shift 574(0), red'n 108(0)) on '*'
state 312
	type_specifier:  STRUCT ID.    (108)
	field:  STRUCT ID.'*' ID '[' const_int_expr ']' ';' 
	field:  STRUCT ID.'*' ID ';' 
	field:  STRUCT ID.'*' ID ',' ptr_id_list ';' 
	field:  STRUCT ID.'*' CONST '*' ID ';' 
	field:  STRUCT ID.'*' '*' ID ';' 
	field:  STRUCT ID.ID ';' 
	field:  STRUCT ID.ID '[' const_int_expr ']' ';' 
	field:  STRUCT ID.'{' field_list '}' ';' 
	field:  STRUCT ID.'{' field_list '}' ID ';' 
	field:  STRUCT ID.'{' field_list '}' '*' ID ';' 

	ID  shift 575
	'*'  shift 574
	'{'  shift 576
	.  reduce 108 (src line 326)


state 313
	field:  STRUCT '{'.field_list '}' ';' 
	field:  STRUCT '{'.field_list '}' ID ';' 
	field:  STRUCT '{'.field_list '}' ID '[' const_int_expr ']' ';' 

	INT  shift 26
	VOID  shift 27
	CONST  shift 137
	CHAR  shift 28
	LONG  shift 29
	UNSIGNED  shift 31
	SHORT  shift 30
	FLOAT  shift 32
	DOUBLE  shift 33
	STRUCT  shift 136
	ENUM  shift 44
	UNION  shift 138
	TYPEOF  shift 37
	INT128  shift 35
	SIGNED  shift 34
	ALIGNAS_SPEC  shift 135
	STATIC_ASSERT  shift 133
	TYPENAME  shift 36
	.  error

	field_list  goto 577
	field  goto 132
	type_specifier  goto 134

state 314
	field:  CONST type_specifier.ID ';' 
	field:  CONST type_specifier.'*' ID ';' 
	field:  CONST type_specifier.'*' '*' ID ';' 
	field:  CONST type_specifier.'*' ID '[' const_int_expr ']' ';' 
	field:  CONST type_specifier.'*' ID '[' ']' ';' 
	field:  CONST type_specifier.ID '[' const_int_expr ']' ';' 
	field:  CONST type_specifier.'*' '(' '*' ID ')' '(' fp_param_types ')' ';' 
	field:  CONST type_specifier.'(' '*' ID ')' '(' fp_param_types ')' ';' 

	ID  shift 578
	'('  shift 580
	'*'  shift 579
	.  error


state 315
	type_specifier:  STRUCT.ID 
	field:  CONST STRUCT.ID '{' field_list '}' '*' ID ';' 

	ID  shift 581
	.  error


316: shift/reduce conflict (shift 582(0), red'n 109(0)) on ID
316: shift/reduce conflict (shift 583(0), red'n 109(0)) on '*'
state 316
	type_specifier:  UNION ID.    (109)
	field:  UNION ID.ID ';' 
	field:  UNION ID.'*' ID ';' 
	field:  UNION ID.'{' field_list '}' ID ';' 
	field:  UNION ID.'{' field_list '}' ';' 

	ID  shift 582
	'*'  shift 583
	'{'  shift 584
	.  reduce 109 (src line 328)


state 317
	field:  UNION '{'.field_list '}' ';' 
	field:  UNION '{'.field_list '}' ID ';' 
	field:  UNION '{'.field_list '}' ID '[' const_int_expr ']' ';' 

	INT  shift 26
	VOID  shift 27
	CONST  shift 137
	CHAR  shift 28
	LONG  shift 29
	UNSIGNED  shift 31
	SHORT  shift 30
	FLOAT  shift 32
	DOUBLE  shift 33
	STRUCT  shift 136
	ENUM  shift 44
	UNION  shift 138
	TYPEOF  shift 37
	INT128  shift 35
	SIGNED  shift 34
	ALIGNAS_SPEC  shift 135
	STATIC_ASSERT  shift 133
	TYPENAME  shift 36
	.  error

	field_list  goto 585
	field  goto 132
	type_specifier  goto 134

state 318
	union_declaration:  UNION ID '{' field_list.'}' ';' 
	union_declaration:  UNION ID '{' field_list.'}' ATTR_PACKED ';' 
	field_list:  field_list.field 
	field_list:  field_list.STATIC_ASSERT '(' const_int_expr ',' STRING_LIT ')' ';' 
	field_list:  field_list.STATIC_ASSERT '(' const_int_expr ')' ';' 

	INT  shift 26
	VOID  shift 27
	CONST  shift 137
	CHAR  shift 28
	LONG  shift 29
	UNSIGNED  shift 31
	SHORT  shift 30
	FLOAT  shift 32
	DOUBLE  shift 33
	STRUCT  shift 136
	ENUM  shift 44
	UNION  shift 138
	TYPEOF  shift 37
	INT128  shift 35
	SIGNED  shift 34
	ALIGNAS_SPEC  shift 135
	STATIC_ASSERT  shift 303
	TYPENAME  shift 36
	'}'  shift 586
	.  error

	field  goto 302
	type_specifier  goto 134

state 319
	union_declaration:  UNION ID ATTR_PACKED '{'.field_list '}' ';' 

	INT  shift 26
	VOID  shift 27
	CONST  shift 137
	CHAR  shift 28
	LONG  shift 29
	UNSIGNED  shift 31
	SHORT  shift 30
	FLOAT  shift 32
	DOUBLE  shift 33
	STRUCT  shift 136
	ENUM  shift 44
	UNION  shift 138
	TYPEOF  shift 37
	INT128  shift 35
	SIGNED  shift 34
	ALIGNAS_SPEC  shift 135
	STATIC_ASSERT  shift 133
	TYPENAME  shift 36
	.  error

	field_list  goto 587
	field  goto 132
	type_specifier  goto 134

state 320
	union_declaration:  UNION ATTR_PACKED ID '{'.field_list '}' ';' 

	INT  shift 26
	VOID  shift 27
	CONST  shift 137
	CHAR  shift 28
	LONG  shift 29
	UNSIGNED  shift 31
	SHORT  shift 30
	FLOAT  shift 32
	DOUBLE  shift 33
	STRUCT  shift 136
	ENUM  shift 44
	UNION  shift 138
	TYPEOF  shift 37
	INT128  shift 35
	SIGNED  shift 34
	ALIGNAS_SPEC  shift 135
	STATIC_ASSERT  shift 133
	TYPENAME  shift 36
	.  error

	field_list  goto 588
	field  goto 132
	type_specifier  goto 134

state 321
	field_list:  field_list.field 
	field_list:  field_list.STATIC_ASSERT '(' const_int_expr ',' STRING_LIT ')' ';' 
	field_list:  field_list.STATIC_ASSERT '(' const_int_expr ')' ';' 
	declaration_specifiers:  UNION ATTR_PACKED '{' field_list.'}' 

	INT  shift 26
	VOID  shift 27
	CONST  shift 137
	CHAR  shift 28
	LONG  shift 29
	UNSIGNED  shift 31
	SHORT  shift 30
	FLOAT  shift 32
	DOUBLE  shift 33
	STRUCT  shift 136
	ENUM  shift 44
	UNION  shift 138
	TYPEOF  shift 37
	INT128  shift 35
	SIGNED  shift 34
	ALIGNAS_SPEC  shift 135
	STATIC_ASSERT  shift 303
	TYPENAME  shift 36
	'}'  shift 589
	.  error

	field  goto 302
	type_specifier  goto 134

state 322
	declaration_specifiers:  UNION '{' field_list '}'.    (755)
	declaration_specifiers:  UNION '{' field_list '}'.ATTR_PACKED 

	ATTR_PACKED  shift 590
	.  reduce 755 (src line 2189)


state 323
	enum_declaration:  ENUM ID '{' enum_list.'}' ';' 
	enum_list:  enum_list.',' enum_member 
	enum_list:  enum_list.',' 

	','  shift 325
	'}'  shift 591
	.  error


state 324
	enum_declaration:  ENUM '{' enum_list '}'.';' 

	';'  shift 592
	.  error


state 325
	enum_list:  enum_list ','.enum_member 
	enum_list:  enum_list ','.    (465)

	ID  shift 149
	.  reduce 465 (src line 1339)

	enum_member  goto 593

state 326
	enum_member:  ID '='.const_int_expr 

	NUM  shift 194
	ID  shift 198
	SIZEOF  shift 196
	ALIGNOF  shift 197
	'('  shift 195
	'&'  shift 199
	'-'  shift 192
	'!'  shift 193
	.  error

	const_int_expr  goto 594
	const_int_ternary  goto 183
	const_int_or  goto 184
	const_int_and  goto 185
	const_int_cmp  goto 186
	const_int_shift  goto 187
	const_int_add  goto 188
	const_int_mul  goto 189
	const_int_unary  goto 190
	const_int_primary  goto 191

state 327
	declaration:  ASM_KW '(' args ')'.';' 

	';'  shift 595
	.  error


state 328
	arg_list:  arg_list ','.expression 

	NUM  shift 168
	CHAR_LIT  shift 170
	FNUM  shift 169
	ID  shift 161
	STRING_LIT  shift 159
	SIZEOF  shift 178
	VA_ARG  shift 181
	ALIGNOF  shift 179
	GENERIC  shift 180
	INC  shift 174
	DEC  shift 175
	ANDAND  shift 177
	'('  shift 154
	'*'  shift 155
	'&'  shift 176
	'-'  shift 171
	'!'  shift 172
	'~'  shift 173
	.  error

	postfix_expr  goto 153
	expression  goto 596
	var  goto 157
	simple_expression  goto 156
	ternary_expression  goto 160
	logical_expression  goto 162
	comparison_expression  goto 163
	bitwise_expression  goto 164
	additive_expression  goto 165
	term  goto 166
	factor  goto 167
	call  goto 158

state 329
	postfix_expr:  postfix_expr ARROW.ID 
	postfix_expr:  postfix_expr ARROW.ID '(' args ')' 

	ID  shift 597
	.  error


state 330
	postfix_expr:  postfix_expr '.'.ID 
	postfix_expr:  postfix_expr '.'.ID '(' args ')' 

	ID  shift 598
	.  error


state 331
	postfix_expr:  postfix_expr INC.    (287)

	.  reduce 287 (src line 826)


state 332
	postfix_expr:  postfix_expr DEC.    (288)

	.  reduce 288 (src line 828)


state 333
	postfix_expr:  postfix_expr '['.expression ']' 
	postfix_expr:  postfix_expr '['.expression ']' '(' args ')' 

	NUM  shift 168
	CHAR_LIT  shift 170
	FNUM  shift 169
	ID  shift 161
	STRING_LIT  shift 159
	SIZEOF  shift 178
	VA_ARG  shift 181
	ALIGNOF  shift 179
	GENERIC  shift 180
	INC  shift 174
	DEC  shift 175
	ANDAND  shift 177
	'('  shift 154
	'*'  shift 155
	'&'  shift 176
	'-'  shift 171
	'!'  shift 172
	'~'  shift 173
	.  error

	postfix_expr  goto 153
	expression  goto 599
	var  goto 157
	simple_expression  goto 156
	ternary_expression  goto 160
	logical_expression  goto 162
	comparison_expression  goto 163
	bitwise_expression  goto 164
	additive_expression  goto 165
	term  goto 166
	factor  goto 167
	call  goto 158

state 334
	expression:  postfix_expr '='.expression 

	NUM  shift 168
	CHAR_LIT  shift 170
	FNUM  shift 169
	ID  shift 161
	STRING_LIT  shift 159
	SIZEOF  shift 178
	VA_ARG  shift 181
	ALIGNOF  shift 179
	GENERIC  shift 180
	INC  shift 174
	DEC  shift 175
	ANDAND  shift 177
	'('  shift 154
	'*'  shift 155
	'&'  shift 176
	'-'  shift 171
	'!'  shift 172
	'~'  shift 173
	.  error

	postfix_expr  goto 153
	expression  goto 600
	var  goto 157
	simple_expression  goto 156
	ternary_expression  goto 160
	logical_expression  goto 162
	comparison_expression  goto 163
	bitwise_expression  goto 164
	additive_expression  goto 165
	term  goto 166
	factor  goto 167
	call  goto 158

state 335
	expression:  postfix_expr PLUSEQ.expression 

	NUM  shift 168
	CHAR_LIT  shift 170
	FNUM  shift 169
	ID  shift 161
	STRING_LIT  shift 159
	SIZEOF  shift 178
	VA_ARG  shift 181
	ALIGNOF  shift 179
	GENERIC  shift 180
	INC  shift 174
	DEC  shift 175
	ANDAND  shift 177
	'('  shift 154
	'*'  shift 155
	'&'  shift 176
	'-'  shift 171
	'!'  shift 172
	'~'  shift 173
	.  error

	postfix_expr  goto 153
	expression  goto 601
	var  goto 157
	simple_expression  goto 156
	ternary_expression  goto 160
	logical_expression  goto 162
	comparison_expression  goto 163
	bitwise_expression  goto 164
	additive_expression  goto 165
	term  goto 166
	factor  goto 167
	call  goto 158

state 336
	expression:  postfix_expr MINUSEQ.expression 

	NUM  shift 168
	CHAR_LIT  shift 170
	FNUM  shift 169
	ID  shift 161
	STRING_LIT  shift 159
	SIZEOF  shift 178
	VA_ARG  shift 181
	ALIGNOF  shift 179
	GENERIC  shift 180
	INC  shift 174
	DEC  shift 175
	ANDAND  shift 177
	'('  shift 154
	'*'  shift 155
	'&'  shift 176
	'-'  shift 171
	'!'  shift 172
	'~'  shift 173
	.  error

	postfix_expr  goto 153
	expression  goto 602
	var  goto 157
	simple_expression  goto 156
	ternary_expression  goto 160
	logical_expression  goto 162
	comparison_expression  goto 163
	bitwise_expression  goto 164
	additive_expression  goto 165
	term  goto 166
	factor  goto 167
	call  goto 158

state 337
	expression:  postfix_expr STAREQ.expression 

	NUM  shift 168
	CHAR_LIT  shift 170
	FNUM  shift 169
	ID  shift 161
	STRING_LIT  shift 159
	SIZEOF  shift 178
	VA_ARG  shift 181
	ALIGNOF  shift 179
	GENERIC  shift 180
	INC  shift 174
	DEC  shift 175
	ANDAND  shift 177
	'('  shift 154
	'*'  shift 155
	'&'  shift 176
	'-'  shift 171
	'!'  shift 172
	'~'  shift 173
	.  error

	postfix_expr  goto 153
	expression  goto 603
	var  goto 157
	simple_expression  goto 156
	ternary_expression  goto 160
	logical_expression  goto 162
	comparison_expression  goto 163
	bitwise_expression  goto 164
	additive_expression  goto 165
	term  goto 166
	factor  goto 167
	call  goto 158

state 338
	expression:  postfix_expr DIVEQ.expression 

	NUM  shift 168
	CHAR_LIT  shift 170
	FNUM  shift 169
	ID  shift 161
	STRING_LIT  shift 159
	SIZEOF  shift 178
	VA_ARG  shift 181
	ALIGNOF  shift 179
	GENERIC  shift 180
	INC  shift 174
	DEC  shift 175
	ANDAND  shift 177
	'('  shift 154
	'*'  shift 155
	'&'  shift 176
	'-'  shift 171
	'!'  shift 172
	'~'  shift 173
	.  error

	postfix_expr  goto 153
	expression  goto 604
	var  goto 157
	simple_expression  goto 156
	ternary_expression  goto 160
	logical_expression  goto 162
	comparison_expression  goto 163
	bitwise_expression  goto 164
	additive_expression  goto 165
	term  goto 166
	factor  goto 167
	call  goto 158

state 339
	expression:  postfix_expr MODEQ.expression 

	NUM  shift 168
	CHAR_LIT  shift 170
	FNUM  shift 169
	ID  shift 161
	STRING_LIT  shift 159
	SIZEOF  shift 178
	VA_ARG  shift 181
	ALIGNOF  shift 179
	GENERIC  shift 180
	INC  shift 174
	DEC  shift 175
	ANDAND  shift 177
	'('  shift 154
	'*'  shift 155
	'&'  shift 176
	'-'  shift 171
	'!'  shift 172
	'~'  shift 173
	.  error

	postfix_expr  goto 153
	expression  goto 605
	var  goto 157
	simple_expression  goto 156
	ternary_expression  goto 160
	logical_expression  goto 162
	comparison_expression  goto 163
	bitwise_expression  goto 164
	additive_expression  goto 165
	term  goto 166
	factor  goto 167
	call  goto 158

state 340
	expression:  postfix_expr ANDEQ.expression 

	NUM  shift 168
	CHAR_LIT  shift 170
	FNUM  shift 169
	ID  shift 161
	STRING_LIT  shift 159
	SIZEOF  shift 178
	VA_ARG  shift 181
	ALIGNOF  shift 179
	GENERIC  shift 180
	INC  shift 174
	DEC  shift 175
	ANDAND  shift 177
	'('  shift 154
	'*'  shift 155
	'&'  shift 176
	'-'  shift 171
	'!'  shift 172
	'~'  shift 173
	.  error

	postfix_expr  goto 153
	expression  goto 606
	var  goto 157
	simple_expression  goto 156
	ternary_expression  goto 160
	logical_expression  goto 162
	comparison_expression  goto 163
	bitwise_expression  goto 164
	additive_expression  goto 165
	term  goto 166
	factor  goto 167
	call  goto 158

state 341
	expression:  postfix_expr OREQ.expression 

	NUM  shift 168
	CHAR_LIT  shift 170
	FNUM  shift 169
	ID  shift 161
	STRING_LIT  shift 159
	SIZEOF  shift 178
	VA_ARG  shift 181
	ALIGNOF  shift 179
	GENERIC  shift 180
	INC  shift 174
	DEC  shift 175
	ANDAND  shift 177
	'('  shift 154
	'*'  shift 155
	'&'  shift 176
	'-'  shift 171
	'!'  shift 172
	'~'  shift 173
	.  error

	postfix_expr  goto 153
	expression  goto 607
	var  goto 157
	simple_expression  goto 156
	ternary_expression  goto 160
	logical_expression  goto 162
	comparison_expression  goto 163
	bitwise_expression  goto 164
	additive_expression  goto 165
	term  goto 166
	factor  goto 167
	call  goto 158

state 342
	expression:  postfix_expr XOREQ.expression 

	NUM  shift 168
	CHAR_LIT  shift 170
	FNUM  shift 169
	ID  shift 161
	STRING_LIT  shift 159
	SIZEOF  shift 178
	VA_ARG  shift 181
	ALIGNOF  shift 179
	GENERIC  shift 180
	INC  shift 174
	DEC  shift 175
	ANDAND  shift 177
	'('  shift 154
	'*'  shift 155
	'&'  shift 176
	'-'  shift 171
	'!'  shift 172
	'~'  shift 173
	.  error

	postfix_expr  goto 153
	expression  goto 608
	var  goto 157
	simple_expression  goto 156
	ternary_expression  goto 160
	logical_expression  goto 162
	comparison_expression  goto 163
	bitwise_expression  goto 164
	additive_expression  goto 165
	term  goto 166
	factor  goto 167
	call  goto 158

state 343
	expression:  postfix_expr SHLEQ.expression 

	NUM  shift 168
	CHAR_LIT  shift 170
	FNUM  shift 169
	ID  shift 161
	STRING_LIT  shift 159
	SIZEOF  shift 178
	VA_ARG  shift 181
	ALIGNOF  shift 179
	GENERIC  shift 180
	INC  shift 174
	DEC  shift 175
	ANDAND  shift 177
	'('  shift 154
	'*'  shift 155
	'&'  shift 176
	'-'  shift 171
	'!'  shift 172
	'~'  shift 173
	.  error

	postfix_expr  goto 153
	expression  goto 609
	var  goto 157
	simple_expression  goto 156
	ternary_expression  goto 160
	logical_expression  goto 162
	comparison_expression  goto 163
	bitwise_expression  goto 164
	additive_expression  goto 165
	term  goto 166
	factor  goto 167
	call  goto 158

state 344
	expression:  postfix_expr SHREQ.expression 

	NUM  shift 168
	CHAR_LIT  shift 170
	FNUM  shift 169
	ID  shift 161
	STRING_LIT  shift 159
	SIZEOF  shift 178
	VA_ARG  shift 181
	ALIGNOF  shift 179
	GENERIC  shift 180
	INC  shift 174
	DEC  shift 175
	ANDAND  shift 177
	'('  shift 154
	'*'  shift 155
	'&'  shift 176
	'-'  shift 171
	'!'  shift 172
	'~'  shift 173
	.  error

	postfix_expr  goto 153
	expression  goto 610
	var  goto 157
	simple_expression  goto 156
	ternary_expression  goto 160
	logical_expression  goto 162
	comparison_expression  goto 163
	bitwise_expression  goto 164
	additive_expression  goto 165
	term  goto 166
	factor  goto 167
	call  goto 158

state 345
	postfix_expr:  '(' expression.')' '.' ID 
	postfix_expr:  '(' expression.')' ARROW ID 
	postfix_expr:  '(' expression.')' ARROW ID '(' args ')' 
	postfix_expr:  '(' expression.')' '.' ID '(' args ')' 
	postfix_expr:  '(' expression.')' '[' expression ']' 
	postfix_expr:  '(' expression.')' INC 
	postfix_expr:  '(' expression.')' DEC 
	postfix_expr:  '(' expression.')' '(' args ')' 
	expression:  '(' expression.')' '=' expression 
	expression:  '(' expression.')' PLUSEQ expression 
	expression:  '(' expression.')' MINUSEQ expression 
	expression:  '(' expression.')' STAREQ expression 
	expression:  '(' expression.')' ANDEQ expression 
	expression:  '(' expression.')' OREQ expression 
	expression:  '(' expression.')' XOREQ expression 
	expression:  '(' expression.')' SHLEQ expression 
	expression:  '(' expression.')' SHREQ expression 
	expression:  '(' expression.')' DIVEQ expression 
	expression:  '(' expression.')' MODEQ expression 
	factor:  '(' expression.')' 
	comma_expr_list:  expression.',' expression 

	')'  shift 611
	','  shift 612
	.  error


state 346
	postfix_expr:  '(' comma_expr_list.')' ARROW ID 
	postfix_expr:  '(' comma_expr_list.')' '.' ID 
	factor:  '(' comma_expr_list.')' 
	comma_expr_list:  comma_expr_list.',' expression 

	')'  shift 613
	','  shift 614
	.  error


state 347
	factor:  '(' type_specifier.')' factor 
	factor:  '(' type_specifier.'*' ')' factor 
	factor:  '(' type_specifier.'*' '*' ')' factor 
	factor:  '(' type_specifier.'(' '*' ')' '(' fp_param_types ')' ')' factor 
	factor:  '(' type_specifier.'*' '(' '*' ')' '(' fp_param_types ')' ')' factor 
	factor:  '(' type_specifier.'[' ']' ')' '{' init_list '}' 
	factor:  '(' type_specifier.'[' ']' ')' '{' init_list ',' '}' 
	factor:  '(' type_specifier.'[' const_int_expr ']' ')' '{' init_list '}' 
	factor:  '(' type_specifier.'[' const_int_expr ']' ')' '{' init_list ',' '}' 
	factor:  '(' type_specifier.')' '{' init_list '}' 
	factor:  '(' type_specifier.')' '{' init_list ',' '}' 
	factor:  '(' type_specifier.')' '{' '}' 
	factor:  '(' type_specifier.'*' ')' '{' init_list '}' 
	factor:  '(' type_specifier.'*' ')' '{' init_list ',' '}' 

	'('  shift 617
	')'  shift 615
	'*'  shift 616
	'['  shift 618
	.  error


state 348
	factor:  '(' CONST.type_specifier '*' ')' factor 
	factor:  '(' CONST.type_specifier '*' '*' ')' factor 

	INT  shift 26
	VOID  shift 27
	CHAR  shift 28
	LONG  shift 29
	UNSIGNED  shift 31
	SHORT  shift 30
	FLOAT  shift 32
	DOUBLE  shift 33
	STRUCT  shift 92
	ENUM  shift 44
	UNION  shift 87
	TYPEOF  shift 37
	INT128  shift 35
	SIGNED  shift 34
	TYPENAME  shift 36
	.  error

	type_specifier  goto 619

state 349
	type_specifier:  STRUCT.ID 
	factor:  '(' STRUCT.ID '*' ')' factor 
	factor:  '(' STRUCT.ID ')' factor 
	factor:  '(' STRUCT.'{' field_list '}' '*' ')' factor 
	factor:  '(' STRUCT.'{' field_list '}' ')' factor 
	factor:  '(' STRUCT.ID ')' '{' init_list '}' 
	factor:  '(' STRUCT.ID ')' '{' init_list ',' '}' 
	factor:  '(' STRUCT.ID ')' '{' '}' 

	ID  shift 620
	'{'  shift 621
	.  error


state 350
	type_specifier:  UNION.ID 
	factor:  '(' UNION.ID ')' '{' init_list '}' 
	factor:  '(' UNION.ID ')' '{' init_list ',' '}' 

	ID  shift 622
	.  error


state 351
	factor:  '(' '{'.block_item_list '}' ')' 
	block_item_list: .    (219)

	.  reduce 219 (src line 569)

	block_item_list  goto 623

state 352
	expression:  '*' factor.'=' expression 
	expression:  '*' factor.PLUSEQ expression 
	expression:  '*' factor.MINUSEQ expression 
	expression:  '*' factor.STAREQ expression 
	expression:  '*' factor.SHREQ expression 
	expression:  '*' factor.SHLEQ expression 
	expression:  '*' factor.OREQ expression 
	expression:  '*' factor.ANDEQ expression 
	factor:  '*' factor.    (390)

	PLUSEQ  shift 625
	MINUSEQ  shift 626
	STAREQ  shift 627
	ANDEQ  shift 631
	OREQ  shift 630
	SHLEQ  shift 629
	SHREQ  shift 628
	'='  shift 624
	.  reduce 390 (src line 1079)


state 353
	postfix_expr:  '('.expression ')' '.' ID 
	postfix_expr:  '('.expression ')' ARROW ID 
	postfix_expr:  '('.comma_expr_list ')' ARROW ID 
	postfix_expr:  '('.comma_expr_list ')' '.' ID 
	postfix_expr:  '('.expression ')' ARROW ID '(' args ')' 
	postfix_expr:  '('.expression ')' '.' ID '(' args ')' 
	postfix_expr:  '('.expression ')' '[' expression ']' 
	postfix_expr:  '('.expression ')' INC 
	postfix_expr:  '('.expression ')' DEC 
	postfix_expr:  '('.expression ')' '(' args ')' 
	factor:  '('.expression ')' 
	factor:  '('.comma_expr_list ')' 
	factor:  '('.type_specifier ')' factor 
	factor:  '('.type_specifier '*' ')' factor 
	factor:  '('.CONST type_specifier '*' ')' factor 
	factor:  '('.type_specifier '*' '*' ')' factor 
	factor:  '('.CONST type_specifier '*' '*' ')' factor 
	factor:  '('.STRUCT ID '*' ')' factor 
	factor:  '('.STRUCT ID ')' factor 
	factor:  '('.STRUCT '{' field_list '}' '*' ')' factor 
	factor:  '('.STRUCT '{' field_list '}' ')' factor 
	factor:  '('.type_specifier '(' '*' ')' '(' fp_param_types ')' ')' factor 
	factor:  '('.type_specifier '*' '(' '*' ')' '(' fp_param_types ')' ')' factor 
	factor:  '('.type_specifier '[' ']' ')' '{' init_list '}' 
	factor:  '('.type_specifier '[' ']' ')' '{' init_list ',' '}' 
	factor:  '('.type_specifier '[' const_int_expr ']' ')' '{' init_list '}' 
	factor:  '('.type_specifier '[' const_int_expr ']' ')' '{' init_list ',' '}' 
	factor:  '('.type_specifier ')' '{' init_list '}' 
	factor:  '('.type_specifier ')' '{' init_list ',' '}' 
	factor:  '('.type_specifier ')' '{' '}' 
	factor:  '('.type_specifier '*' ')' '{' init_list '}' 
	factor:  '('.type_specifier '*' ')' '{' init_list ',' '}' 
	factor:  '('.STRUCT ID ')' '{' init_list '}' 
	factor:  '('.STRUCT ID ')' '{' init_list ',' '}' 
	factor:  '('.STRUCT ID ')' '{' '}' 
	factor:  '('.UNION ID ')' '{' init_list '}' 
	factor:  '('.UNION ID ')' '{' init_list ',' '}' 
	factor:  '('.'{' block_item_list '}' ')' 

	NUM  shift 168
	CHAR_LIT  shift 170
	FNUM  shift 169
	ID  shift 161
	STRING_LIT  shift 159
	INT  shift 26
	VOID  shift 27
	CONST  shift 348
	CHAR  shift 28
	LONG  shift 29
	UNSIGNED  shift 31
	SHORT  shift 30
	FLOAT  shift 32
	DOUBLE  shift 33
	STRUCT  shift 349
	SIZEOF  shift 178
	ENUM  shift 44
	UNION  shift 350
	VA_ARG  shift 181
	TYPEOF  shift 37
	INT128  shift 35
	SIGNED  shift 34
	ALIGNOF  shift 179
	GENERIC  shift 180
	TYPENAME  shift 36
	INC  shift 174
	DEC  shift 175
	ANDAND  shift 177
	'('  shift 154
	'*'  shift 155
	'{'  shift 351
	'&'  shift 176
	'-'  shift 171
	'!'  shift 172
	'~'  shift 173
	.  error

	postfix_expr  goto 153
	expression  goto 632
	var  goto 157
	simple_expression  goto 156
	ternary_expression  goto 160
	logical_expression  goto 162
	comparison_expression  goto 163
	bitwise_expression  goto 164
	additive_expression  goto 165
	term  goto 166
	factor  goto 167
	call  goto 158
	comma_expr_list  goto 346
	type_specifier  goto 347

state 354
	postfix_expr:  postfix_expr.ARROW ID 
	postfix_expr:  postfix_expr.'.' ID 
	postfix_expr:  postfix_expr.INC 
	postfix_expr:  postfix_expr.DEC 
	postfix_expr:  postfix_expr.'[' expression ']' 
	postfix_expr:  postfix_expr.'[' expression ']' '(' args ')' 
	postfix_expr:  postfix_expr.ARROW ID '(' args ')' 
	postfix_expr:  postfix_expr.'.' ID '(' args ')' 
	factor:  postfix_expr.    (371)

	INC  shift 331
	DEC  shift 332
	ARROW  shift 329
	'['  shift 333
	'.'  shift 330
	.  reduce 371 (src line 1040)


state 355
	factor:  '*'.factor 

	NUM  shift 168
	CHAR_LIT  shift 170
	FNUM  shift 169
	ID  shift 161
	STRING_LIT  shift 159
	SIZEOF  shift 178
	VA_ARG  shift 181
	ALIGNOF  shift 179
	GENERIC  shift 180
	INC  shift 174
	DEC  shift 175
	ANDAND  shift 177
	'('  shift 353
	'*'  shift 355
	'&'  shift 176
	'-'  shift 171
	'!'  shift 172
	'~'  shift 173
	.  error

	postfix_expr  goto 354
	var  goto 157
	factor  goto 633
	call  goto 158

state 356
	postfix_expr:  var '('.args ')' 
	args: .    (449)

	NUM  shift 168
	CHAR_LIT  shift 170
	FNUM  shift 169
	ID  shift 161
	STRING_LIT  shift 159
	SIZEOF  shift 178
	VA_ARG  shift 181
	ALIGNOF  shift 179
	GENERIC  shift 180
	INC  shift 174
	DEC  shift 175
	ANDAND  shift 177
	'('  shift 154
	'*'  shift 155
	'&'  shift 176
	'-'  shift 171
	'!'  shift 172
	'~'  shift 173
	.  reduce 449 (src line 1293)

	postfix_expr  goto 153
	expression  goto 152
	var  goto 157
	simple_expression  goto 156
	ternary_expression  goto 160
	logical_expression  goto 162
	comparison_expression  goto 163
	bitwise_expression  goto 164
	additive_expression  goto 165
	term  goto 166
	factor  goto 167
	call  goto 158
	args  goto 634
	arg_list  goto 151

state 357
	postfix_expr:  call '('.args ')' 
	args: .    (449)

	NUM  shift 168
	CHAR_LIT  shift 170
	FNUM  shift 169
	ID  shift 161
	STRING_LIT  shift 159
	SIZEOF  shift 178
	VA_ARG  shift 181
	ALIGNOF  shift 179
	GENERIC  shift 180
	INC  shift 174
	DEC  shift 175
	ANDAND  shift 177
	'('  shift 154
	'*'  shift 155
	'&'  shift 176
	'-'  shift 171
	'!'  shift 172
	'~'  shift 173
	.  reduce 449 (src line 1293)

	postfix_expr  goto 153
	expression  goto 152
	var  goto 157
	simple_expression  goto 156
	ternary_expression  goto 160
	logical_expression  goto 162
	comparison_expression  goto 163
	bitwise_expression  goto 164
	additive_expression  goto 165
	term  goto 166
	factor  goto 167
	call  goto 158
	args  goto 635
	arg_list  goto 151

state 358
	postfix_expr:  STRING_LIT '['.expression ']' 

	NUM  shift 168
	CHAR_LIT  shift 170
	FNUM  shift 169
	ID  shift 161
	STRING_LIT  shift 159
	SIZEOF  shift 178
	VA_ARG  shift 181
	ALIGNOF  shift 179
	GENERIC  shift 180
	INC  shift 174
	DEC  shift 175
	ANDAND  shift 177
	'('  shift 154
	'*'  shift 155
	'&'  shift 176
	'-'  shift 171
	'!'  shift 172
	'~'  shift 173
	.  error

	postfix_expr  goto 153
	expression  goto 636
	var  goto 157
	simple_expression  goto 156
	ternary_expression  goto 160
	logical_expression  goto 162
	comparison_expression  goto 163
	bitwise_expression  goto 164
	additive_expression  goto 165
	term  goto 166
	factor  goto 167
	call  goto 158

state 359
	var:  ID '['.expression ']' '[' expression ']' 
	var:  ID '['.expression ']' 

	NUM  shift 168
	CHAR_LIT  shift 170
	FNUM  shift 169
	ID  shift 161
	STRING_LIT  shift 159
	SIZEOF  shift 178
	VA_ARG  shift 181
	ALIGNOF  shift 179
	GENERIC  shift 180
	INC  shift 174
	DEC  shift 175
	ANDAND  shift 177
	'('  shift 154
	'*'  shift 155
	'&'  shift 176
	'-'  shift 171
	'!'  shift 172
	'~'  shift 173
	.  error

	postfix_expr  goto 153
	expression  goto 637
	var  goto 157
	simple_expression  goto 156
	ternary_expression  goto 160
	logical_expression  goto 162
	comparison_expression  goto 163
	bitwise_expression  goto 164
	additive_expression  goto 165
	term  goto 166
	factor  goto 167
	call  goto 158

state 360
	call:  ID '('.args ')' 
	args: .    (449)

	NUM  shift 168
	CHAR_LIT  shift 170
	FNUM  shift 169
	ID  shift 161
	STRING_LIT  shift 159
	SIZEOF  shift 178
	VA_ARG  shift 181
	ALIGNOF  shift 179
	GENERIC  shift 180
	INC  shift 174
	DEC  shift 175
	ANDAND  shift 177
	'('  shift 154
	'*'  shift 155
	'&'  shift 176
	'-'  shift 171
	'!'  shift 172
	'~'  shift 173
	.  reduce 449 (src line 1293)

	postfix_expr  goto 153
	expression  goto 152
	var  goto 157
	simple_expression  goto 156
	ternary_expression  goto 160
	logical_expression  goto 162
	comparison_expression  goto 163
	bitwise_expression  goto 164
	additive_expression  goto 165
	term  goto 166
	factor  goto 167
	call  goto 158
	args  goto 638
	arg_list  goto 151

state 361
	ternary_expression:  logical_expression QUESTION.ternary_expression ':' ternary_expression 

	NUM  shift 168
	CHAR_LIT  shift 170
	FNUM  shift 169
	ID  shift 161
	STRING_LIT  shift 159
	SIZEOF  shift 178
	VA_ARG  shift 181
	ALIGNOF  shift 179
	GENERIC  shift 180
	INC  shift 174
	DEC  shift 175
	ANDAND  shift 177
	'('  shift 353
	'*'  shift 355
	'&'  shift 176
	'-'  shift 171
	'!'  shift 172
	'~'  shift 173
	.  error

	postfix_expr  goto 354
	var  goto 157
	ternary_expression  goto 639
	logical_expression  goto 162
	comparison_expression  goto 163
	bitwise_expression  goto 164
	additive_expression  goto 165
	term  goto 166
	factor  goto 167
	call  goto 158

state 362
	logical_expression:  logical_expression ANDAND.comparison_expression 

	NUM  shift 168
	CHAR_LIT  shift 170
	FNUM  shift 169
	ID  shift 161
	STRING_LIT  shift 159
	SIZEOF  shift 178
	VA_ARG  shift 181
	ALIGNOF  shift 179
	GENERIC  shift 180
	INC  shift 174
	DEC  shift 175
	ANDAND  shift 177
	'('  shift 353
	'*'  shift 355
	'&'  shift 176
	'-'  shift 171
	'!'  shift 172
	'~'  shift 173
	.  error

	postfix_expr  goto 354
	var  goto 157
	comparison_expression  goto 640
	bitwise_expression  goto 164
	additive_expression  goto 165
	term  goto 166
	factor  goto 167
	call  goto 158

state 363
	logical_expression:  logical_expression OROR.comparison_expression 

	NUM  shift 168
	CHAR_LIT  shift 170
	FNUM  shift 169
	ID  shift 161
	STRING_LIT  shift 159
	SIZEOF  shift 178
	VA_ARG  shift 181
	ALIGNOF  shift 179
	GENERIC  shift 180
	INC  shift 174
	DEC  shift 175
	ANDAND  shift 177
	'('  shift 353
	'*'  shift 355
	'&'  shift 176
	'-'  shift 171
	'!'  shift 172
	'~'  shift 173
	.  error

	postfix_expr  goto 354
	var  goto 157
	comparison_expression  goto 641
	bitwise_expression  goto 164
	additive_expression  goto 165
	term  goto 166
	factor  goto 167
	call  goto 158

state 364
	comparison_expression:  bitwise_expression relop.bitwise_expression 

	NUM  shift 168
	CHAR_LIT  shift 170
	FNUM  shift 169
	ID  shift 161
	STRING_LIT  shift 159
	SIZEOF  shift 178
	VA_ARG  shift 181
	ALIGNOF  shift 179
	GENERIC  shift 180
	INC  shift 174
	DEC  shift 175
	ANDAND  shift 177
	'('  shift 353
	'*'  shift 355
	'&'  shift 176
	'-'  shift 171
	'!'  shift 172
	'~'  shift 173
	.  error

	postfix_expr  goto 354
	var  goto 157
	bitwise_expression  goto 642
	additive_expression  goto 165
	term  goto 166
	factor  goto 167
	call  goto 158

state 365
	bitwise_expression:  bitwise_expression bitwiseop.additive_expression 

	NUM  shift 168
	CHAR_LIT  shift 170
	FNUM  shift 169
	ID  shift 161
	STRING_LIT  shift 159
	SIZEOF  shift 178
	VA_ARG  shift 181
	ALIGNOF  shift 179
	GENERIC  shift 180
	INC  shift 174
	DEC  shift 175
	ANDAND  shift 177
	'('  shift 353
	'*'  shift 355
	'&'  shift 176
	'-'  shift 171
	'!'  shift 172
	'~'  shift 173
	.  error

	postfix_expr  goto 354
	var  goto 157
	additive_expression  goto 643
	term  goto 166
	factor  goto 167
	call  goto 158

state 366
	relop:  LE.    (354)

	.  reduce 354 (src line 1001)


state 367
	relop:  '<'.    (355)

	.  reduce 355 (src line 1003)


state 368
	relop:  '>'.    (356)

	.  reduce 356 (src line 1004)


state 369
	relop:  GE.    (357)

	.  reduce 357 (src line 1005)


state 370
	relop:  EQ.    (358)

	.  reduce 358 (src line 1006)


state 371
	relop:  NE.    (359)

	.  reduce 359 (src line 1007)


state 372
	bitwiseop:  '&'.    (349)

	.  reduce 349 (src line 993)


state 373
	bitwiseop:  '|'.    (350)

	.  reduce 350 (src line 995)


state 374
	bitwiseop:  '^'.    (351)

	.  reduce 351 (src line 996)


state 375
	bitwiseop:  LSHIFT.    (352)

	.  reduce 352 (src line 997)


state 376
	bitwiseop:  RSHIFT.    (353)

	.  reduce 353 (src line 998)


state 377
	additive_expression:  additive_expression addop.term 

	NUM  shift 168
	CHAR_LIT  shift 170
	FNUM  shift 169
	ID  shift 161
	STRING_LIT  shift 159
	SIZEOF  shift 178
	VA_ARG  shift 181
	ALIGNOF  shift 179
	GENERIC  shift 180
	INC  shift 174
	DEC  shift 175
	ANDAND  shift 177
	'('  shift 353
	'*'  shift 355
	'&'  shift 176
	'-'  shift 171
	'!'  shift 172
	'~'  shift 173
	.  error

	postfix_expr  goto 354
	var  goto 157
	term  goto 644
	factor  goto 167
	call  goto 158

state 378
	addop:  '+'.    (362)

	.  reduce 362 (src line 1017)


state 379
	addop:  '-'.    (363)

	.  reduce 363 (src line 1019)


state 380
	term:  term mulop.factor 

	NUM  shift 168
	CHAR_LIT  shift 170
	FNUM  shift 169
	ID  shift 161
	STRING_LIT  shift 159
	SIZEOF  shift 178
	VA_ARG  shift 181
	ALIGNOF  shift 179
	GENERIC  shift 180
	INC  shift 174
	DEC  shift 175
	ANDAND  shift 177
	'('  shift 353
	'*'  shift 355
	'&'  shift 176
	'-'  shift 171
	'!'  shift 172
	'~'  shift 173
	.  error

	postfix_expr  goto 354
	var  goto 157
	factor  goto 645
	call  goto 158

state 381
	mulop:  '*'.    (366)

	.  reduce 366 (src line 1029)


state 382
	mulop:  '/'.    (367)

	.  reduce 367 (src line 1031)


state 383
	mulop:  '%'.    (368)

	.  reduce 368 (src line 1032)


state 384
	factor:  '-' factor.    (376)

	.  reduce 376 (src line 1045)


state 385
	factor:  '!' factor.    (377)

	.  reduce 377 (src line 1046)


state 386
	factor:  '~' factor.    (378)

	.  reduce 378 (src line 1047)


state 387
	factor:  INC factor.    (379)

	.  reduce 379 (src line 1048)


state 388
	factor:  DEC factor.    (380)

	.  reduce 380 (src line 1049)


 389: reduce/reduce conflict  (red'ns 282 and 381) on ATTR_ALIAS
 389: reduce/reduce conflict  (red'ns 282 and 381) on LE
 389: reduce/reduce conflict  (red'ns 282 and 381) on GE
 389: reduce/reduce conflict  (red'ns 282 and 381) on EQ
 389: reduce/reduce conflict  (red'ns 282 and 381) on NE
 389: reduce/reduce conflict  (red'ns 282 and 381) on LSHIFT
 389: reduce/reduce conflict  (red'ns 282 and 381) on RSHIFT
 389: reduce/reduce conflict  (red'ns 282 and 381) on PLUSEQ
 389: reduce/reduce conflict  (red'ns 282 and 381) on MINUSEQ
 389: reduce/reduce conflict  (red'ns 282 and 381) on STAREQ
 389: reduce/reduce conflict  (red'ns 282 and 381) on ANDEQ
 389: reduce/reduce conflict  (red'ns 282 and 381) on OREQ
 389: reduce/reduce conflict  (red'ns 282 and 381) on SHLEQ
 389: reduce/reduce conflict  (red'ns 282 and 381) on SHREQ
 389: reduce/reduce conflict  (red'ns 282 and 381) on ANDAND
 389: reduce/reduce conflict  (red'ns 282 and 381) on OROR
 389: reduce/reduce conflict  (red'ns 282 and 381) on QUESTION
 389: reduce/reduce conflict  (red'ns 282 and 381) on ';'
 389: reduce/reduce conflict  (red'ns 282 and 381) on ')'
 389: reduce/reduce conflict  (red'ns 282 and 381) on ','
 389: reduce/reduce conflict  (red'ns 282 and 381) on '*'
 389: reduce/reduce conflict  (red'ns 282 and 381) on ']'
 389: reduce/reduce conflict  (red'ns 282 and 381) on '='
 389: reduce/reduce conflict  (red'ns 282 and 381) on '}'
 389: reduce/reduce conflict  (red'ns 282 and 381) on ':'
 389: reduce/reduce conflict  (red'ns 282 and 381) on '&'
 389: reduce/reduce conflict  (red'ns 282 and 381) on '|'
 389: reduce/reduce conflict  (red'ns 282 and 381) on '^'
 389: reduce/reduce conflict  (red'ns 282 and 381) on '<'
 389: reduce/reduce conflict  (red'ns 282 and 381) on '>'
 389: reduce/reduce conflict  (red'ns 282 and 381) on '+'
 389: reduce/reduce conflict  (red'ns 282 and 381) on '-'
 389: reduce/reduce conflict  (red'ns 282 and 381) on '/'
 389: reduce/reduce conflict  (red'ns 282 and 381) on '%'
state 389
	postfix_expr:  var.    (282)
	postfix_expr:  var.'(' args ')' 
	factor:  '&' var.    (381)

	'('  shift 356
	.  reduce 282 (src line 814)


state 390
	postfix_expr:  postfix_expr.ARROW ID 
	postfix_expr:  postfix_expr.'.' ID 
	postfix_expr:  postfix_expr.INC 
	postfix_expr:  postfix_expr.DEC 
	postfix_expr:  postfix_expr.'[' expression ']' 
	postfix_expr:  postfix_expr.'[' expression ']' '(' args ')' 
	postfix_expr:  postfix_expr.ARROW ID '(' args ')' 
	postfix_expr:  postfix_expr.'.' ID '(' args ')' 
	factor:  '&' postfix_expr.    (382)
	factor:  '&' postfix_expr.'[' expression ']' 
	factor:  '&' postfix_expr.ARROW ID 
	factor:  '&' postfix_expr.'.' ID 

	INC  shift 331
	DEC  shift 332
	ARROW  shift 646
	'['  shift 648
	'.'  shift 647
	.  reduce 382 (src line 1057)


state 391
	postfix_expr:  '('.expression ')' '.' ID 
	postfix_expr:  '('.expression ')' ARROW ID 
	postfix_expr:  '('.comma_expr_list ')' ARROW ID 
	postfix_expr:  '('.comma_expr_list ')' '.' ID 
	postfix_expr:  '('.expression ')' ARROW ID '(' args ')' 
	postfix_expr:  '('.expression ')' '.' ID '(' args ')' 
	postfix_expr:  '('.expression ')' '[' expression ']' 
	postfix_expr:  '('.expression ')' INC 
	postfix_expr:  '('.expression ')' DEC 
	postfix_expr:  '('.expression ')' '(' args ')' 
	factor:  '&' '('.expression ')' 
	factor:  '&' '('.expression ')' '[' expression ']' 
	factor:  '&' '('.STRUCT ID ')' '{' init_list '}' 
	factor:  '&' '('.STRUCT ID ')' '{' init_list ',' '}' 
	factor:  '&' '('.STRUCT ID ')' '{' '}' 

	NUM  shift 168
	CHAR_LIT  shift 170
	FNUM  shift 169
	ID  shift 161
	STRING_LIT  shift 159
	STRUCT  shift 651
	SIZEOF  shift 178
	VA_ARG  shift 181
	ALIGNOF  shift 179
	GENERIC  shift 180
	INC  shift 174
	DEC  shift 175
	ANDAND  shift 177
	'('  shift 154
	'*'  shift 155
	'&'  shift 176
	'-'  shift 171
	'!'  shift 172
	'~'  shift 173
	.  error

	postfix_expr  goto 153
	expression  goto 649
	var  goto 157
	simple_expression  goto 156
	ternary_expression  goto 160
	logical_expression  goto 162
	comparison_expression  goto 163
	bitwise_expression  goto 164
	additive_expression  goto 165
	term  goto 166
	factor  goto 167
	call  goto 158
	comma_expr_list  goto 650

state 392
	postfix_expr:  STRING_LIT.'[' expression ']' 
	factor:  '&' STRING_LIT.'[' expression ']' 

	'['  shift 652
	.  error


state 393
	factor:  ANDAND ID.    (383)

	.  reduce 383 (src line 1058)


state 394
	postfix_expr:  '('.expression ')' '.' ID 
	postfix_expr:  '('.expression ')' ARROW ID 
	postfix_expr:  '('.comma_expr_list ')' ARROW ID 
	postfix_expr:  '('.comma_expr_list ')' '.' ID 
	postfix_expr:  '('.expression ')' ARROW ID '(' args ')' 
	postfix_expr:  '('.expression ')' '.' ID '(' args ')' 
	postfix_expr:  '('.expression ')' '[' expression ']' 
	postfix_expr:  '('.expression ')' INC 
	postfix_expr:  '('.expression ')' DEC 
	postfix_expr:  '('.expression ')' '(' args ')' 
	factor:  SIZEOF '('.type_specifier ')' 
	factor:  SIZEOF '('.type_specifier '*' ')' 
	factor:  SIZEOF '('.CONST type_specifier '*' ')' 
	factor:  SIZEOF '('.type_specifier '*' '*' ')' 
	factor:  SIZEOF '('.type_specifier '[' const_int_expr ']' ')' 
	factor:  SIZEOF '('.STRUCT ID ')' 
	factor:  SIZEOF '('.STRUCT ID '*' ')' 
	factor:  SIZEOF '('.UNION ID ')' 
	factor:  SIZEOF '('.expression ')' 

	NUM  shift 168
	CHAR_LIT  shift 170
	FNUM  shift 169
	ID  shift 161
	STRING_LIT  shift 159
	INT  shift 26
	VOID  shift 27
	CONST  shift 655
	CHAR  shift 28
	LONG  shift 29
	UNSIGNED  shift 31
	SHORT  shift 30
	FLOAT  shift 32
	DOUBLE  shift 33
	STRUCT  shift 656
	SIZEOF  shift 178
	ENUM  shift 44
	UNION  shift 657
	VA_ARG  shift 181
	TYPEOF  shift 37
	INT128  shift 35
	SIGNED  shift 34
	ALIGNOF  shift 179
	GENERIC  shift 180
	TYPENAME  shift 36
	INC  shift 174
	DEC  shift 175
	ANDAND  shift 177
	'('  shift 154
	'*'  shift 155
	'&'  shift 176
	'-'  shift 171
	'!'  shift 172
	'~'  shift 173
	.  error

	postfix_expr  goto 153
	expression  goto 653
	var  goto 157
	simple_expression  goto 156
	ternary_expression  goto 160
	logical_expression  goto 162
	comparison_expression  goto 163
	bitwise_expression  goto 164
	additive_expression  goto 165
	term  goto 166
	factor  goto 167
	call  goto 158
	comma_expr_list  goto 650
	type_specifier  goto 654

state 395
	postfix_expr:  postfix_expr.ARROW ID 
	postfix_expr:  postfix_expr.'.' ID 
	postfix_expr:  postfix_expr.INC 
	postfix_expr:  postfix_expr.DEC 
	postfix_expr:  postfix_expr.'[' expression ']' 
	postfix_expr:  postfix_expr.'[' expression ']' '(' args ')' 
	postfix_expr:  postfix_expr.ARROW ID '(' args ')' 
	postfix_expr:  postfix_expr.'.' ID '(' args ')' 
	factor:  SIZEOF postfix_expr.    (400)

	INC  shift 331
	DEC  shift 332
	ARROW  shift 329
	'['  shift 333
	'.'  shift 330
	.  reduce 400 (src line 1106)


state 396
	factor:  SIZEOF '*'.factor 

	NUM  shift 168
	CHAR_LIT  shift 170
	FNUM  shift 169
	ID  shift 161
	STRING_LIT  shift 159
	SIZEOF  shift 178
	VA_ARG  shift 181
	ALIGNOF  shift 179
	GENERIC  shift 180
	INC  shift 174
	DEC  shift 175
	ANDAND  shift 177
	'('  shift 353
	'*'  shift 355
	'&'  shift 176
	'-'  shift 171
	'!'  shift 172
	'~'  shift 173
	.  error

	postfix_expr  goto 354
	var  goto 157
	factor  goto 658
	call  goto 158

state 397
	postfix_expr:  STRING_LIT.'[' expression ']' 

	'['  shift 358
	.  error


state 398
	factor:  ALIGNOF '('.type_specifier ')' 
	factor:  ALIGNOF '('.type_specifier '*' ')' 
	factor:  ALIGNOF '('.STRUCT ID ')' 
	factor:  ALIGNOF '('.expression ')' 

	NUM  shift 168
	CHAR_LIT  shift 170
	FNUM  shift 169
	ID  shift 161
	STRING_LIT  shift 159
	INT  shift 26
	VOID  shift 27
	CHAR  shift 28
	LONG  shift 29
	UNSIGNED  shift 31
	SHORT  shift 30
	FLOAT  shift 32
	DOUBLE  shift 33
	STRUCT  shift 660
	SIZEOF  shift 178
	ENUM  shift 44
	UNION  shift 87
	VA_ARG  shift 181
	TYPEOF  shift 37
	INT128  shift 35
	SIGNED  shift 34
	ALIGNOF  shift 179
	GENERIC  shift 180
	TYPENAME  shift 36
	INC  shift 174
	DEC  shift 175
	ANDAND  shift 177
	'('  shift 154
	'*'  shift 155
	'&'  shift 176
	'-'  shift 171
	'!'  shift 172
	'~'  shift 173
	.  error

	postfix_expr  goto 153
	expression  goto 661
	var  goto 157
	simple_expression  goto 156
	ternary_expression  goto 160
	logical_expression  goto 162
	comparison_expression  goto 163
	bitwise_expression  goto 164
	additive_expression  goto 165
	term  goto 166
	factor  goto 167
	call  goto 158
	type_specifier  goto 659

state 399
	factor:  GENERIC '('.expression ',' generic_assoc_list ')' 

	NUM  shift 168
	CHAR_LIT  shift 170
	FNUM  shift 169
	ID  shift 161
	STRING_LIT  shift 159
	SIZEOF  shift 178
	VA_ARG  shift 181
	ALIGNOF  shift 179
	GENERIC  shift 180
	INC  shift 174
	DEC  shift 175
	ANDAND  shift 177
	'('  shift 154
	'*'  shift 155
	'&'  shift 176
	'-'  shift 171
	'!'  shift 172
	'~'  shift 173
	.  error

	postfix_expr  goto 153
	expression  goto 662
	var  goto 157
	simple_expression  goto 156
	ternary_expression  goto 160
	logical_expression  goto 162
	comparison_expression  goto 163
	bitwise_expression  goto 164
	additive_expression  goto 165
	term  goto 166
	factor  goto 167
	call  goto 158

state 400
	factor:  VA_ARG '('.expression ',' type_specifier ')' 
	factor:  VA_ARG '('.expression ',' type_specifier '*' ')' 
	factor:  VA_ARG '('.expression ',' CONST type_specifier '*' ')' 
	factor:  VA_ARG '('.expression ',' type_specifier '*' '*' ')' 
	factor:  VA_ARG '('.expression ',' STRUCT ID '*' ')' 

	NUM  shift 168
	CHAR_LIT  shift 170
	FNUM  shift 169
	ID  shift 161
	STRING_LIT  shift 159
	SIZEOF  shift 178
	VA_ARG  shift 181
	ALIGNOF  shift 179
	GENERIC  shift 180
	INC  shift 174
	DEC  shift 175
	ANDAND  shift 177
	'('  shift 154
	'*'  shift 155
	'&'  shift 176
	'-'  shift 171
	'!'  shift 172
	'~'  shift 173
	.  error

	postfix_expr  goto 153
	expression  goto 663
	var  goto 157
	simple_expression  goto 156
	ternary_expression  goto 160
	logical_expression  goto 162
	comparison_expression  goto 163
	bitwise_expression  goto 164
	additive_expression  goto 165
	term  goto 166
	factor  goto 167
	call  goto 158

state 401
	declaration:  STATIC_ASSERT '(' const_int_expr ','.STRING_LIT ')' ';' 

	STRING_LIT  shift 664
	.  error


state 402
	declaration:  STATIC_ASSERT '(' const_int_expr ')'.';' 

	';'  shift 665
	.  error


state 403
	const_int_ternary:  const_int_or QUESTION.const_int_or ':' const_int_or 

	NUM  shift 194
	ID  shift 198
	SIZEOF  shift 196
	ALIGNOF  shift 197
	'('  shift 195
	'&'  shift 199
	'-'  shift 192
	'!'  shift 193
	.  error

	const_int_or  goto 666
	const_int_and  goto 185
	const_int_cmp  goto 186
	const_int_shift  goto 187
	const_int_add  goto 188
	const_int_mul  goto 189
	const_int_unary  goto 190
	const_int_primary  goto 191

state 404
	const_int_or:  const_int_or OROR.const_int_and 

	NUM  shift 194
	ID  shift 198
	SIZEOF  shift 196
	ALIGNOF  shift 197
	'('  shift 195
	'&'  shift 199
	'-'  shift 192
	'!'  shift 193
	.  error

	const_int_and  goto 667
	const_int_cmp  goto 186
	const_int_shift  goto 187
	const_int_add  goto 188
	const_int_mul  goto 189
	const_int_unary  goto 190
	const_int_primary  goto 191

state 405
	const_int_and:  const_int_and ANDAND.const_int_cmp 

	NUM  shift 194
	ID  shift 198
	SIZEOF  shift 196
	ALIGNOF  shift 197
	'('  shift 195
	'&'  shift 199
	'-'  shift 192
	'!'  shift 193
	.  error

	const_int_cmp  goto 668
	const_int_shift  goto 187
	const_int_add  goto 188
	const_int_mul  goto 189
	const_int_unary  goto 190
	const_int_primary  goto 191

state 406
	const_int_cmp:  const_int_cmp EQ.const_int_shift 

	NUM  shift 194
	ID  shift 198
	SIZEOF  shift 196
	ALIGNOF  shift 197
	'('  shift 195
	'&'  shift 199
	'-'  shift 192
	'!'  shift 193
	.  error

	const_int_shift  goto 669
	const_int_add  goto 188
	const_int_mul  goto 189
	const_int_unary  goto 190
	const_int_primary  goto 191

state 407
	const_int_cmp:  const_int_cmp NE.const_int_shift 

	NUM  shift 194
	ID  shift 198
	SIZEOF  shift 196
	ALIGNOF  shift 197
	'('  shift 195
	'&'  shift 199
	'-'  shift 192
	'!'  shift 193
	.  error

	const_int_shift  goto 670
	const_int_add  goto 188
	const_int_mul  goto 189
	const_int_unary  goto 190
	const_int_primary  goto 191

state 408
	const_int_cmp:  const_int_cmp '<'.const_int_shift 

	NUM  shift 194
	ID  shift 198
	SIZEOF  shift 196
	ALIGNOF  shift 197
	'('  shift 195
	'&'  shift 199
	'-'  shift 192
	'!'  shift 193
	.  error

	const_int_shift  goto 671
	const_int_add  goto 188
	const_int_mul  goto 189
	const_int_unary  goto 190
	const_int_primary  goto 191

state 409
	const_int_cmp:  const_int_cmp '>'.const_int_shift 

	NUM  shift 194
	ID  shift 198
	SIZEOF  shift 196
	ALIGNOF  shift 197
	'('  shift 195
	'&'  shift 199
	'-'  shift 192
	'!'  shift 193
	.  error

	const_int_shift  goto 672
	const_int_add  goto 188
	const_int_mul  goto 189
	const_int_unary  goto 190
	const_int_primary  goto 191

state 410
	const_int_cmp:  const_int_cmp LE.const_int_shift 

	NUM  shift 194
	ID  shift 198
	SIZEOF  shift 196
	ALIGNOF  shift 197
	'('  shift 195
	'&'  shift 199
	'-'  shift 192
	'!'  shift 193
	.  error

	const_int_shift  goto 673
	const_int_add  goto 188
	const_int_mul  goto 189
	const_int_unary  goto 190
	const_int_primary  goto 191

state 411
	const_int_cmp:  const_int_cmp GE.const_int_shift 

	NUM  shift 194
	ID  shift 198
	SIZEOF  shift 196
	ALIGNOF  shift 197
	'('  shift 195
	'&'  shift 199
	'-'  shift 192
	'!'  shift 193
	.  error

	const_int_shift  goto 674
	const_int_add  goto 188
	const_int_mul  goto 189
	const_int_unary  goto 190
	const_int_primary  goto 191

state 412
	const_int_shift:  const_int_shift LSHIFT.const_int_add 

	NUM  shift 194
	ID  shift 198
	SIZEOF  shift 196
	ALIGNOF  shift 197
	'('  shift 195
	'&'  shift 199
	'-'  shift 192
	'!'  shift 193
	.  error

	const_int_add  goto 675
	const_int_mul  goto 189
	const_int_unary  goto 190
	const_int_primary  goto 191

state 413
	const_int_shift:  const_int_shift RSHIFT.const_int_add 

	NUM  shift 194
	ID  shift 198
	SIZEOF  shift 196
	ALIGNOF  shift 197
	'('  shift 195
	'&'  shift 199
	'-'  shift 192
	'!'  shift 193
	.  error

	const_int_add  goto 676
	const_int_mul  goto 189
	const_int_unary  goto 190
	const_int_primary  goto 191

state 414
	const_int_add:  const_int_add '+'.const_int_mul 

	NUM  shift 194
	ID  shift 198
	SIZEOF  shift 196
	ALIGNOF  shift 197
	'('  shift 195
	'&'  shift 199
	'-'  shift 192
	'!'  shift 193
	.  error

	const_int_mul  goto 677
	const_int_unary  goto 190
	const_int_primary  goto 191

state 415
	const_int_add:  const_int_add '-'.const_int_mul 

	NUM  shift 194
	ID  shift 198
	SIZEOF  shift 196
	ALIGNOF  shift 197
	'('  shift 195
	'&'  shift 199
	'-'  shift 192
	'!'  shift 193
	.  error

	const_int_mul  goto 678
	const_int_unary  goto 190
	const_int_primary  goto 191

state 416
	const_int_mul:  const_int_mul '*'.const_int_unary 

	NUM  shift 194
	ID  shift 198
	SIZEOF  shift 196
	ALIGNOF  shift 197
	'('  shift 195
	'&'  shift 199
	'-'  shift 192
	'!'  shift 193
	.  error

	const_int_unary  goto 679
	const_int_primary  goto 191

state 417
	const_int_mul:  const_int_mul '/'.const_int_unary 

	NUM  shift 194
	ID  shift 198
	SIZEOF  shift 196
	ALIGNOF  shift 197
	'('  shift 195
	'&'  shift 199
	'-'  shift 192
	'!'  shift 193
	.  error

	const_int_unary  goto 680
	const_int_primary  goto 191

state 418
	const_int_mul:  const_int_mul '%'.const_int_unary 

	NUM  shift 194
	ID  shift 198
	SIZEOF  shift 196
	ALIGNOF  shift 197
	'('  shift 195
	'&'  shift 199
	'-'  shift 192
	'!'  shift 193
	.  error

	const_int_unary  goto 681
	const_int_primary  goto 191

state 419
	const_int_unary:  '-' const_int_primary.    (680)

	.  reduce 680 (src line 1996)


state 420
	const_int_unary:  '!' const_int_primary.    (681)

	.  reduce 681 (src line 1997)


state 421
	const_int_primary:  '(' const_int_ternary.')' 

	')'  shift 682
	.  error


state 422
	const_int_primary:  '(' type_specifier.')' const_int_primary 

	')'  shift 683
	.  error


state 423
	const_int_primary:  SIZEOF '('.STRING_LIT ')' 
	const_int_primary:  SIZEOF '('.type_specifier ')' 
	const_int_primary:  SIZEOF '('.type_specifier '*' ')' 
	const_int_primary:  SIZEOF '('.CONST type_specifier '*' ')' 
	const_int_primary:  SIZEOF '('.type_specifier '[' NUM ']' ')' 
	const_int_primary:  SIZEOF '('.ID ')' 
	const_int_primary:  SIZEOF '('.ID '[' NUM ']' ')' 
	const_int_primary:  SIZEOF '('.'(' ID ')' '[' NUM ']' ')' 
	const_int_primary:  SIZEOF '('.'(' ID ')' '[' const_int_expr ']' ')' 
	const_int_primary:  SIZEOF '('.ID '.' ID ')' 
	const_int_primary:  SIZEOF '('.ID '.' ID '.' ID ')' 
	const_int_primary:  SIZEOF '('.'(' ID '.' ID '.' ID ')' ')' 
	const_int_primary:  SIZEOF '('.'(' ID '.' ID ')' ')' 
	const_int_primary:  SIZEOF '('.'(' '(' ID '.' ID '.' ID ')' ')' '[' const_int_expr ']' ')' 
	const_int_primary:  SIZEOF '('.'(' '(' ID '.' ID ')' ')' '[' const_int_expr ']' ')' 

	ID  shift 687
	STRING_LIT  shift 684
	INT  shift 26
	VOID  shift 27
	CONST  shift 686
	CHAR  shift 28
	LONG  shift 29
	UNSIGNED  shift 31
	SHORT  shift 30
	FLOAT  shift 32
	DOUBLE  shift 33
	STRUCT  shift 92
	ENUM  shift 44
	UNION  shift 87
	TYPEOF  shift 37
	INT128  shift 35
	SIGNED  shift 34
	TYPENAME  shift 36
	'('  shift 688
	.  error

	type_specifier  goto 685

state 424
	const_int_primary:  ALIGNOF '('.type_specifier ')' 
	const_int_primary:  ALIGNOF '('.type_specifier '*' ')' 
	const_int_primary:  ALIGNOF '('.STRUCT ID ')' 

	INT  shift 26
	VOID  shift 27
	CHAR  shift 28
	LONG  shift 29
	UNSIGNED  shift 31
	SHORT  shift 30
	FLOAT  shift 32
	DOUBLE  shift 33
	STRUCT  shift 690
	ENUM  shift 44
	UNION  shift 87
	TYPEOF  shift 37
	INT128  shift 35
	SIGNED  shift 34
	TYPENAME  shift 36
	.  error

	type_specifier  goto 689

state 425
	const_int_primary:  '&' ID.    (704)

	.  reduce 704 (src line 2028)


state 426
	const_int_primary:  '&' TYPENAME.    (705)

	.  reduce 705 (src line 2029)


state 427
	const_int_primary:  '&' '('.'(' type_specifier '*' ')' NUM ')' ARROW ID 
	const_int_primary:  '&' '('.'(' type_specifier '*' ')' NUM ')' '.' ID 

	'('  shift 691
	.  error


state 428
	declaration:  declaration_specifiers gd_fun_declarator ',' gd_fun_declarator.';' 

	';'  shift 692
	.  error


state 429
	declaration:  declaration_specifiers gd_fun_declarator ATTR_WEAK compound_stmt.    (27)

	.  reduce 27 (src line 164)


state 430
	declaration:  declaration_specifiers gd_fun_declarator ATTR_WEAK ';'.    (28)

	.  reduce 28 (src line 167)


state 431
	declaration:  declaration_specifiers gd_fun_declarator ATTR_SECTION ';'.    (30)

	.  reduce 30 (src line 173)


state 432
	declaration:  declaration_specifiers gd_fun_declarator ATTR_ALIGNED ';'.    (31)

	.  reduce 31 (src line 175)


state 433
	declaration:  declaration_specifiers gd_fun_declarator ATTR_ALIAS ';'.    (42)

	.  reduce 42 (src line 200)


state 434
	compound_stmt:  '{' block_item_list.'}' 
	block_item_list:  block_item_list.statement 
	block_item_list:  block_item_list.var_declaration 
	block_item_list:  block_item_list.ALIGNAS_SPEC var_declaration 
	block_item_list:  block_item_list.ATTR_ALIGNED var_declaration 
	block_item_list:  block_item_list.declaration_specifiers local_fun_proto ';' 
	block_item_list:  block_item_list.declaration_specifiers local_fun_proto ATTR_WEAK ';' 
	block_item_list:  block_item_list.declaration_specifiers local_fun_proto ATTR_SECTION ';' 
	block_item_list:  block_item_list.declaration_specifiers local_fun_proto ATTR_ALIGNED ';' 
	block_item_list:  block_item_list.STRUCT ID ';' 
	block_item_list:  block_item_list.UNION ID ';' 
	block_item_list:  block_item_list.ENUM ID ';' 
	block_item_list:  block_item_list.ENUM '{' enum_list '}' ';' 
	block_item_list:  block_item_list.ENUM ID '{' enum_list '}' ';' 
	block_item_list:  block_item_list.struct_declaration 
	block_item_list:  block_item_list.union_declaration 
	block_item_list:  block_item_list.typedef_declaration 
	block_item_list:  block_item_list.ASM_KW '(' args ')' ';' 
	block_item_list:  block_item_list.ASM_KW ';' 
	block_item_list:  block_item_list.STATIC_ASSERT '(' const_int_expr ',' STRING_LIT ')' ';' 
	block_item_list:  block_item_list.STATIC_ASSERT '(' const_int_expr ')' ';' 

	NUM  shift 168
	CHAR_LIT  shift 170
	FNUM  shift 169
	ID  shift 718
	STRING_LIT  shift 159
	INT  shift 26
	VOID  shift 27
	IF  shift 722
	WHILE  shift 723
	RETURN  shift 727
	FOR  shift 724
	DO  shift 725
	BREAK  shift 728
	CONTINUE  shift 729
	CONST  shift 25
	CHAR  shift 28
	EXTERN  shift 23
	GOTO  shift 730
	LONG  shift 29
	UNSIGNED  shift 31
	SHORT  shift 30
	FLOAT  shift 32
	DOUBLE  shift 33
	STRUCT  shift 699
	SIZEOF  shift 178
	ENUM  shift 701
	UNION  shift 700
	TYPEDEF  shift 20
	STATIC  shift 22
	VA_ARG  shift 181
	TYPEOF  shift 37
	INT128  shift 35
	SIGNED  shift 34
	SWITCH  shift 726
	ATTR_ALIGNED  shift 697
	ALIGNAS_SPEC  shift 696
	ALIGNOF  shift 179
	GENERIC  shift 180
	STATIC_ASSERT  shift 706
	ASM_KW  shift 705
	INLINE_KW  shift 24
	TYPENAME  shift 36
	INC  shift 174
	DEC  shift 175
	ANDAND  shift 177
	';'  shift 721
	'('  shift 154
	'*'  shift 155
	'{'  shift 207
	'}'  shift 693
	'&'  shift 176
	'-'  shift 171
	'!'  shift 172
	'~'  shift 173
	.  error

	var_declaration  goto 695
	struct_declaration  goto 702
	union_declaration  goto 703
	typedef_declaration  goto 704
	compound_stmt  goto 708
	postfix_expr  goto 153
	statement  goto 694
	expression_stmt  goto 707
	selection_stmt  goto 709
	iteration_stmt  goto 710
	for_stmt  goto 711
	do_while_stmt  goto 712
	switch_stmt  goto 713
	return_stmt  goto 714
	break_stmt  goto 715
	continue_stmt  goto 716
	goto_stmt  goto 717
	expression  goto 719
	var  goto 157
	simple_expression  goto 156
	ternary_expression  goto 160
	logical_expression  goto 162
	comparison_expression  goto 163
	bitwise_expression  goto 164
	additive_expression  goto 165
	term  goto 166
	factor  goto 167
	call  goto 158
	comma_expr_list  goto 720
	type_specifier  goto 21
	declaration_specifiers  goto 698

state 435
	declaration:  declaration_specifiers ATTR_WEAK gd_fun_declarator compound_stmt.    (25)

	.  reduce 25 (src line 160)


state 436
	declaration:  declaration_specifiers ATTR_WEAK gd_fun_declarator ';'.    (26)

	.  reduce 26 (src line 162)


state 437
	gd_fun_declarator:  gd_pointer ID.'(' params ')' 
	gd_fun_declarator:  gd_pointer ID.'(' param_list ',' ELLIPSIS ')' 

	'('  shift 472
	.  error


state 438
	gd_fun_declarator:  gd_pointer CONST.ID '(' params ')' 
	gd_fun_declarator:  gd_pointer CONST.ID '(' param_list ',' ELLIPSIS ')' 

	ID  shift 731
	.  error


state 439
	declaration:  declaration_specifiers ATTR_SECTION gd_init_declarator_list ';'.    (35)

	.  reduce 35 (src line 184)


state 440
	declaration:  declaration_specifiers ATTR_SECTION gd_fun_declarator compound_stmt.    (36)

	.  reduce 36 (src line 186)


state 441
	declaration:  declaration_specifiers ATTR_SECTION gd_fun_declarator ';'.    (37)

	.  reduce 37 (src line 188)


state 442
	declaration:  declaration_specifiers ATTR_ALIGNED gd_init_declarator_list ';'.    (41)

	.  reduce 41 (src line 197)


state 443
	declaration:  declaration_specifiers gd_init_declarator_list ATTR_ALIAS ';'.    (43)

	.  reduce 43 (src line 202)


state 444
	gd_init_declarator_list:  gd_init_declarator_list ',' gd_init_declarator.    (787)

	.  reduce 787 (src line 2279)


state 445
	declaration:  declaration_specifiers '(' '*' ID.'[' ']' ')' '(' fp_param_types ')' ';' 
	declaration:  declaration_specifiers '(' '*' ID.'[' ']' ')' '(' fp_param_types ')' ATTR_WEAK ';' 
	gd_declarator:  '(' '*' ID.')' '(' fp_param_types ')' 
	gd_declarator:  '(' '*' ID.'[' const_int_expr ']' ')' '(' fp_param_types ')' 

	')'  shift 733
	'['  shift 732
	.  error


state 446
	gd_declarator:  '(' '*' '*'.ID ')' '(' fp_param_types ')' 

	ID  shift 734
	.  error


state 447
	gd_declarator:  '(' '*' '('.ID '[' const_int_expr ']' ')' ')' '(' fp_param_types ')' 

	ID  shift 735
	.  error


state 448
	gd_fun_declarator:  '(' ID ')'.'(' params ')' 
	gd_fun_declarator:  '(' ID ')'.'(' param_list ',' ELLIPSIS ')' 

	'('  shift 736
	.  error


state 449
	gd_declarator:  ID '[' const_int_expr.']' 
	gd_declarator:  ID '[' const_int_expr.']' '[' const_int_expr ']' 

	']'  shift 737
	.  error


state 450
	gd_declarator:  ID '[' ']'.    (769)
	gd_declarator:  ID '[' ']'.'[' const_int_expr ']' 

	'['  shift 738
	.  reduce 769 (src line 2235)


451: shift/reduce conflict (shift 739(0), red'n 703(0)) on ']'
state 451
	const_int_primary:  ID.    (703)
	gd_declarator:  ID '[' ID.']' 

	']'  shift 739
	.  reduce 703 (src line 2027)


state 452
	gd_fun_declarator:  ID '(' params.')' 

	')'  shift 740
	.  error


state 453
	params:  param_list.    (111)
	param_list:  param_list.',' param 
	param_list:  param_list.',' ELLIPSIS 
	gd_fun_declarator:  ID '(' param_list.',' ELLIPSIS ')' 

	','  shift 741
	.  reduce 111 (src line 335)


state 454
	type_specifier:  VOID.    (61)
	params:  VOID.    (112)

	')'  reduce 112 (src line 337)
	.  reduce 61 (src line 275)


state 455
	param_list:  param.    (116)

	.  reduce 116 (src line 346)


state 456
	param:  type_specifier.ID 
	param:  type_specifier.ID '[' const_int_expr ']' '[' const_int_expr ']' 
	param:  type_specifier.ID '[' const_int_expr ']' 
	param:  type_specifier.ID '[' STATIC const_int_expr ']' 
	param:  type_specifier.ID '[' ']' 
	param:  type_specifier.'*' ID '[' ']' 
	param:  type_specifier.'*' ID 
	param:  type_specifier.'*' '*' ID 
	param:  type_specifier.'*' '*' '*' ID 
	param:  type_specifier.CONST '*' ID 
	param:  type_specifier.'*' 
	param:  type_specifier.'*' CONST ID 
	param:  type_specifier.'*' CONST ID '[' ']' 
	param:  type_specifier.'*' CONST '[' ']' 
	param:  type_specifier.'*' CONST ID '[' const_int_expr ']' 
	param:  type_specifier.'*' '*' 
	param:  type_specifier.'*' CONST '*' 
	param:  type_specifier.'*' CONST '*' ID 
	param:  type_specifier.'(' '*' ID ')' '(' fp_param_types ')' 
	param:  type_specifier.'(' '*' ')' '(' fp_param_types ')' 
	param:  type_specifier.'*' '(' '*' ID ')' '(' fp_param_types ')' 
	param:  type_specifier.'*' '(' '*' ')' '(' fp_param_types ')' 
	param:  type_specifier.'[' const_int_expr ']' 
	param:  type_specifier.'[' ']' 

	ID  shift 742
	CONST  shift 744
	'('  shift 745
	'*'  shift 743
	'['  shift 746
	.  error


state 457
	type_specifier:  STRUCT.ID 
	param:  STRUCT.ID ID 
	param:  STRUCT.ID '*' ID 
	param:  STRUCT.ID '*' '*' ID 
	param:  STRUCT.ID '*' CONST '*' ID 
	param:  STRUCT.ID '*' CONST '*' 
	param:  STRUCT.ID '*' 
	param:  STRUCT.ID '*' '*' 
	param:  STRUCT.ID '*' '*' '*' 
	param:  STRUCT.ID '*' '(' '*' ID ')' '(' fp_param_types ')' 
	param:  STRUCT.ID '*' '(' '*' ')' '(' fp_param_types ')' 

	ID  shift 747
	.  error


state 458
	param:  CONST.STRUCT ID ID 
	param:  CONST.STRUCT ID '*' ID 
	param:  CONST.STRUCT ID '*' 
	param:  CONST.STRUCT ID '*' '*' 
	param:  CONST.STRUCT ID '*' '*' ID 
	param:  CONST.type_specifier '*' ID 
	param:  CONST.type_specifier '*' CONST ID 
	param:  CONST.type_specifier '*' CONST ID '[' ']' 
	param:  CONST.type_specifier '*' CONST ID '[' const_int_expr ']' 
	param:  CONST.type_specifier '*' CONST 
	param:  CONST.type_specifier '*' 
	param:  CONST.type_specifier '*' '*' 
	param:  CONST.type_specifier '*' '*' ID 
	param:  CONST.type_specifier '*' CONST '*' 
	param:  CONST.type_specifier '*' CONST '*' ID 
	param:  CONST.type_specifier ID 
	param:  CONST.type_specifier 
	param:  CONST.STRUCT ID '[' const_int_expr ']' 
	param:  CONST.STRUCT ID ID '[' const_int_expr ']' 

	INT  shift 26
	VOID  shift 27
	CHAR  shift 28
	LONG  shift 29
	UNSIGNED  shift 31
	SHORT  shift 30
	FLOAT  shift 32
	DOUBLE  shift 33
	STRUCT  shift 748
	ENUM  shift 44
	UNION  shift 87
	TYPEOF  shift 37
	INT128  shift 35
	SIGNED  shift 34
	TYPENAME  shift 36
	.  error

	type_specifier  goto 749

state 459
	param:  ID.'*' 
	param:  ID.'*' ID 

	'*'  shift 750
	.  error


state 460
	type_specifier:  ENUM.ID 
	param:  ENUM.ID 
	param:  ENUM.ID ID 

	ID  shift 751
	.  error


state 461
	type_specifier:  INT.    (60)
	param:  INT.    (162)

	')'  reduce 162 (src line 445)
	','  reduce 162 (src line 445)
	.  reduce 60 (src line 273)


state 462
	type_specifier:  CHAR.    (62)
	param:  CHAR.    (163)

	')'  reduce 163 (src line 446)
	','  reduce 163 (src line 446)
	.  reduce 62 (src line 276)


state 463
	type_specifier:  LONG.    (63)
	type_specifier:  LONG.LONG 
	type_specifier:  LONG.INT 
	type_specifier:  LONG.LONG INT 
	type_specifier:  LONG.UNSIGNED 
	type_specifier:  LONG.UNSIGNED INT 
	type_specifier:  LONG.LONG UNSIGNED 
	type_specifier:  LONG.LONG UNSIGNED INT 
	type_specifier:  LONG.SIGNED 
	type_specifier:  LONG.SIGNED INT 
	type_specifier:  LONG.LONG SIGNED 
	type_specifier:  LONG.LONG SIGNED INT 
	type_specifier:  LONG.DOUBLE 
	param:  LONG.    (164)
	param:  LONG.LONG 
	param:  LONG.INT 
	param:  LONG.DOUBLE 

	INT  shift 753
	LONG  shift 752
	UNSIGNED  shift 98
	DOUBLE  shift 754
	SIGNED  shift 99
	')'  reduce 164 (src line 447)
	','  reduce 164 (src line 447)
	.  reduce 63 (src line 277)


state 464
	type_specifier:  SHORT.    (67)
	type_specifier:  SHORT.INT 
	type_specifier:  SHORT.UNSIGNED 
	type_specifier:  SHORT.UNSIGNED INT 
	param:  SHORT.    (168)
	param:  SHORT.INT 

	INT  shift 755
	UNSIGNED  shift 102
	')'  reduce 168 (src line 451)
	','  reduce 168 (src line 451)
	.  reduce 67 (src line 281)


state 465
	type_specifier:  FLOAT.    (88)
	param:  FLOAT.    (170)

	')'  reduce 170 (src line 453)
	','  reduce 170 (src line 453)
	.  reduce 88 (src line 302)


state 466
	type_specifier:  DOUBLE.    (89)
	param:  DOUBLE.    (171)

	')'  reduce 171 (src line 454)
	','  reduce 171 (src line 454)
	.  reduce 89 (src line 303)


state 467
	type_specifier:  UNSIGNED.    (69)
	type_specifier:  UNSIGNED.INT 
	type_specifier:  UNSIGNED.LONG 
	type_specifier:  UNSIGNED.LONG LONG 
	type_specifier:  UNSIGNED.LONG INT 
	type_specifier:  UNSIGNED.LONG LONG INT 
	type_specifier:  UNSIGNED.CHAR 
	type_specifier:  UNSIGNED.SHORT 
	type_specifier:  UNSIGNED.SHORT INT 
	type_specifier:  UNSIGNED.INT128 
	param:  UNSIGNED.    (172)
	param:  UNSIGNED.INT 
	param:  UNSIGNED.LONG 
	param:  UNSIGNED.CHAR 
	param:  UNSIGNED.SHORT 
	param:  UNSIGNED.SHORT '[' const_int_expr ']' 
	param:  UNSIGNED.SHORT ID '[' const_int_expr ']' 
	param:  UNSIGNED.INT128 

	INT  shift 756
	CHAR  shift 758
	LONG  shift 757
	SHORT  shift 759
	INT128  shift 760
	')'  reduce 172 (src line 455)
	','  reduce 172 (src line 455)
	.  reduce 69 (src line 283)


state 468
	type_specifier:  SIGNED.    (91)
	type_specifier:  SIGNED.INT 
	type_specifier:  SIGNED.CHAR 
	type_specifier:  SIGNED.SHORT 
	type_specifier:  SIGNED.SHORT INT 
	type_specifier:  SIGNED.LONG 
	type_specifier:  SIGNED.LONG INT 
	type_specifier:  SIGNED.LONG LONG 
	type_specifier:  SIGNED.LONG LONG INT 
	type_specifier:  SIGNED.INT128 
	param:  SIGNED.    (179)
	param:  SIGNED.INT 
	param:  SIGNED.CHAR 
	param:  SIGNED.LONG 

	INT  shift 761
	CHAR  shift 762
	LONG  shift 763
	SHORT  shift 110
	INT128  shift 112
	')'  reduce 179 (src line 462)
	','  reduce 179 (src line 462)
	.  reduce 91 (src line 305)


state 469
	type_specifier:  INT128.    (100)
	type_specifier:  INT128.UNSIGNED 
	param:  INT128.    (183)

	UNSIGNED  shift 113
	')'  reduce 183 (src line 466)
	','  reduce 183 (src line 466)
	.  reduce 100 (src line 314)


state 470
	type_specifier:  TYPENAME.    (104)
	param:  TYPENAME.    (185)

	')'  reduce 185 (src line 468)
	','  reduce 185 (src line 468)
	.  reduce 104 (src line 318)


state 471
	gd_declarator:  gd_pointer ID '['.const_int_expr ']' 
	gd_declarator:  gd_pointer ID '['.']' 

	NUM  shift 194
	ID  shift 198
	SIZEOF  shift 196
	ALIGNOF  shift 197
	'('  shift 195
	']'  shift 765
	'&'  shift 199
	'-'  shift 192
	'!'  shift 193
	.  error

	const_int_expr  goto 764
	const_int_ternary  goto 183
	const_int_or  goto 184
	const_int_and  goto 185
	const_int_cmp  goto 186
	const_int_shift  goto 187
	const_int_add  goto 188
	const_int_mul  goto 189
	const_int_unary  goto 190
	const_int_primary  goto 191

state 472
	gd_fun_declarator:  gd_pointer ID '('.params ')' 
	gd_fun_declarator:  gd_pointer ID '('.param_list ',' ELLIPSIS ')' 
	params: .    (113)

	ID  shift 459
	INT  shift 461
	VOID  shift 454
	CONST  shift 458
	CHAR  shift 462
	LONG  shift 463
	UNSIGNED  shift 467
	SHORT  shift 464
	FLOAT  shift 465
	DOUBLE  shift 466
	STRUCT  shift 457
	ENUM  shift 460
	UNION  shift 87
	TYPEOF  shift 37
	INT128  shift 469
	SIGNED  shift 468
	TYPENAME  shift 470
	.  reduce 113 (src line 338)

	params  goto 766
	param_list  goto 767
	param  goto 455
	type_specifier  goto 456

state 473
	gd_declarator:  gd_pointer CONST ID.    (767)
	gd_declarator:  gd_pointer CONST ID.'[' const_int_expr ']' 
	gd_declarator:  gd_pointer CONST ID.'[' ']' 
	gd_fun_declarator:  gd_pointer CONST ID.'(' params ')' 
	gd_fun_declarator:  gd_pointer CONST ID.'(' param_list ',' ELLIPSIS ')' 

	'('  shift 769
	'['  shift 768
	.  reduce 767 (src line 2231)


state 474
	gd_fun_declarator:  gd_pointer '(' ID.')' '(' params ')' 
	gd_fun_declarator:  gd_pointer '(' ID.')' '(' param_list ',' ELLIPSIS ')' 

	')'  shift 770
	.  error


state 475
	gd_pointer:  '*' CONST gd_pointer.    (764)

	.  reduce 764 (src line 2222)


state 476
	gd_init_declarator:  gd_declarator '=' expression.    (782)

	.  reduce 782 (src line 2266)


state 477
	gd_init_declarator:  gd_declarator '=' '{'.init_list '}' 
	gd_init_declarator:  gd_declarator '=' '{'.init_list ',' '}' 
	gd_init_declarator:  gd_declarator '=' '{'.'}' 

	NUM  shift 168
	CHAR_LIT  shift 170
	FNUM  shift 169
	ID  shift 161
	STRING_LIT  shift 159
	SIZEOF  shift 178
	VA_ARG  shift 181
	ALIGNOF  shift 179
	GENERIC  shift 180
	INC  shift 174
	DEC  shift 175
	ANDAND  shift 177
	'('  shift 154
	'*'  shift 155
	'['  shift 776
	'.'  shift 775
	'{'  shift 777
	'}'  shift 772
	'&'  shift 176
	'-'  shift 171
	'!'  shift 172
	'~'  shift 173
	.  error

	postfix_expr  goto 153
	init_list  goto 771
	init_entry  goto 773
	assign_expr  goto 774
	expression  goto 778
	var  goto 157
	simple_expression  goto 156
	ternary_expression  goto 160
	logical_expression  goto 162
	comparison_expression  goto 163
	bitwise_expression  goto 164
	additive_expression  goto 165
	term  goto 166
	factor  goto 167
	call  goto 158

state 478
	declaration:  ATTR_WEAK declaration_specifiers gd_fun_declarator compound_stmt.    (23)

	.  reduce 23 (src line 156)


state 479
	declaration:  ATTR_WEAK declaration_specifiers gd_fun_declarator ';'.    (24)

	.  reduce 24 (src line 158)


state 480
	declaration:  ATTR_WEAK declaration_specifiers gd_init_declarator_list ';'.    (29)

	.  reduce 29 (src line 170)


state 481
	declaration:  ATTR_SECTION declaration_specifiers gd_fun_declarator compound_stmt.    (32)

	.  reduce 32 (src line 178)


state 482
	declaration:  ATTR_SECTION declaration_specifiers gd_fun_declarator ';'.    (33)

	.  reduce 33 (src line 180)


state 483
	declaration:  ATTR_SECTION declaration_specifiers gd_init_declarator_list ';'.    (34)

	.  reduce 34 (src line 182)


state 484
	declaration:  ATTR_ALIGNED declaration_specifiers gd_fun_declarator compound_stmt.    (38)

	.  reduce 38 (src line 191)


state 485
	declaration:  ATTR_ALIGNED declaration_specifiers gd_fun_declarator ';'.    (39)

	.  reduce 39 (src line 193)


state 486
	declaration:  ATTR_ALIGNED declaration_specifiers gd_init_declarator_list ';'.    (40)

	.  reduce 40 (src line 195)


state 487
	typedef_declaration:  TYPEDEF type_specifier ID ';'.    (469)

	.  reduce 469 (src line 1361)


state 488
	typedef_declaration:  TYPEDEF type_specifier ID '('.fp_param_types ')' ';' 
	fp_param_types: .    (562)

	ID  shift 786
	INT  shift 26
	VOID  shift 27
	CONST  shift 784
	CHAR  shift 28
	LONG  shift 29
	UNSIGNED  shift 31
	SHORT  shift 30
	FLOAT  shift 32
	DOUBLE  shift 33
	STRUCT  shift 783
	ENUM  shift 785
	UNION  shift 87
	TYPEOF  shift 37
	INT128  shift 35
	SIGNED  shift 34
	TYPENAME  shift 36
	.  reduce 562 (src line 1712)

	fp_param_types  goto 779
	fp_param_type_list  goto 780
	fp_param_type  goto 781
	type_specifier  goto 782

state 489
	typedef_declaration:  TYPEDEF type_specifier ID '['.const_int_expr ']' ';' 

	NUM  shift 194
	ID  shift 198
	SIZEOF  shift 196
	ALIGNOF  shift 197
	'('  shift 195
	'&'  shift 199
	'-'  shift 192
	'!'  shift 193
	.  error

	const_int_expr  goto 787
	const_int_ternary  goto 183
	const_int_or  goto 184
	const_int_and  goto 185
	const_int_cmp  goto 186
	const_int_shift  goto 187
	const_int_add  goto 188
	const_int_mul  goto 189
	const_int_unary  goto 190
	const_int_primary  goto 191

state 490
	typedef_declaration:  TYPEDEF type_specifier TYPENAME ';'.    (470)

	.  reduce 470 (src line 1367)


state 491
	typedef_declaration:  TYPEDEF type_specifier TYPENAME '['.const_int_expr ']' ';' 

	NUM  shift 194
	ID  shift 198
	SIZEOF  shift 196
	ALIGNOF  shift 197
	'('  shift 195
	'&'  shift 199
	'-'  shift 192
	'!'  shift 193
	.  error

	const_int_expr  goto 788
	const_int_ternary  goto 183
	const_int_or  goto 184
	const_int_and  goto 185
	const_int_cmp  goto 186
	const_int_shift  goto 187
	const_int_add  goto 188
	const_int_mul  goto 189
	const_int_unary  goto 190
	const_int_primary  goto 191

state 492
	typedef_declaration:  TYPEDEF type_specifier '*' ID.';' 

	';'  shift 789
	.  error


state 493
	typedef_declaration:  TYPEDEF type_specifier '*' TYPENAME.';' 

	';'  shift 790
	.  error


state 494
	typedef_declaration:  TYPEDEF type_specifier '*' '*'.ID ';' 
	typedef_declaration:  TYPEDEF type_specifier '*' '*'.TYPENAME ';' 

	ID  shift 791
	TYPENAME  shift 792
	.  error


state 495
	typedef_declaration:  TYPEDEF type_specifier '*' '('.'*' ID ')' '(' fp_param_types ')' ';' 

	'*'  shift 793
	.  error


state 496
	typedef_declaration:  TYPEDEF type_specifier '(' '*'.ID ')' '(' fp_param_types ')' ';' 

	ID  shift 794
	.  error


state 497
	typedef_declaration:  TYPEDEF type_specifier '(' ID.')' '(' fp_param_types ')' ';' 

	')'  shift 795
	.  error


state 498
	typedef_declaration:  TYPEDEF CONST type_specifier ID.';' 

	';'  shift 796
	.  error


state 499
	typedef_declaration:  TYPEDEF CONST type_specifier TYPENAME.';' 

	';'  shift 797
	.  error


state 500
	typedef_declaration:  TYPEDEF CONST type_specifier '*'.ID ';' 
	typedef_declaration:  TYPEDEF CONST type_specifier '*'.TYPENAME ';' 
	typedef_declaration:  TYPEDEF CONST type_specifier '*'.'*' ID ';' 
	typedef_declaration:  TYPEDEF CONST type_specifier '*'.'*' TYPENAME ';' 
	typedef_declaration:  TYPEDEF CONST type_specifier '*'.'(' '*' ID ')' '(' fp_param_types ')' ';' 

	ID  shift 798
	TYPENAME  shift 799
	'('  shift 801
	'*'  shift 800
	.  error


state 501
	typedef_declaration:  TYPEDEF CONST type_specifier '('.'*' ID ')' '(' fp_param_types ')' ';' 

	'*'  shift 802
	.  error


state 502
	typedef_declaration:  TYPEDEF STRUCT ID ID.';' 
	typedef_declaration:  TYPEDEF STRUCT ID ID.'[' const_int_expr ']' ';' 

	';'  shift 803
	'['  shift 804
	.  error


state 503
	typedef_declaration:  TYPEDEF STRUCT ID TYPENAME.';' 
	typedef_declaration:  TYPEDEF STRUCT ID TYPENAME.'[' const_int_expr ']' ';' 

	';'  shift 805
	'['  shift 806
	.  error


state 504
	typedef_declaration:  TYPEDEF STRUCT ID '*'.ID ';' 
	typedef_declaration:  TYPEDEF STRUCT ID '*'.TYPENAME ';' 

	ID  shift 807
	TYPENAME  shift 808
	.  error


state 505
	typedef_declaration:  TYPEDEF STRUCT ID '{'.field_list '}' ID ';' 
	typedef_declaration:  TYPEDEF STRUCT ID '{'.field_list '}' ATTR_PACKED ID ';' 
	typedef_declaration:  TYPEDEF STRUCT ID '{'.field_list '}' ';' 
	typedef_declaration:  TYPEDEF STRUCT ID '{'.field_list '}' ATTR_PACKED ';' 

	INT  shift 26
	VOID  shift 27
	CONST  shift 137
	CHAR  shift 28
	LONG  shift 29
	UNSIGNED  shift 31
	SHORT  shift 30
	FLOAT  shift 32
	DOUBLE  shift 33
	STRUCT  shift 136
	ENUM  shift 44
	UNION  shift 138
	TYPEOF  shift 37
	INT128  shift 35
	SIGNED  shift 34
	ALIGNAS_SPEC  shift 135
	STATIC_ASSERT  shift 133
	TYPENAME  shift 36
	.  error

	field_list  goto 809
	field  goto 132
	type_specifier  goto 134

state 506
	typedef_declaration:  TYPEDEF STRUCT ID ATTR_PACKED.'{' field_list '}' ID ';' 
	typedef_declaration:  TYPEDEF STRUCT ID ATTR_PACKED.'{' field_list '}' ';' 

	'{'  shift 810
	.  error


state 507
	typedef_declaration:  TYPEDEF STRUCT '{' field_list.'}' ID ';' 
	typedef_declaration:  TYPEDEF STRUCT '{' field_list.'}' ID '[' const_int_expr ']' ';' 
	typedef_declaration:  TYPEDEF STRUCT '{' field_list.'}' ATTR_PACKED ID ';' 
	field_list:  field_list.field 
	field_list:  field_list.STATIC_ASSERT '(' const_int_expr ',' STRING_LIT ')' ';' 
	field_list:  field_list.STATIC_ASSERT '(' const_int_expr ')' ';' 

	INT  shift 26
	VOID  shift 27
	CONST  shift 137
	CHAR  shift 28
	LONG  shift 29
	UNSIGNED  shift 31
	SHORT  shift 30
	FLOAT  shift 32
	DOUBLE  shift 33
	STRUCT  shift 136
	ENUM  shift 44
	UNION  shift 138
	TYPEOF  shift 37
	INT128  shift 35
	SIGNED  shift 34
	ALIGNAS_SPEC  shift 135
	STATIC_ASSERT  shift 303
	TYPENAME  shift 36
	'}'  shift 811
	.  error

	field  goto 302
	type_specifier  goto 134

state 508
	typedef_declaration:  TYPEDEF STRUCT ATTR_PACKED '{'.field_list '}' ID ';' 

	INT  shift 26
	VOID  shift 27
	CONST  shift 137
	CHAR  shift 28
	LONG  shift 29
	UNSIGNED  shift 31
	SHORT  shift 30
	FLOAT  shift 32
	DOUBLE  shift 33
	STRUCT  shift 136
	ENUM  shift 44
	UNION  shift 138
	TYPEOF  shift 37
	INT128  shift 35
	SIGNED  shift 34
	ALIGNAS_SPEC  shift 135
	STATIC_ASSERT  shift 133
	TYPENAME  shift 36
	.  error

	field_list  goto 812
	field  goto 132
	type_specifier  goto 134

state 509
	typedef_declaration:  TYPEDEF STRUCT ATTR_PACKED ID.'{' field_list '}' ID ';' 
	typedef_declaration:  TYPEDEF STRUCT ATTR_PACKED ID.'{' field_list '}' ';' 

	'{'  shift 813
	.  error


state 510
	typedef_declaration:  TYPEDEF ID ID ';'.    (485)

	.  reduce 485 (src line 1443)


state 511
	typedef_declaration:  TYPEDEF ID TYPENAME ';'.    (486)

	.  reduce 486 (src line 1448)


state 512
	typedef_declaration:  TYPEDEF ID '*' ID.';' 

	';'  shift 814
	.  error


state 513
	typedef_declaration:  TYPEDEF UNION ID '{'.field_list '}' ID ';' 
	typedef_declaration:  TYPEDEF UNION ID '{'.field_list '}' ATTR_PACKED ID ';' 
	typedef_declaration:  TYPEDEF UNION ID '{'.field_list '}' ';' 
	typedef_declaration:  TYPEDEF UNION ID '{'.field_list '}' ATTR_PACKED ';' 

	INT  shift 26
	VOID  shift 27
	CONST  shift 137
	CHAR  shift 28
	LONG  shift 29
	UNSIGNED  shift 31
	SHORT  shift 30
	FLOAT  shift 32
	DOUBLE  shift 33
	STRUCT  shift 136
	ENUM  shift 44
	UNION  shift 138
	TYPEOF  shift 37
	INT128  shift 35
	SIGNED  shift 34
	ALIGNAS_SPEC  shift 135
	STATIC_ASSERT  shift 133
	TYPENAME  shift 36
	.  error

	field_list  goto 815
	field  goto 132
	type_specifier  goto 134

state 514
	typedef_declaration:  TYPEDEF UNION ID ATTR_PACKED.'{' field_list '}' ID ';' 
	typedef_declaration:  TYPEDEF UNION ID ATTR_PACKED.'{' field_list '}' ';' 

	'{'  shift 816
	.  error


state 515
	typedef_declaration:  TYPEDEF UNION '{' field_list.'}' ID ';' 
	typedef_declaration:  TYPEDEF UNION '{' field_list.'}' ATTR_PACKED ID ';' 
	field_list:  field_list.field 
	field_list:  field_list.STATIC_ASSERT '(' const_int_expr ',' STRING_LIT ')' ';' 
	field_list:  field_list.STATIC_ASSERT '(' const_int_expr ')' ';' 

	INT  shift 26
	VOID  shift 27
	CONST  shift 137
	CHAR  shift 28
	LONG  shift 29
	UNSIGNED  shift 31
	SHORT  shift 30
	FLOAT  shift 32
	DOUBLE  shift 33
	STRUCT  shift 136
	ENUM  shift 44
	UNION  shift 138
	TYPEOF  shift 37
	INT128  shift 35
	SIGNED  shift 34
	ALIGNAS_SPEC  shift 135
	STATIC_ASSERT  shift 303
	TYPENAME  shift 36
	'}'  shift 817
	.  error

	field  goto 302
	type_specifier  goto 134

state 516
	typedef_declaration:  TYPEDEF UNION ATTR_PACKED '{'.field_list '}' ID ';' 

	INT  shift 26
	VOID  shift 27
	CONST  shift 137
	CHAR  shift 28
	LONG  shift 29
	UNSIGNED  shift 31
	SHORT  shift 30
	FLOAT  shift 32
	DOUBLE  shift 33
	STRUCT  shift 136
	ENUM  shift 44
	UNION  shift 138
	TYPEOF  shift 37
	INT128  shift 35
	SIGNED  shift 34
	ALIGNAS_SPEC  shift 135
	STATIC_ASSERT  shift 133
	TYPENAME  shift 36
	.  error

	field_list  goto 818
	field  goto 132
	type_specifier  goto 134

state 517
	typedef_declaration:  TYPEDEF UNION ATTR_PACKED ID.'{' field_list '}' ID ';' 
	typedef_declaration:  TYPEDEF UNION ATTR_PACKED ID.'{' field_list '}' ';' 

	'{'  shift 819
	.  error


state 518
	typedef_declaration:  TYPEDEF ENUM ID '{'.enum_list '}' ID ';' 

	ID  shift 149
	.  error

	enum_list  goto 820
	enum_member  goto 148

state 519
	enum_list:  enum_list.',' enum_member 
	enum_list:  enum_list.',' 
	typedef_declaration:  TYPEDEF ENUM '{' enum_list.'}' ID ';' 

	','  shift 325
	'}'  shift 821
	.  error


state 520
	type_specifier:  STRUCT ID.    (108)
	declaration_specifiers:  STATIC CONST STRUCT ID.'{' field_list '}' 
	declaration_specifiers:  STATIC CONST STRUCT ID.'{' field_list '}' ATTR_PACKED 

	'{'  shift 822
	.  reduce 108 (src line 326)


state 521
	declaration_specifiers:  STATIC CONST STRUCT ATTR_PACKED.ID '{' field_list '}' 
	declaration_specifiers:  STATIC CONST STRUCT ATTR_PACKED.'{' field_list '}' 

	ID  shift 823
	'{'  shift 824
	.  error


state 522
	declaration_specifiers:  STATIC CONST STRUCT '{'.field_list '}' 
	declaration_specifiers:  STATIC CONST STRUCT '{'.field_list '}' ATTR_PACKED 

	INT  shift 26
	VOID  shift 27
	CONST  shift 137
	CHAR  shift 28
	LONG  shift 29
	UNSIGNED  shift 31
	SHORT  shift 30
	FLOAT  shift 32
	DOUBLE  shift 33
	STRUCT  shift 136
	ENUM  shift 44
	UNION  shift 138
	TYPEOF  shift 37
	INT128  shift 35
	SIGNED  shift 34
	ALIGNAS_SPEC  shift 135
	STATIC_ASSERT  shift 133
	TYPENAME  shift 36
	.  error

	field_list  goto 825
	field  goto 132
	type_specifier  goto 134

state 523
	declaration_specifiers:  STATIC CONST UNION '{'.field_list '}' 

	INT  shift 26
	VOID  shift 27
	CONST  shift 137
	CHAR  shift 28
	LONG  shift 29
	UNSIGNED  shift 31
	SHORT  shift 30
	FLOAT  shift 32
	DOUBLE  shift 33
	STRUCT  shift 136
	ENUM  shift 44
	UNION  shift 138
	TYPEOF  shift 37
	INT128  shift 35
	SIGNED  shift 34
	ALIGNAS_SPEC  shift 135
	STATIC_ASSERT  shift 133
	TYPENAME  shift 36
	.  error

	field_list  goto 826
	field  goto 132
	type_specifier  goto 134

state 524
	declaration_specifiers:  STATIC INLINE_KW CONST type_specifier.    (718)

	.  reduce 718 (src line 2068)


state 525
	declaration_specifiers:  STATIC STRUCT ID '{'.field_list '}' 
	declaration_specifiers:  STATIC STRUCT ID '{'.field_list '}' ATTR_PACKED 

	INT  shift 26
	VOID  shift 27
	CONST  shift 137
	CHAR  shift 28
	LONG  shift 29
	UNSIGNED  shift 31
	SHORT  shift 30
	FLOAT  shift 32
	DOUBLE  shift 33
	STRUCT  shift 136
	ENUM  shift 44
	UNION  shift 138
	TYPEOF  shift 37
	INT128  shift 35
	SIGNED  shift 34
	ALIGNAS_SPEC  shift 135
	STATIC_ASSERT  shift 133
	TYPENAME  shift 36
	.  error

	field_list  goto 827
	field  goto 132
	type_specifier  goto 134

state 526
	declaration_specifiers:  STATIC STRUCT ATTR_PACKED ID.'{' field_list '}' 

	'{'  shift 828
	.  error


state 527
	declaration_specifiers:  STATIC STRUCT ATTR_PACKED '{'.field_list '}' 

	INT  shift 26
	VOID  shift 27
	CONST  shift 137
	CHAR  shift 28
	LONG  shift 29
	UNSIGNED  shift 31
	SHORT  shift 30
	FLOAT  shift 32
	DOUBLE  shift 33
	STRUCT  shift 136
	ENUM  shift 44
	UNION  shift 138
	TYPEOF  shift 37
	INT128  shift 35
	SIGNED  shift 34
	ALIGNAS_SPEC  shift 135
	STATIC_ASSERT  shift 133
	TYPENAME  shift 36
	.  error

	field_list  goto 829
	field  goto 132
	type_specifier  goto 134

state 528
	field_list:  field_list.field 
	field_list:  field_list.STATIC_ASSERT '(' const_int_expr ',' STRING_LIT ')' ';' 
	field_list:  field_list.STATIC_ASSERT '(' const_int_expr ')' ';' 
	declaration_specifiers:  STATIC STRUCT '{' field_list.'}' 
	declaration_specifiers:  STATIC STRUCT '{' field_list.'}' ATTR_PACKED 

	INT  shift 26
	VOID  shift 27
	CONST  shift 137
	CHAR  shift 28
	LONG  shift 29
	UNSIGNED  shift 31
	SHORT  shift 30
	FLOAT  shift 32
	DOUBLE  shift 33
	STRUCT  shift 136
	ENUM  shift 44
	UNION  shift 138
	TYPEOF  shift 37
	INT128  shift 35
	SIGNED  shift 34
	ALIGNAS_SPEC  shift 135
	STATIC_ASSERT  shift 303
	TYPENAME  shift 36
	'}'  shift 830
	.  error

	field  goto 302
	type_specifier  goto 134

state 529
	field_list:  field_list.field 
	field_list:  field_list.STATIC_ASSERT '(' const_int_expr ',' STRING_LIT ')' ';' 
	field_list:  field_list.STATIC_ASSERT '(' const_int_expr ')' ';' 
	declaration_specifiers:  STATIC UNION '{' field_list.'}' 

	INT  shift 26
	VOID  shift 27
	CONST  shift 137
	CHAR  shift 28
	LONG  shift 29
	UNSIGNED  shift 31
	SHORT  shift 30
	FLOAT  shift 32
	DOUBLE  shift 33
	STRUCT  shift 136
	ENUM  shift 44
	UNION  shift 138
	TYPEOF  shift 37
	INT128  shift 35
	SIGNED  shift 34
	ALIGNAS_SPEC  shift 135
	STATIC_ASSERT  shift 303
	TYPENAME  shift 36
	'}'  shift 831
	.  error

	field  goto 302
	type_specifier  goto 134

state 530
	type_specifier:  STRUCT ID.    (108)
	declaration_specifiers:  EXTERN CONST STRUCT ID.'{' field_list '}' 
	declaration_specifiers:  EXTERN CONST STRUCT ID.'{' field_list '}' ATTR_PACKED 

	'{'  shift 832
	.  reduce 108 (src line 326)


state 531
	declaration_specifiers:  EXTERN CONST STRUCT ATTR_PACKED.ID '{' field_list '}' 

	ID  shift 833
	.  error


state 532
	declaration_specifiers:  EXTERN INLINE_KW CONST type_specifier.    (719)

	.  reduce 719 (src line 2070)


state 533
	declaration_specifiers:  EXTERN STRUCT ID '{'.field_list '}' 
	declaration_specifiers:  EXTERN STRUCT ID '{'.field_list '}' ATTR_PACKED 

	INT  shift 26
	VOID  shift 27
	CONST  shift 137
	CHAR  shift 28
	LONG  shift 29
	UNSIGNED  shift 31
	SHORT  shift 30
	FLOAT  shift 32
	DOUBLE  shift 33
	STRUCT  shift 136
	ENUM  shift 44
	UNION  shift 138
	TYPEOF  shift 37
	INT128  shift 35
	SIGNED  shift 34
	ALIGNAS_SPEC  shift 135
	STATIC_ASSERT  shift 133
	TYPENAME  shift 36
	.  error

	field_list  goto 834
	field  goto 132
	type_specifier  goto 134

state 534
	declaration_specifiers:  EXTERN STRUCT ATTR_PACKED ID.'{' field_list '}' 

	'{'  shift 835
	.  error


state 535
	declaration_specifiers:  INLINE_KW STATIC CONST type_specifier.    (721)

	.  reduce 721 (src line 2074)


state 536
	declaration_specifiers:  CONST STRUCT ID '{'.field_list '}' 
	declaration_specifiers:  CONST STRUCT ID '{'.field_list '}' ATTR_PACKED 

	INT  shift 26
	VOID  shift 27
	CONST  shift 137
	CHAR  shift 28
	LONG  shift 29
	UNSIGNED  shift 31
	SHORT  shift 30
	FLOAT  shift 32
	DOUBLE  shift 33
	STRUCT  shift 136
	ENUM  shift 44
	UNION  shift 138
	TYPEOF  shift 37
	INT128  shift 35
	SIGNED  shift 34
	ALIGNAS_SPEC  shift 135
	STATIC_ASSERT  shift 133
	TYPENAME  shift 36
	.  error

	field_list  goto 836
	field  goto 132
	type_specifier  goto 134

state 537
	declaration_specifiers:  CONST STRUCT ATTR_PACKED ID.'{' field_list '}' 

	'{'  shift 837
	.  error


state 538
	declaration_specifiers:  CONST STRUCT ATTR_PACKED '{'.field_list '}' 

	INT  shift 26
	VOID  shift 27
	CONST  shift 137
	CHAR  shift 28
	LONG  shift 29
	UNSIGNED  shift 31
	SHORT  shift 30
	FLOAT  shift 32
	DOUBLE  shift 33
	STRUCT  shift 136
	ENUM  shift 44
	UNION  shift 138
	TYPEOF  shift 37
	INT128  shift 35
	SIGNED  shift 34
	ALIGNAS_SPEC  shift 135
	STATIC_ASSERT  shift 133
	TYPENAME  shift 36
	.  error

	field_list  goto 838
	field  goto 132
	type_specifier  goto 134

state 539
	field_list:  field_list.field 
	field_list:  field_list.STATIC_ASSERT '(' const_int_expr ',' STRING_LIT ')' ';' 
	field_list:  field_list.STATIC_ASSERT '(' const_int_expr ')' ';' 
	declaration_specifiers:  CONST STRUCT '{' field_list.'}' 
	declaration_specifiers:  CONST STRUCT '{' field_list.'}' ATTR_PACKED 

	INT  shift 26
	VOID  shift 27
	CONST  shift 137
	CHAR  shift 28
	LONG  shift 29
	UNSIGNED  shift 31
	SHORT  shift 30
	FLOAT  shift 32
	DOUBLE  shift 33
	STRUCT  shift 136
	ENUM  shift 44
	UNION  shift 138
	TYPEOF  shift 37
	INT128  shift 35
	SIGNED  shift 34
	ALIGNAS_SPEC  shift 135
	STATIC_ASSERT  shift 303
	TYPENAME  shift 36
	'}'  shift 839
	.  error

	field  goto 302
	type_specifier  goto 134

state 540
	field_list:  field_list.field 
	field_list:  field_list.STATIC_ASSERT '(' const_int_expr ',' STRING_LIT ')' ';' 
	field_list:  field_list.STATIC_ASSERT '(' const_int_expr ')' ';' 
	declaration_specifiers:  CONST UNION '{' field_list.'}' 

	INT  shift 26
	VOID  shift 27
	CONST  shift 137
	CHAR  shift 28
	LONG  shift 29
	UNSIGNED  shift 31
	SHORT  shift 30
	FLOAT  shift 32
	DOUBLE  shift 33
	STRUCT  shift 136
	ENUM  shift 44
	UNION  shift 138
	TYPEOF  shift 37
	INT128  shift 35
	SIGNED  shift 34
	ALIGNAS_SPEC  shift 135
	STATIC_ASSERT  shift 303
	TYPENAME  shift 36
	'}'  shift 840
	.  error

	field  goto 302
	type_specifier  goto 134

state 541
	type_specifier:  LONG LONG UNSIGNED INT.    (78)

	.  reduce 78 (src line 292)


state 542
	type_specifier:  LONG LONG SIGNED INT.    (82)

	.  reduce 82 (src line 296)


state 543
	type_specifier:  UNSIGNED LONG LONG INT.    (74)

	.  reduce 74 (src line 288)


state 544
	type_specifier:  SIGNED LONG LONG INT.    (99)

	.  reduce 99 (src line 313)


state 545
	type_specifier:  TYPEOF '(' expression ')'.    (105)

	.  reduce 105 (src line 319)


state 546
	type_specifier:  TYPEOF '(' type_specifier ')'.    (106)

	.  reduce 106 (src line 322)


547: shift/reduce conflict (shift 841(0), red'n 108(0)) on ')'
state 547
	type_specifier:  TYPEOF '(' STRUCT ID.')' 
	type_specifier:  STRUCT ID.    (108)

	')'  shift 841
	.  error


state 548
	gd_declarator:  gd_pointer CONST ID.    (767)
	gd_declarator:  gd_pointer CONST ID.'[' const_int_expr ']' 
	gd_declarator:  gd_pointer CONST ID.'[' ']' 

	'['  shift 768
	.  reduce 767 (src line 2231)


state 549
	gd_declarator:  '(' '*' ID.')' '(' fp_param_types ')' 
	gd_declarator:  '(' '*' ID.'[' const_int_expr ']' ')' '(' fp_param_types ')' 

	')'  shift 733
	'['  shift 842
	.  error


state 550
	field_list:  field_list.field 
	field_list:  field_list.STATIC_ASSERT '(' const_int_expr ',' STRING_LIT ')' ';' 
	field_list:  field_list.STATIC_ASSERT '(' const_int_expr ')' ';' 
	declaration_specifiers:  STRUCT ID '{' field_list.'}' 
	declaration_specifiers:  STRUCT ID '{' field_list.'}' ATTR_PACKED 

	INT  shift 26
	VOID  shift 27
	CONST  shift 137
	CHAR  shift 28
	LONG  shift 29
	UNSIGNED  shift 31
	SHORT  shift 30
	FLOAT  shift 32
	DOUBLE  shift 33
	STRUCT  shift 136
	ENUM  shift 44
	UNION  shift 138
	TYPEOF  shift 37
	INT128  shift 35
	SIGNED  shift 34
	ALIGNAS_SPEC  shift 135
	STATIC_ASSERT  shift 303
	TYPENAME  shift 36
	'}'  shift 843
	.  error

	field  goto 302
	type_specifier  goto 134

state 551
	declaration_specifiers:  STRUCT ID ATTR_PACKED '{'.field_list '}' 

	INT  shift 26
	VOID  shift 27
	CONST  shift 137
	CHAR  shift 28
	LONG  shift 29
	UNSIGNED  shift 31
	SHORT  shift 30
	FLOAT  shift 32
	DOUBLE  shift 33
	STRUCT  shift 136
	ENUM  shift 44
	UNION  shift 138
	TYPEOF  shift 37
	INT128  shift 35
	SIGNED  shift 34
	ALIGNAS_SPEC  shift 135
	STATIC_ASSERT  shift 133
	TYPENAME  shift 36
	.  error

	field_list  goto 844
	field  goto 132
	type_specifier  goto 134

state 552
	declaration_specifiers:  STRUCT ATTR_PACKED ID '{'.field_list '}' 

	INT  shift 26
	VOID  shift 27
	CONST  shift 137
	CHAR  shift 28
	LONG  shift 29
	UNSIGNED  shift 31
	SHORT  shift 30
	FLOAT  shift 32
	DOUBLE  shift 33
	STRUCT  shift 136
	ENUM  shift 44
	UNION  shift 138
	TYPEOF  shift 37
	INT128  shift 35
	SIGNED  shift 34
	ALIGNAS_SPEC  shift 135
	STATIC_ASSERT  shift 133
	TYPENAME  shift 36
	.  error

	field_list  goto 845
	field  goto 132
	type_specifier  goto 134

state 553
	struct_declaration:  STRUCT ID '{' field_list '}'.';' 
	struct_declaration:  STRUCT ID '{' field_list '}'.ATTR_PACKED ';' 
	declaration_specifiers:  STRUCT ID '{' field_list '}'.    (724)
	declaration_specifiers:  STRUCT ID '{' field_list '}'.ATTR_PACKED 

	ATTR_PACKED  shift 847
	';'  shift 846
	.  reduce 724 (src line 2083)


state 554
	struct_declaration:  STRUCT ID ATTR_PACKED '{' field_list.'}' ';' 
	field_list:  field_list.field 
	field_list:  field_list.STATIC_ASSERT '(' const_int_expr ',' STRING_LIT ')' ';' 
	field_list:  field_list.STATIC_ASSERT '(' const_int_expr ')' ';' 
	declaration_specifiers:  STRUCT ID ATTR_PACKED '{' field_list.'}' 

	INT  shift 26
	VOID  shift 27
	CONST  shift 137
	CHAR  shift 28
	LONG  shift 29
	UNSIGNED  shift 31
	SHORT  shift 30
	FLOAT  shift 32
	DOUBLE  shift 33
	STRUCT  shift 136
	ENUM  shift 44
	UNION  shift 138
	TYPEOF  shift 37
	INT128  shift 35
	SIGNED  shift 34
	ALIGNAS_SPEC  shift 135
	STATIC_ASSERT  shift 303
	TYPENAME  shift 36
	'}'  shift 848
	.  error

	field  goto 302
	type_specifier  goto 134

state 555
	struct_declaration:  STRUCT ID ATTR_ALIGNED '{' field_list.'}' ';' 
	field_list:  field_list.field 
	field_list:  field_list.STATIC_ASSERT '(' const_int_expr ',' STRING_LIT ')' ';' 
	field_list:  field_list.STATIC_ASSERT '(' const_int_expr ')' ';' 

	INT  shift 26
	VOID  shift 27
	CONST  shift 137
	CHAR  shift 28
	LONG  shift 29
	UNSIGNED  shift 31
	SHORT  shift 30
	FLOAT  shift 32
	DOUBLE  shift 33
	STRUCT  shift 136
	ENUM  shift 44
	UNION  shift 138
	TYPEOF  shift 37
	INT128  shift 35
	SIGNED  shift 34
	ALIGNAS_SPEC  shift 135
	STATIC_ASSERT  shift 303
	TYPENAME  shift 36
	'}'  shift 849
	.  error

	field  goto 302
	type_specifier  goto 134

state 556
	struct_declaration:  STRUCT ATTR_PACKED ID '{' field_list.'}' ';' 
	field_list:  field_list.field 
	field_list:  field_list.STATIC_ASSERT '(' const_int_expr ',' STRING_LIT ')' ';' 
	field_list:  field_list.STATIC_ASSERT '(' const_int_expr ')' ';' 
	declaration_specifiers:  STRUCT ATTR_PACKED ID '{' field_list.'}' 

	INT  shift 26
	VOID  shift 27
	CONST  shift 137
	CHAR  shift 28
	LONG  shift 29
	UNSIGNED  shift 31
	SHORT  shift 30
	FLOAT  shift 32
	DOUBLE  shift 33
	STRUCT  shift 136
	ENUM  shift 44
	UNION  shift 138
	TYPEOF  shift 37
	INT128  shift 35
	SIGNED  shift 34
	ALIGNAS_SPEC  shift 135
	STATIC_ASSERT  shift 303
	TYPENAME  shift 36
	'}'  shift 850
	.  error

	field  goto 302
	type_specifier  goto 134

state 557
	declaration_specifiers:  STRUCT ATTR_PACKED '{' field_list '}'.    (744)

	.  reduce 744 (src line 2145)


state 558
	struct_declaration:  STRUCT ATTR_ALIGNED ID '{' field_list.'}' ';' 
	field_list:  field_list.field 
	field_list:  field_list.STATIC_ASSERT '(' const_int_expr ',' STRING_LIT ')' ';' 
	field_list:  field_list.STATIC_ASSERT '(' const_int_expr ')' ';' 

	INT  shift 26
	VOID  shift 27
	CONST  shift 137
	CHAR  shift 28
	LONG  shift 29
	UNSIGNED  shift 31
	SHORT  shift 30
	FLOAT  shift 32
	DOUBLE  shift 33
	STRUCT  shift 136
	ENUM  shift 44
	UNION  shift 138
	TYPEOF  shift 37
	INT128  shift 35
	SIGNED  shift 34
	ALIGNAS_SPEC  shift 135
	STATIC_ASSERT  shift 303
	TYPENAME  shift 36
	'}'  shift 851
	.  error

	field  goto 302
	type_specifier  goto 134

state 559
	field_list:  field_list STATIC_ASSERT '('.const_int_expr ',' STRING_LIT ')' ';' 
	field_list:  field_list STATIC_ASSERT '('.const_int_expr ')' ';' 

	NUM  shift 194
	ID  shift 198
	SIZEOF  shift 196
	ALIGNOF  shift 197
	'('  shift 195
	'&'  shift 199
	'-'  shift 192
	'!'  shift 193
	.  error

	const_int_expr  goto 852
	const_int_ternary  goto 183
	const_int_or  goto 184
	const_int_and  goto 185
	const_int_cmp  goto 186
	const_int_shift  goto 187
	const_int_add  goto 188
	const_int_mul  goto 189
	const_int_unary  goto 190
	const_int_primary  goto 191

state 560
	declaration_specifiers:  STRUCT '{' field_list '}' ATTR_PACKED.    (745)

	.  reduce 745 (src line 2149)


state 561
	field_list:  STATIC_ASSERT '(' const_int_expr.',' STRING_LIT ')' ';' 

	','  shift 853
	.  error


state 562
	id_list:  ID ','.ID 

	ID  shift 854
	.  error


state 563
	field:  type_specifier ID ';'.    (609)

	.  reduce 609 (src line 1797)


state 564
	field:  type_specifier ID ':'.const_int_expr ';' 

	NUM  shift 194
	ID  shift 198
	SIZEOF  shift 196
	ALIGNOF  shift 197
	'('  shift 195
	'&'  shift 199
	'-'  shift 192
	'!'  shift 193
	.  error

	const_int_expr  goto 855
	const_int_ternary  goto 183
	const_int_or  goto 184
	const_int_and  goto 185
	const_int_cmp  goto 186
	const_int_shift  goto 187
	const_int_add  goto 188
	const_int_mul  goto 189
	const_int_unary  goto 190
	const_int_primary  goto 191

state 565
	field:  type_specifier ID '['.const_int_expr ']' ';' 
	field:  type_specifier ID '['.const_int_expr ']' '[' const_int_expr ']' ';' 
	field:  type_specifier ID '['.']' ';' 

	NUM  shift 194
	ID  shift 198
	SIZEOF  shift 196
	ALIGNOF  shift 197
	'('  shift 195
	']'  shift 857
	'&'  shift 199
	'-'  shift 192
	'!'  shift 193
	.  error

	const_int_expr  goto 856
	const_int_ternary  goto 183
	const_int_or  goto 184
	const_int_and  goto 185
	const_int_cmp  goto 186
	const_int_shift  goto 187
	const_int_add  goto 188
	const_int_mul  goto 189
	const_int_unary  goto 190
	const_int_primary  goto 191

state 566
	id_list:  id_list ','.ID 
	id_list:  id_list ','.ID '[' const_int_expr ']' 
	id_list:  id_list ','.ID '=' expression 

	ID  shift 858
	.  error


state 567
	field:  type_specifier id_list ';'.    (612)

	.  reduce 612 (src line 1806)


state 568
	field:  type_specifier ':' const_int_expr.';' 

	';'  shift 859
	.  error


state 569
	field:  type_specifier '*' ID.';' 
	field:  type_specifier '*' ID.',' ptr_id_list ';' 
	field:  type_specifier '*' ID.'[' const_int_expr ']' ';' 
	field:  type_specifier '*' ID.'[' const_int_expr ']' '[' const_int_expr ']' ';' 

	';'  shift 860
	','  shift 861
	'['  shift 862
	.  error


state 570
	field:  type_specifier '*' '*'.ID ';' 

	ID  shift 863
	.  error


state 571
	field:  type_specifier '*' '('.'*' ID ')' '(' fp_param_types ')' ';' 

	'*'  shift 864
	.  error


state 572
	field:  type_specifier '(' '*'.ID ')' '(' fp_param_types ')' ';' 
	field:  type_specifier '(' '*'.ID '[' const_int_expr ']' ')' '(' fp_param_types ')' ';' 

	ID  shift 865
	.  error


state 573
	field:  ALIGNAS_SPEC type_specifier ID.';' 
	field:  ALIGNAS_SPEC type_specifier ID.'[' const_int_expr ']' ';' 

	';'  shift 866
	'['  shift 867
	.  error


state 574
	field:  STRUCT ID '*'.ID '[' const_int_expr ']' ';' 
	field:  STRUCT ID '*'.ID ';' 
	field:  STRUCT ID '*'.ID ',' ptr_id_list ';' 
	field:  STRUCT ID '*'.CONST '*' ID ';' 
	field:  STRUCT ID '*'.'*' ID ';' 

	ID  shift 868
	CONST  shift 869
	'*'  shift 870
	.  error


state 575
	field:  STRUCT ID ID.';' 
	field:  STRUCT ID ID.'[' const_int_expr ']' ';' 

	';'  shift 871
	'['  shift 872
	.  error


state 576
	field:  STRUCT ID '{'.field_list '}' ';' 
	field:  STRUCT ID '{'.field_list '}' ID ';' 
	field:  STRUCT ID '{'.field_list '}' '*' ID ';' 

	INT  shift 26
	VOID  shift 27
	CONST  shift 137
	CHAR  shift 28
	LONG  shift 29
	UNSIGNED  shift 31
	SHORT  shift 30
	FLOAT  shift 32
	DOUBLE  shift 33
	STRUCT  shift 136
	ENUM  shift 44
	UNION  shift 138
	TYPEOF  shift 37
	INT128  shift 35
	SIGNED  shift 34
	ALIGNAS_SPEC  shift 135
	STATIC_ASSERT  shift 133
	TYPENAME  shift 36
	.  error

	field_list  goto 873
	field  goto 132
	type_specifier  goto 134

state 577
	field_list:  field_list.field 
	field_list:  field_list.STATIC_ASSERT '(' const_int_expr ',' STRING_LIT ')' ';' 
	field_list:  field_list.STATIC_ASSERT '(' const_int_expr ')' ';' 
	field:  STRUCT '{' field_list.'}' ';' 
	field:  STRUCT '{' field_list.'}' ID ';' 
	field:  STRUCT '{' field_list.'}' ID '[' const_int_expr ']' ';' 

	INT  shift 26
	VOID  shift 27
	CONST  shift 137
	CHAR  shift 28
	LONG  shift 29
	UNSIGNED  shift 31
	SHORT  shift 30
	FLOAT  shift 32
	DOUBLE  shift 33
	STRUCT  shift 136
	ENUM  shift 44
	UNION  shift 138
	TYPEOF  shift 37
	INT128  shift 35
	SIGNED  shift 34
	ALIGNAS_SPEC  shift 135
	STATIC_ASSERT  shift 303
	TYPENAME  shift 36
	'}'  shift 874
	.  error

	field  goto 302
	type_specifier  goto 134

state 578
	field:  CONST type_specifier ID.';' 
	field:  CONST type_specifier ID.'[' const_int_expr ']' ';' 

	';'  shift 875
	'['  shift 876
	.  error


state 579
	field:  CONST type_specifier '*'.ID ';' 
	field:  CONST type_specifier '*'.'*' ID ';' 
	field:  CONST type_specifier '*'.ID '[' const_int_expr ']' ';' 
	field:  CONST type_specifier '*'.ID '[' ']' ';' 
	field:  CONST type_specifier '*'.'(' '*' ID ')' '(' fp_param_types ')' ';' 

	ID  shift 877
	'('  shift 879
	'*'  shift 878
	.  error


state 580
	field:  CONST type_specifier '('.'*' ID ')' '(' fp_param_types ')' ';' 

	'*'  shift 880
	.  error


state 581
	type_specifier:  STRUCT ID.    (108)
	field:  CONST STRUCT ID.'{' field_list '}' '*' ID ';' 

	'{'  shift 881
	.  reduce 108 (src line 326)


state 582
	field:  UNION ID ID.';' 

	';'  shift 882
	.  error


state 583
	field:  UNION ID '*'.ID ';' 

	ID  shift 883
	.  error


state 584
	field:  UNION ID '{'.field_list '}' ID ';' 
	field:  UNION ID '{'.field_list '}' ';' 

	INT  shift 26
	VOID  shift 27
	CONST  shift 137
	CHAR  shift 28
	LONG  shift 29
	UNSIGNED  shift 31
	SHORT  shift 30
	FLOAT  shift 32
	DOUBLE  shift 33
	STRUCT  shift 136
	ENUM  shift 44
	UNION  shift 138
	TYPEOF  shift 37
	INT128  shift 35
	SIGNED  shift 34
	ALIGNAS_SPEC  shift 135
	STATIC_ASSERT  shift 133
	TYPENAME  shift 36
	.  error

	field_list  goto 884
	field  goto 132
	type_specifier  goto 134

state 585
	field_list:  field_list.field 
	field_list:  field_list.STATIC_ASSERT '(' const_int_expr ',' STRING_LIT ')' ';' 
	field_list:  field_list.STATIC_ASSERT '(' const_int_expr ')' ';' 
	field:  UNION '{' field_list.'}' ';' 
	field:  UNION '{' field_list.'}' ID ';' 
	field:  UNION '{' field_list.'}' ID '[' const_int_expr ']' ';' 

	INT  shift 26
	VOID  shift 27
	CONST  shift 137
	CHAR  shift 28
	LONG  shift 29
	UNSIGNED  shift 31
	SHORT  shift 30
	FLOAT  shift 32
	DOUBLE  shift 33
	STRUCT  shift 136
	ENUM  shift 44
	UNION  shift 138
	TYPEOF  shift 37
	INT128  shift 35
	SIGNED  shift 34
	ALIGNAS_SPEC  shift 135
	STATIC_ASSERT  shift 303
	TYPENAME  shift 36
	'}'  shift 885
	.  error

	field  goto 302
	type_specifier  goto 134

state 586
	union_declaration:  UNION ID '{' field_list '}'.';' 
	union_declaration:  UNION ID '{' field_list '}'.ATTR_PACKED ';' 

	ATTR_PACKED  shift 887
	';'  shift 886
	.  error


state 587
	union_declaration:  UNION ID ATTR_PACKED '{' field_list.'}' ';' 
	field_list:  field_list.field 
	field_list:  field_list.STATIC_ASSERT '(' const_int_expr ',' STRING_LIT ')' ';' 
	field_list:  field_list.STATIC_ASSERT '(' const_int_expr ')' ';' 

	INT  shift 26
	VOID  shift 27
	CONST  shift 137
	CHAR  shift 28
	LONG  shift 29
	UNSIGNED  shift 31
	SHORT  shift 30
	FLOAT  shift 32
	DOUBLE  shift 33
	STRUCT  shift 136
	ENUM  shift 44
	UNION  shift 138
	TYPEOF  shift 37
	INT128  shift 35
	SIGNED  shift 34
	ALIGNAS_SPEC  shift 135
	STATIC_ASSERT  shift 303
	TYPENAME  shift 36
	'}'  shift 888
	.  error

	field  goto 302
	type_specifier  goto 134

state 588
	union_declaration:  UNION ATTR_PACKED ID '{' field_list.'}' ';' 
	field_list:  field_list.field 
	field_list:  field_list.STATIC_ASSERT '(' const_int_expr ',' STRING_LIT ')' ';' 
	field_list:  field_list.STATIC_ASSERT '(' const_int_expr ')' ';' 

	INT  shift 26
	VOID  shift 27
	CONST  shift 137
	CHAR  shift 28
	LONG  shift 29
	UNSIGNED  shift 31
	SHORT  shift 30
	FLOAT  shift 32
	DOUBLE  shift 33
	STRUCT  shift 136
	ENUM  shift 44
	UNION  shift 138
	TYPEOF  shift 37
	INT128  shift 35
	SIGNED  shift 34
	ALIGNAS_SPEC  shift 135
	STATIC_ASSERT  shift 303
	TYPENAME  shift 36
	'}'  shift 889
	.  error

	field  goto 302
	type_specifier  goto 134

state 589
	declaration_specifiers:  UNION ATTR_PACKED '{' field_list '}'.    (756)

	.  reduce 756 (src line 2193)


state 590
	declaration_specifiers:  UNION '{' field_list '}' ATTR_PACKED.    (757)

	.  reduce 757 (src line 2197)


state 591
	enum_declaration:  ENUM ID '{' enum_list '}'.';' 

	';'  shift 890
	.  error


state 592
	enum_declaration:  ENUM '{' enum_list '}' ';'.    (462)

	.  reduce 462 (src line 1329)


state 593
	enum_list:  enum_list ',' enum_member.    (464)

	.  reduce 464 (src line 1336)


state 594
	enum_member:  ID '=' const_int_expr.    (468)

	.  reduce 468 (src line 1353)


state 595
	declaration:  ASM_KW '(' args ')' ';'.    (16)

	.  reduce 16 (src line 127)


state 596
	arg_list:  arg_list ',' expression.    (450)

	.  reduce 450 (src line 1296)


state 597
	postfix_expr:  postfix_expr ARROW ID.    (285)
	postfix_expr:  postfix_expr ARROW ID.'(' args ')' 

	'('  shift 891
	.  reduce 285 (src line 822)


state 598
	postfix_expr:  postfix_expr '.' ID.    (286)
	postfix_expr:  postfix_expr '.' ID.'(' args ')' 

	'('  shift 892
	.  reduce 286 (src line 824)


state 599
	postfix_expr:  postfix_expr '[' expression.']' 
	postfix_expr:  postfix_expr '[' expression.']' '(' args ')' 

	']'  shift 893
	.  error


state 600
	expression:  postfix_expr '=' expression.    (305)

	.  reduce 305 (src line 882)


state 601
	expression:  postfix_expr PLUSEQ expression.    (325)

	.  reduce 325 (src line 925)


state 602
	expression:  postfix_expr MINUSEQ expression.    (326)

	.  reduce 326 (src line 927)


state 603
	expression:  postfix_expr STAREQ expression.    (327)

	.  reduce 327 (src line 929)


state 604
	expression:  postfix_expr DIVEQ expression.    (328)

	.  reduce 328 (src line 931)


state 605
	expression:  postfix_expr MODEQ expression.    (329)

	.  reduce 329 (src line 933)


state 606
	expression:  postfix_expr ANDEQ expression.    (330)

	.  reduce 330 (src line 935)


state 607
	expression:  postfix_expr OREQ expression.    (331)

	.  reduce 331 (src line 937)


state 608
	expression:  postfix_expr XOREQ expression.    (332)

	.  reduce 332 (src line 939)


state 609
	expression:  postfix_expr SHLEQ expression.    (333)

	.  reduce 333 (src line 941)


state 610
	expression:  postfix_expr SHREQ expression.    (334)

	.  reduce 334 (src line 943)


state 611
	postfix_expr:  '(' expression ')'.'.' ID 
	postfix_expr:  '(' expression ')'.ARROW ID 
	postfix_expr:  '(' expression ')'.ARROW ID '(' args ')' 
	postfix_expr:  '(' expression ')'.'.' ID '(' args ')' 
	postfix_expr:  '(' expression ')'.'[' expression ']' 
	postfix_expr:  '(' expression ')'.INC 
	postfix_expr:  '(' expression ')'.DEC 
	postfix_expr:  '(' expression ')'.'(' args ')' 
	expression:  '(' expression ')'.'=' expression 
	expression:  '(' expression ')'.PLUSEQ expression 
	expression:  '(' expression ')'.MINUSEQ expression 
	expression:  '(' expression ')'.STAREQ expression 
	expression:  '(' expression ')'.ANDEQ expression 
	expression:  '(' expression ')'.OREQ expression 
	expression:  '(' expression ')'.XOREQ expression 
	expression:  '(' expression ')'.SHLEQ expression 
	expression:  '(' expression ')'.SHREQ expression 
	expression:  '(' expression ')'.DIVEQ expression 
	expression:  '(' expression ')'.MODEQ expression 
	factor:  '(' expression ')'.    (369)

	INC  shift 897
	DEC  shift 898
	PLUSEQ  shift 901
	MINUSEQ  shift 902
	STAREQ  shift 903
	DIVEQ  shift 909
	MODEQ  shift 910
	ANDEQ  shift 904
	OREQ  shift 905
	XOREQ  shift 906
	SHLEQ  shift 907
	SHREQ  shift 908
	ARROW  shift 895
	'('  shift 899
	'['  shift 896
	'.'  shift 894
	'='  shift 900
	.  reduce 369 (src line 1035)


state 612
	comma_expr_list:  expression ','.expression 

	NUM  shift 168
	CHAR_LIT  shift 170
	FNUM  shift 169
	ID  shift 161
	STRING_LIT  shift 159
	SIZEOF  shift 178
	VA_ARG  shift 181
	ALIGNOF  shift 179
	GENERIC  shift 180
	INC  shift 174
	DEC  shift 175
	ANDAND  shift 177
	'('  shift 154
	'*'  shift 155
	'&'  shift 176
	'-'  shift 171
	'!'  shift 172
	'~'  shift 173
	.  error

	postfix_expr  goto 153
	expression  goto 911
	var  goto 157
	simple_expression  goto 156
	ternary_expression  goto 160
	logical_expression  goto 162
	comparison_expression  goto 163
	bitwise_expression  goto 164
	additive_expression  goto 165
	term  goto 166
	factor  goto 167
	call  goto 158

state 613
	postfix_expr:  '(' comma_expr_list ')'.ARROW ID 
	postfix_expr:  '(' comma_expr_list ')'.'.' ID 
	factor:  '(' comma_expr_list ')'.    (370)

	ARROW  shift 912
	'.'  shift 913
	.  reduce 370 (src line 1038)


state 614
	comma_expr_list:  comma_expr_list ','.expression 

	NUM  shift 168
	CHAR_LIT  shift 170
	FNUM  shift 169
	ID  shift 161
	STRING_LIT  shift 159
	SIZEOF  shift 178
	VA_ARG  shift 181
	ALIGNOF  shift 179
	GENERIC  shift 180
	INC  shift 174
	DEC  shift 175
	ANDAND  shift 177
	'('  shift 154
	'*'  shift 155
	'&'  shift 176
	'-'  shift 171
	'!'  shift 172
	'~'  shift 173
	.  error

	postfix_expr  goto 153
	expression  goto 914
	var  goto 157
	simple_expression  goto 156
	ternary_expression  goto 160
	logical_expression  goto 162
	comparison_expression  goto 163
	bitwise_expression  goto 164
	additive_expression  goto 165
	term  goto 166
	factor  goto 167
	call  goto 158

state 615
	factor:  '(' type_specifier ')'.factor 
	factor:  '(' type_specifier ')'.'{' init_list '}' 
	factor:  '(' type_specifier ')'.'{' init_list ',' '}' 
	factor:  '(' type_specifier ')'.'{' '}' 

	NUM  shift 168
	CHAR_LIT  shift 170
	FNUM  shift 169
	ID  shift 161
	STRING_LIT  shift 159
	SIZEOF  shift 178
	VA_ARG  shift 181
	ALIGNOF  shift 179
	GENERIC  shift 180
	INC  shift 174
	DEC  shift 175
	ANDAND  shift 177
	'('  shift 353
	'*'  shift 355
	'{'  shift 916
	'&'  shift 176
	'-'  shift 171
	'!'  shift 172
	'~'  shift 173
	.  error

	postfix_expr  goto 354
	var  goto 157
	factor  goto 915
	call  goto 158

state 616
	factor:  '(' type_specifier '*'.')' factor 
	factor:  '(' type_specifier '*'.'*' ')' factor 
	factor:  '(' type_specifier '*'.'(' '*' ')' '(' fp_param_types ')' ')' factor 
	factor:  '(' type_specifier '*'.')' '{' init_list '}' 
	factor:  '(' type_specifier '*'.')' '{' init_list ',' '}' 

	'('  shift 919
	')'  shift 917
	'*'  shift 918
	.  error


state 617
	factor:  '(' type_specifier '('.'*' ')' '(' fp_param_types ')' ')' factor 

	'*'  shift 920
	.  error


state 618
	factor:  '(' type_specifier '['.']' ')' '{' init_list '}' 
	factor:  '(' type_specifier '['.']' ')' '{' init_list ',' '}' 
	factor:  '(' type_specifier '['.const_int_expr ']' ')' '{' init_list '}' 
	factor:  '(' type_specifier '['.const_int_expr ']' ')' '{' init_list ',' '}' 

	NUM  shift 194
	ID  shift 198
	SIZEOF  shift 196
	ALIGNOF  shift 197
	'('  shift 195
	']'  shift 921
	'&'  shift 199
	'-'  shift 192
	'!'  shift 193
	.  error

	const_int_expr  goto 922
	const_int_ternary  goto 183
	const_int_or  goto 184
	const_int_and  goto 185
	const_int_cmp  goto 186
	const_int_shift  goto 187
	const_int_add  goto 188
	const_int_mul  goto 189
	const_int_unary  goto 190
	const_int_primary  goto 191

state 619
	factor:  '(' CONST type_specifier.'*' ')' factor 
	factor:  '(' CONST type_specifier.'*' '*' ')' factor 

	'*'  shift 923
	.  error


620: shift/reduce conflict (shift 925(0), red'n 108(0)) on ')'
620: shift/reduce conflict (shift 924(0), red'n 108(0)) on '*'
state 620
	type_specifier:  STRUCT ID.    (108)
	factor:  '(' STRUCT ID.'*' ')' factor 
	factor:  '(' STRUCT ID.')' factor 
	factor:  '(' STRUCT ID.')' '{' init_list '}' 
	factor:  '(' STRUCT ID.')' '{' init_list ',' '}' 
	factor:  '(' STRUCT ID.')' '{' '}' 

	')'  shift 925
	'*'  shift 924
	.  reduce 108 (src line 326)


state 621
	factor:  '(' STRUCT '{'.field_list '}' '*' ')' factor 
	factor:  '(' STRUCT '{'.field_list '}' ')' factor 

	INT  shift 26
	VOID  shift 27
	CONST  shift 137
	CHAR  shift 28
	LONG  shift 29
	UNSIGNED  shift 31
	SHORT  shift 30
	FLOAT  shift 32
	DOUBLE  shift 33
	STRUCT  shift 136
	ENUM  shift 44
	UNION  shift 138
	TYPEOF  shift 37
	INT128  shift 35
	SIGNED  shift 34
	ALIGNAS_SPEC  shift 135
	STATIC_ASSERT  shift 133
	TYPENAME  shift 36
	.  error

	field_list  goto 926
	field  goto 132
	type_specifier  goto 134

622: shift/reduce conflict (shift 927(0), red'n 109(0)) on ')'
state 622
	type_specifier:  UNION ID.    (109)
	factor:  '(' UNION ID.')' '{' init_list '}' 
	factor:  '(' UNION ID.')' '{' init_list ',' '}' 

	')'  shift 927
	.  reduce 109 (src line 328)


state 623
	block_item_list:  block_item_list.statement 
	block_item_list:  block_item_list.var_declaration 
	block_item_list:  block_item_list.ALIGNAS_SPEC var_declaration 
	block_item_list:  block_item_list.ATTR_ALIGNED var_declaration 
	block_item_list:  block_item_list.declaration_specifiers local_fun_proto ';' 
	block_item_list:  block_item_list.declaration_specifiers local_fun_proto ATTR_WEAK ';' 
	block_item_list:  block_item_list.declaration_specifiers local_fun_proto ATTR_SECTION ';' 
	block_item_list:  block_item_list.declaration_specifiers local_fun_proto ATTR_ALIGNED ';' 
	block_item_list:  block_item_list.STRUCT ID ';' 
	block_item_list:  block_item_list.UNION ID ';' 
	block_item_list:  block_item_list.ENUM ID ';' 
	block_item_list:  block_item_list.ENUM '{' enum_list '}' ';' 
	block_item_list:  block_item_list.ENUM ID '{' enum_list '}' ';' 
	block_item_list:  block_item_list.struct_declaration 
	block_item_list:  block_item_list.union_declaration 
	block_item_list:  block_item_list.typedef_declaration 
	block_item_list:  block_item_list.ASM_KW '(' args ')' ';' 
	block_item_list:  block_item_list.ASM_KW ';' 
	block_item_list:  block_item_list.STATIC_ASSERT '(' const_int_expr ',' STRING_LIT ')' ';' 
	block_item_list:  block_item_list.STATIC_ASSERT '(' const_int_expr ')' ';' 
	factor:  '(' '{' block_item_list.'}' ')' 

	NUM  shift 168
	CHAR_LIT  shift 170
	FNUM  shift 169
	ID  shift 718
	STRING_LIT  shift 159
	INT  shift 26
	VOID  shift 27
	IF  shift 722
	WHILE  shift 723
	RETURN  shift 727
	FOR  shift 724
	DO  shift 725
	BREAK  shift 728
	CONTINUE  shift 729
	CONST  shift 25
	CHAR  shift 28
	EXTERN  shift 23
	GOTO  shift 730
	LONG  shift 29
	UNSIGNED  shift 31
	SHORT  shift 30
	FLOAT  shift 32
	DOUBLE  shift 33
	STRUCT  shift 699
	SIZEOF  shift 178
	ENUM  shift 701
	UNION  shift 700
	TYPEDEF  shift 20
	STATIC  shift 22
	VA_ARG  shift 181
	TYPEOF  shift 37
	INT128  shift 35
	SIGNED  shift 34
	SWITCH  shift 726
	ATTR_ALIGNED  shift 697
	ALIGNAS_SPEC  shift 696
	ALIGNOF  shift 179
	GENERIC  shift 180
	STATIC_ASSERT  shift 706
	ASM_KW  shift 705
	INLINE_KW  shift 24
	TYPENAME  shift 36
	INC  shift 174
	DEC  shift 175
	ANDAND  shift 177
	';'  shift 721
	'('  shift 154
	'*'  shift 155
	'{'  shift 207
	'}'  shift 928
	'&'  shift 176
	'-'  shift 171
	'!'  shift 172
	'~'  shift 173
	.  error

	var_declaration  goto 695
	struct_declaration  goto 702
	union_declaration  goto 703
	typedef_declaration  goto 704
	compound_stmt  goto 708
	postfix_expr  goto 153
	statement  goto 694
	expression_stmt  goto 707
	selection_stmt  goto 709
	iteration_stmt  goto 710
	for_stmt  goto 711
	do_while_stmt  goto 712
	switch_stmt  goto 713
	return_stmt  goto 714
	break_stmt  goto 715
	continue_stmt  goto 716
	goto_stmt  goto 717
	expression  goto 719
	var  goto 157
	simple_expression  goto 156
	ternary_expression  goto 160
	logical_expression  goto 162
	comparison_expression  goto 163
	bitwise_expression  goto 164
	additive_expression  goto 165
	term  goto 166
	factor  goto 167
	call  goto 158
	comma_expr_list  goto 720
	type_specifier  goto 21
	declaration_specifiers  goto 698

state 624
	expression:  '*' factor '='.expression 

	NUM  shift 168
	CHAR_LIT  shift 170
	FNUM  shift 169
	ID  shift 161
	STRING_LIT  shift 159
	SIZEOF  shift 178
	VA_ARG  shift 181
	ALIGNOF  shift 179
	GENERIC  shift 180
	INC  shift 174
	DEC  shift 175
	ANDAND  shift 177
	'('  shift 154
	'*'  shift 155
	'&'  shift 176
	'-'  shift 171
	'!'  shift 172
	'~'  shift 173
	.  error

	postfix_expr  goto 153
	expression  goto 929
	var  goto 157
	simple_expression  goto 156
	ternary_expression  goto 160
	logical_expression  goto 162
	comparison_expression  goto 163
	bitwise_expression  goto 164
	additive_expression  goto 165
	term  goto 166
	factor  goto 167
	call  goto 158

state 625
	expression:  '*' factor PLUSEQ.expression 

	NUM  shift 168
	CHAR_LIT  shift 170
	FNUM  shift 169
	ID  shift 161
	STRING_LIT  shift 159
	SIZEOF  shift 178
	VA_ARG  shift 181
	ALIGNOF  shift 179
	GENERIC  shift 180
	INC  shift 174
	DEC  shift 175
	ANDAND  shift 177
	'('  shift 154
	'*'  shift 155
	'&'  shift 176
	'-'  shift 171
	'!'  shift 172
	'~'  shift 173
	.  error

	postfix_expr  goto 153
	expression  goto 930
	var  goto 157
	simple_expression  goto 156
	ternary_expression  goto 160
	logical_expression  goto 162
	comparison_expression  goto 163
	bitwise_expression  goto 164
	additive_expression  goto 165
	term  goto 166
	factor  goto 167
	call  goto 158

state 626
	expression:  '*' factor MINUSEQ.expression 

	NUM  shift 168
	CHAR_LIT  shift 170
	FNUM  shift 169
	ID  shift 161
	STRING_LIT  shift 159
	SIZEOF  shift 178
	VA_ARG  shift 181
	ALIGNOF  shift 179
	GENERIC  shift 180
	INC  shift 174
	DEC  shift 175
	ANDAND  shift 177
	'('  shift 154
	'*'  shift 155
	'&'  shift 176
	'-'  shift 171
	'!'  shift 172
	'~'  shift 173
	.  error

	postfix_expr  goto 153
	expression  goto 931
	var  goto 157
	simple_expression  goto 156
	ternary_expression  goto 160
	logical_expression  goto 162
	comparison_expression  goto 163
	bitwise_expression  goto 164
	additive_expression  goto 165
	term  goto 166
	factor  goto 167
	call  goto 158

state 627
	expression:  '*' factor STAREQ.expression 

	NUM  shift 168
	CHAR_LIT  shift 170
	FNUM  shift 169
	ID  shift 161
	STRING_LIT  shift 159
	SIZEOF  shift 178
	VA_ARG  shift 181
	ALIGNOF  shift 179
	GENERIC  shift 180
	INC  shift 174
	DEC  shift 175
	ANDAND  shift 177
	'('  shift 154
	'*'  shift 155
	'&'  shift 176
	'-'  shift 171
	'!'  shift 172
	'~'  shift 173
	.  error

	postfix_expr  goto 153
	expression  goto 932
	var  goto 157
	simple_expression  goto 156
	ternary_expression  goto 160
	logical_expression  goto 162
	comparison_expression  goto 163
	bitwise_expression  goto 164
	additive_expression  goto 165
	term  goto 166
	factor  goto 167
	call  goto 158

state 628
	expression:  '*' factor SHREQ.expression 

	NUM  shift 168
	CHAR_LIT  shift 170
	FNUM  shift 169
	ID  shift 161
	STRING_LIT  shift 159
	SIZEOF  shift 178
	VA_ARG  shift 181
	ALIGNOF  shift 179
	GENERIC  shift 180
	INC  shift 174
	DEC  shift 175
	ANDAND  shift 177
	'('  shift 154
	'*'  shift 155
	'&'  shift 176
	'-'  shift 171
	'!'  shift 172
	'~'  shift 173
	.  error

	postfix_expr  goto 153
	expression  goto 933
	var  goto 157
	simple_expression  goto 156
	ternary_expression  goto 160
	logical_expression  goto 162
	comparison_expression  goto 163
	bitwise_expression  goto 164
	additive_expression  goto 165
	term  goto 166
	factor  goto 167
	call  goto 158

state 629
	expression:  '*' factor SHLEQ.expression 

	NUM  shift 168
	CHAR_LIT  shift 170
	FNUM  shift 169
	ID  shift 161
	STRING_LIT  shift 159
	SIZEOF  shift 178
	VA_ARG  shift 181
	ALIGNOF  shift 179
	GENERIC  shift 180
	INC  shift 174
	DEC  shift 175
	ANDAND  shift 177
	'('  shift 154
	'*'  shift 155
	'&'  shift 176
	'-'  shift 171
	'!'  shift 172
	'~'  shift 173
	.  error

	postfix_expr  goto 153
	expression  goto 934
	var  goto 157
	simple_expression  goto 156
	ternary_expression  goto 160
	logical_expression  goto 162
	comparison_expression  goto 163
	bitwise_expression  goto 164
	additive_expression  goto 165
	term  goto 166
	factor  goto 167
	call  goto 158

state 630
	expression:  '*' factor OREQ.expression 

	NUM  shift 168
	CHAR_LIT  shift 170
	FNUM  shift 169
	ID  shift 161
	STRING_LIT  shift 159
	SIZEOF  shift 178
	VA_ARG  shift 181
	ALIGNOF  shift 179
	GENERIC  shift 180
	INC  shift 174
	DEC  shift 175
	ANDAND  shift 177
	'('  shift 154
	'*'  shift 155
	'&'  shift 176
	'-'  shift 171
	'!'  shift 172
	'~'  shift 173
	.  error

	postfix_expr  goto 153
	expression  goto 935
	var  goto 157
	simple_expression  goto 156
	ternary_expression  goto 160
	logical_expression  goto 162
	comparison_expression  goto 163
	bitwise_expression  goto 164
	additive_expression  goto 165
	term  goto 166
	factor  goto 167
	call  goto 158

state 631
	expression:  '*' factor ANDEQ.expression 

	NUM  shift 168
	CHAR_LIT  shift 170
	FNUM  shift 169
	ID  shift 161
	STRING_LIT  shift 159
	SIZEOF  shift 178
	VA_ARG  shift 181
	ALIGNOF  shift 179
	GENERIC  shift 180
	INC  shift 174
	DEC  shift 175
	ANDAND  shift 177
	'('  shift 154
	'*'  shift 155
	'&'  shift 176
	'-'  shift 171
	'!'  shift 172
	'~'  shift 173
	.  error

	postfix_expr  goto 153
	expression  goto 936
	var  goto 157
	simple_expression  goto 156
	ternary_expression  goto 160
	logical_expression  goto 162
	comparison_expression  goto 163
	bitwise_expression  goto 164
	additive_expression  goto 165
	term  goto 166
	factor  goto 167
	call  goto 158

state 632
	postfix_expr:  '(' expression.')' '.' ID 
	postfix_expr:  '(' expression.')' ARROW ID 
	postfix_expr:  '(' expression.')' ARROW ID '(' args ')' 
	postfix_expr:  '(' expression.')' '.' ID '(' args ')' 
	postfix_expr:  '(' expression.')' '[' expression ']' 
	postfix_expr:  '(' expression.')' INC 
	postfix_expr:  '(' expression.')' DEC 
	postfix_expr:  '(' expression.')' '(' args ')' 
	factor:  '(' expression.')' 
	comma_expr_list:  expression.',' expression 

	')'  shift 937
	','  shift 612
	.  error


state 633
	factor:  '*' factor.    (390)

	.  reduce 390 (src line 1079)


state 634
	postfix_expr:  var '(' args.')' 

	')'  shift 938
	.  error


state 635
	postfix_expr:  call '(' args.')' 

	')'  shift 939
	.  error


state 636
	postfix_expr:  STRING_LIT '[' expression.']' 

	']'  shift 940
	.  error


state 637
	var:  ID '[' expression.']' '[' expression ']' 
	var:  ID '[' expression.']' 

	']'  shift 941
	.  error


state 638
	call:  ID '(' args.')' 

	')'  shift 942
	.  error


state 639
	ternary_expression:  logical_expression QUESTION ternary_expression.':' ternary_expression 

	':'  shift 943
	.  error


state 640
	logical_expression:  logical_expression ANDAND comparison_expression.    (342)

	.  reduce 342 (src line 970)


state 641
	logical_expression:  logical_expression OROR comparison_expression.    (343)

	.  reduce 343 (src line 973)


state 642
	comparison_expression:  bitwise_expression relop bitwise_expression.    (345)
	bitwise_expression:  bitwise_expression.bitwiseop additive_expression 

	LSHIFT  shift 375
	RSHIFT  shift 376
	'&'  shift 372
	'|'  shift 373
	'^'  shift 374
	.  reduce 345 (src line 979)

	bitwiseop  goto 365

state 643
	bitwise_expression:  bitwise_expression bitwiseop additive_expression.    (347)
	additive_expression:  additive_expression.addop term 

	'+'  shift 378
	'-'  shift 379
	.  reduce 347 (src line 986)

	addop  goto 377

state 644
	additive_expression:  additive_expression addop term.    (360)
	term:  term.mulop factor 

	'*'  shift 381
	'/'  shift 382
	'%'  shift 383
	.  reduce 360 (src line 1010)

	mulop  goto 380

state 645
	term:  term mulop factor.    (364)

	.  reduce 364 (src line 1022)


state 646
	postfix_expr:  postfix_expr ARROW.ID 
	postfix_expr:  postfix_expr ARROW.ID '(' args ')' 
	factor:  '&' postfix_expr ARROW.ID 

	ID  shift 944
	.  error


state 647
	postfix_expr:  postfix_expr '.'.ID 
	postfix_expr:  postfix_expr '.'.ID '(' args ')' 
	factor:  '&' postfix_expr '.'.ID 

	ID  shift 945
	.  error


state 648
	postfix_expr:  postfix_expr '['.expression ']' 
	postfix_expr:  postfix_expr '['.expression ']' '(' args ')' 
	factor:  '&' postfix_expr '['.expression ']' 

	NUM  shift 168
	CHAR_LIT  shift 170
	FNUM  shift 169
	ID  shift 161
	STRING_LIT  shift 159
	SIZEOF  shift 178
	VA_ARG  shift 181
	ALIGNOF  shift 179
	GENERIC  shift 180
	INC  shift 174
	DEC  shift 175
	ANDAND  shift 177
	'('  shift 154
	'*'  shift 155
	'&'  shift 176
	'-'  shift 171
	'!'  shift 172
	'~'  shift 173
	.  error

	postfix_expr  goto 153
	expression  goto 946
	var  goto 157
	simple_expression  goto 156
	ternary_expression  goto 160
	logical_expression  goto 162
	comparison_expression  goto 163
	bitwise_expression  goto 164
	additive_expression  goto 165
	term  goto 166
	factor  goto 167
	call  goto 158

state 649
	postfix_expr:  '(' expression.')' '.' ID 
	postfix_expr:  '(' expression.')' ARROW ID 
	postfix_expr:  '(' expression.')' ARROW ID '(' args ')' 
	postfix_expr:  '(' expression.')' '.' ID '(' args ')' 
	postfix_expr:  '(' expression.')' '[' expression ']' 
	postfix_expr:  '(' expression.')' INC 
	postfix_expr:  '(' expression.')' DEC 
	postfix_expr:  '(' expression.')' '(' args ')' 
	factor:  '&' '(' expression.')' 
	factor:  '&' '(' expression.')' '[' expression ']' 
	comma_expr_list:  expression.',' expression 

	')'  shift 947
	','  shift 612
	.  error


state 650
	postfix_expr:  '(' comma_expr_list.')' ARROW ID 
	postfix_expr:  '(' comma_expr_list.')' '.' ID 
	comma_expr_list:  comma_expr_list.',' expression 

	')'  shift 948
	','  shift 614
	.  error


state 651
	factor:  '&' '(' STRUCT.ID ')' '{' init_list '}' 
	factor:  '&' '(' STRUCT.ID ')' '{' init_list ',' '}' 
	factor:  '&' '(' STRUCT.ID ')' '{' '}' 

	ID  shift 949
	.  error


state 652
	postfix_expr:  STRING_LIT '['.expression ']' 
	factor:  '&' STRING_LIT '['.expression ']' 

	NUM  shift 168
	CHAR_LIT  shift 170
	FNUM  shift 169
	ID  shift 161
	STRING_LIT  shift 159
	SIZEOF  shift 178
	VA_ARG  shift 181
	ALIGNOF  shift 179
	GENERIC  shift 180
	INC  shift 174
	DEC  shift 175
	ANDAND  shift 177
	'('  shift 154
	'*'  shift 155
	'&'  shift 176
	'-'  shift 171
	'!'  shift 172
	'~'  shift 173
	.  error

	postfix_expr  goto 153
	expression  goto 950
	var  goto 157
	simple_expression  goto 156
	ternary_expression  goto 160
	logical_expression  goto 162
	comparison_expression  goto 163
	bitwise_expression  goto 164
	additive_expression  goto 165
	term  goto 166
	factor  goto 167
	call  goto 158

state 653
	postfix_expr:  '(' expression.')' '.' ID 
	postfix_expr:  '(' expression.')' ARROW ID 
	postfix_expr:  '(' expression.')' ARROW ID '(' args ')' 
	postfix_expr:  '(' expression.')' '.' ID '(' args ')' 
	postfix_expr:  '(' expression.')' '[' expression ']' 
	postfix_expr:  '(' expression.')' INC 
	postfix_expr:  '(' expression.')' DEC 
	postfix_expr:  '(' expression.')' '(' args ')' 
	factor:  SIZEOF '(' expression.')' 
	comma_expr_list:  expression.',' expression 

	')'  shift 951
	','  shift 612
	.  error


state 654
	factor:  SIZEOF '(' type_specifier.')' 
	factor:  SIZEOF '(' type_specifier.'*' ')' 
	factor:  SIZEOF '(' type_specifier.'*' '*' ')' 
	factor:  SIZEOF '(' type_specifier.'[' const_int_expr ']' ')' 

	')'  shift 952
	'*'  shift 953
	'['  shift 954
	.  error


state 655
	factor:  SIZEOF '(' CONST.type_specifier '*' ')' 

	INT  shift 26
	VOID  shift 27
	CHAR  shift 28
	LONG  shift 29
	UNSIGNED  shift 31
	SHORT  shift 30
	FLOAT  shift 32
	DOUBLE  shift 33
	STRUCT  shift 92
	ENUM  shift 44
	UNION  shift 87
	TYPEOF  shift 37
	INT128  shift 35
	SIGNED  shift 34
	TYPENAME  shift 36
	.  error

	type_specifier  goto 955

state 656
	type_specifier:  STRUCT.ID 
	factor:  SIZEOF '(' STRUCT.ID ')' 
	factor:  SIZEOF '(' STRUCT.ID '*' ')' 

	ID  shift 956
	.  error


state 657
	type_specifier:  UNION.ID 
	factor:  SIZEOF '(' UNION.ID ')' 

	ID  shift 957
	.  error


state 658
	factor:  SIZEOF '*' factor.    (401)

	.  reduce 401 (src line 1108)


state 659
	factor:  ALIGNOF '(' type_specifier.')' 
	factor:  ALIGNOF '(' type_specifier.'*' ')' 

	')'  shift 958
	'*'  shift 959
	.  error


state 660
	type_specifier:  STRUCT.ID 
	factor:  ALIGNOF '(' STRUCT.ID ')' 

	ID  shift 960
	.  error


state 661
	factor:  ALIGNOF '(' expression.')' 

	')'  shift 961
	.  error


state 662
	factor:  GENERIC '(' expression.',' generic_assoc_list ')' 

	','  shift 962
	.  error


state 663
	factor:  VA_ARG '(' expression.',' type_specifier ')' 
	factor:  VA_ARG '(' expression.',' type_specifier '*' ')' 
	factor:  VA_ARG '(' expression.',' CONST type_specifier '*' ')' 
	factor:  VA_ARG '(' expression.',' type_specifier '*' '*' ')' 
	factor:  VA_ARG '(' expression.',' STRUCT ID '*' ')' 

	','  shift 963
	.  error


state 664
	declaration:  STATIC_ASSERT '(' const_int_expr ',' STRING_LIT.')' ';' 

	')'  shift 964
	.  error


state 665
	declaration:  STATIC_ASSERT '(' const_int_expr ')' ';'.    (19)

	.  reduce 19 (src line 136)


state 666
	const_int_ternary:  const_int_or QUESTION const_int_or.':' const_int_or 
	const_int_or:  const_int_or.OROR const_int_and 

	OROR  shift 404
	':'  shift 965
	.  error


state 667
	const_int_or:  const_int_or OROR const_int_and.    (659)
	const_int_and:  const_int_and.ANDAND const_int_cmp 

	ANDAND  shift 405
	.  reduce 659 (src line 1957)


state 668
	const_int_and:  const_int_and ANDAND const_int_cmp.    (661)
	const_int_cmp:  const_int_cmp.EQ const_int_shift 
	const_int_cmp:  const_int_cmp.NE const_int_shift 
	const_int_cmp:  const_int_cmp.'<' const_int_shift 
	const_int_cmp:  const_int_cmp.'>' const_int_shift 
	const_int_cmp:  const_int_cmp.LE const_int_shift 
	const_int_cmp:  const_int_cmp.GE const_int_shift 

	LE  shift 410
	GE  shift 411
	EQ  shift 406
	NE  shift 407
	'<'  shift 408
	'>'  shift 409
	.  reduce 661 (src line 1962)


state 669
	const_int_cmp:  const_int_cmp EQ const_int_shift.    (663)
	const_int_shift:  const_int_shift.LSHIFT const_int_add 
	const_int_shift:  const_int_shift.RSHIFT const_int_add 

	LSHIFT  shift 412
	RSHIFT  shift 413
	.  reduce 663 (src line 1967)


state 670
	const_int_cmp:  const_int_cmp NE const_int_shift.    (664)
	const_int_shift:  const_int_shift.LSHIFT const_int_add 
	const_int_shift:  const_int_shift.RSHIFT const_int_add 

	LSHIFT  shift 412
	RSHIFT  shift 413
	.  reduce 664 (src line 1968)


state 671
	const_int_cmp:  const_int_cmp '<' const_int_shift.    (665)
	const_int_shift:  const_int_shift.LSHIFT const_int_add 
	const_int_shift:  const_int_shift.RSHIFT const_int_add 

	LSHIFT  shift 412
	RSHIFT  shift 413
	.  reduce 665 (src line 1969)


state 672
	const_int_cmp:  const_int_cmp '>' const_int_shift.    (666)
	const_int_shift:  const_int_shift.LSHIFT const_int_add 
	const_int_shift:  const_int_shift.RSHIFT const_int_add 

	LSHIFT  shift 412
	RSHIFT  shift 413
	.  reduce 666 (src line 1970)


state 673
	const_int_cmp:  const_int_cmp LE const_int_shift.    (667)
	const_int_shift:  const_int_shift.LSHIFT const_int_add 
	const_int_shift:  const_int_shift.RSHIFT const_int_add 

	LSHIFT  shift 412
	RSHIFT  shift 413
	.  reduce 667 (src line 1971)


state 674
	const_int_cmp:  const_int_cmp GE const_int_shift.    (668)
	const_int_shift:  const_int_shift.LSHIFT const_int_add 
	const_int_shift:  const_int_shift.RSHIFT const_int_add 

	LSHIFT  shift 412
	RSHIFT  shift 413
	.  reduce 668 (src line 1972)


state 675
	const_int_shift:  const_int_shift LSHIFT const_int_add.    (670)
	const_int_add:  const_int_add.'+' const_int_mul 
	const_int_add:  const_int_add.'-' const_int_mul 

	'+'  shift 414
	'-'  shift 415
	.  reduce 670 (src line 1977)


state 676
	const_int_shift:  const_int_shift RSHIFT const_int_add.    (671)
	const_int_add:  const_int_add.'+' const_int_mul 
	const_int_add:  const_int_add.'-' const_int_mul 

	'+'  shift 414
	'-'  shift 415
	.  reduce 671 (src line 1978)


state 677
	const_int_add:  const_int_add '+' const_int_mul.    (673)
	const_int_mul:  const_int_mul.'*' const_int_unary 
	const_int_mul:  const_int_mul.'/' const_int_unary 
	const_int_mul:  const_int_mul.'%' const_int_unary 

	'*'  shift 416
	'/'  shift 417
	'%'  shift 418
	.  reduce 673 (src line 1983)


state 678
	const_int_add:  const_int_add '-' const_int_mul.    (674)
	const_int_mul:  const_int_mul.'*' const_int_unary 
	const_int_mul:  const_int_mul.'/' const_int_unary 
	const_int_mul:  const_int_mul.'%' const_int_unary 

	'*'  shift 416
	'/'  shift 417
	'%'  shift 418
	.  reduce 674 (src line 1984)


state 679
	const_int_mul:  const_int_mul '*' const_int_unary.    (676)

	.  reduce 676 (src line 1989)


state 680
	const_int_mul:  const_int_mul '/' const_int_unary.    (677)

	.  reduce 677 (src line 1990)


state 681
	const_int_mul:  const_int_mul '%' const_int_unary.    (678)

	.  reduce 678 (src line 1991)


state 682
	const_int_primary:  '(' const_int_ternary ')'.    (683)

	.  reduce 683 (src line 2002)


state 683
	const_int_primary:  '(' type_specifier ')'.const_int_primary 

	NUM  shift 194
	ID  shift 198
	SIZEOF  shift 196
	ALIGNOF  shift 197
	'('  shift 195
	'&'  shift 199
	.  error

	const_int_primary  goto 966

state 684
	const_int_primary:  SIZEOF '(' STRING_LIT.')' 

	')'  shift 967
	.  error


state 685
	const_int_primary:  SIZEOF '(' type_specifier.')' 
	const_int_primary:  SIZEOF '(' type_specifier.'*' ')' 
	const_int_primary:  SIZEOF '(' type_specifier.'[' NUM ']' ')' 

	')'  shift 968
	'*'  shift 969
	'['  shift 970
	.  error


state 686
	const_int_primary:  SIZEOF '(' CONST.type_specifier '*' ')' 

	INT  shift 26
	VOID  shift 27
	CHAR  shift 28
	LONG  shift 29
	UNSIGNED  shift 31
	SHORT  shift 30
	FLOAT  shift 32
	DOUBLE  shift 33
	STRUCT  shift 92
	ENUM  shift 44
	UNION  shift 87
	TYPEOF  shift 37
	INT128  shift 35
	SIGNED  shift 34
	TYPENAME  shift 36
	.  error

	type_specifier  goto 971

state 687
	const_int_primary:  SIZEOF '(' ID.')' 
	const_int_primary:  SIZEOF '(' ID.'[' NUM ']' ')' 
	const_int_primary:  SIZEOF '(' ID.'.' ID ')' 
	const_int_primary:  SIZEOF '(' ID.'.' ID '.' ID ')' 

	')'  shift 972
	'['  shift 973
	'.'  shift 974
	.  error


state 688
	const_int_primary:  SIZEOF '(' '('.ID ')' '[' NUM ']' ')' 
	const_int_primary:  SIZEOF '(' '('.ID ')' '[' const_int_expr ']' ')' 
	const_int_primary:  SIZEOF '(' '('.ID '.' ID '.' ID ')' ')' 
	const_int_primary:  SIZEOF '(' '('.ID '.' ID ')' ')' 
	const_int_primary:  SIZEOF '(' '('.'(' ID '.' ID '.' ID ')' ')' '[' const_int_expr ']' ')' 
	const_int_primary:  SIZEOF '(' '('.'(' ID '.' ID ')' ')' '[' const_int_expr ']' ')' 

	ID  shift 975
	'('  shift 976
	.  error


state 689
	const_int_primary:  ALIGNOF '(' type_specifier.')' 
	const_int_primary:  ALIGNOF '(' type_specifier.'*' ')' 

	')'  shift 977
	'*'  shift 978
	.  error


state 690
	type_specifier:  STRUCT.ID 
	const_int_primary:  ALIGNOF '(' STRUCT.ID ')' 

	ID  shift 979
	.  error


state 691
	const_int_primary:  '&' '(' '('.type_specifier '*' ')' NUM ')' ARROW ID 
	const_int_primary:  '&' '(' '('.type_specifier '*' ')' NUM ')' '.' ID 

	INT  shift 26
	VOID  shift 27
	CHAR  shift 28
	LONG  shift 29
	UNSIGNED  shift 31
	SHORT  shift 30
	FLOAT  shift 32
	DOUBLE  shift 33
	STRUCT  shift 92
	ENUM  shift 44
	UNION  shift 87
	TYPEOF  shift 37
	INT128  shift 35
	SIGNED  shift 34
	TYPENAME  shift 36
	.  error

	type_specifier  goto 980

state 692
	declaration:  declaration_specifiers gd_fun_declarator ',' gd_fun_declarator ';'.    (22)

	.  reduce 22 (src line 150)


state 693
	compound_stmt:  '{' block_item_list '}'.    (198)

	.  reduce 198 (src line 505)


state 694
	block_item_list:  block_item_list statement.    (199)

	.  reduce 199 (src line 511)


state 695
	block_item_list:  block_item_list var_declaration.    (200)

	.  reduce 200 (src line 514)


state 696
	block_item_list:  block_item_list ALIGNAS_SPEC.var_declaration 

	INT  shift 26
	VOID  shift 27
	CONST  shift 25
	CHAR  shift 28
	EXTERN  shift 23
	LONG  shift 29
	UNSIGNED  shift 31
	SHORT  shift 30
	FLOAT  shift 32
	DOUBLE  shift 33
	STRUCT  shift 42
	ENUM  shift 44
	UNION  shift 43
	STATIC  shift 22
	TYPEOF  shift 37
	INT128  shift 35
	SIGNED  shift 34
	INLINE_KW  shift 24
	TYPENAME  shift 36
	.  error

	var_declaration  goto 981
	type_specifier  goto 21
	declaration_specifiers  goto 41

state 697
	block_item_list:  block_item_list ATTR_ALIGNED.var_declaration 

	INT  shift 26
	VOID  shift 27
	CONST  shift 25
	CHAR  shift 28
	EXTERN  shift 23
	LONG  shift 29
	UNSIGNED  shift 31
	SHORT  shift 30
	FLOAT  shift 32
	DOUBLE  shift 33
	STRUCT  shift 42
	ENUM  shift 44
	UNION  shift 43
	STATIC  shift 22
	TYPEOF  shift 37
	INT128  shift 35
	SIGNED  shift 34
	INLINE_KW  shift 24
	TYPENAME  shift 36
	.  error

	var_declaration  goto 982
	type_specifier  goto 21
	declaration_specifiers  goto 41

state 698
	var_declaration:  declaration_specifiers.gd_init_declarator_list ';' 
	block_item_list:  block_item_list declaration_specifiers.local_fun_proto ';' 
	block_item_list:  block_item_list declaration_specifiers.local_fun_proto ATTR_WEAK ';' 
	block_item_list:  block_item_list declaration_specifiers.local_fun_proto ATTR_SECTION ';' 
	block_item_list:  block_item_list declaration_specifiers.local_fun_proto ATTR_ALIGNED ';' 
	declaration_specifiers:  declaration_specifiers.INLINE_KW 

	ID  shift 984
	INLINE_KW  shift 63
	'('  shift 986
	'*'  shift 67
	.  error

	gd_declarator  goto 68
	gd_init_declarator  goto 66
	gd_init_declarator_list  goto 115
	gd_pointer  goto 985
	local_fun_proto  goto 983

state 699
	type_specifier:  STRUCT.ID 
	block_item_list:  block_item_list STRUCT.ID ';' 
	struct_declaration:  STRUCT.ID '{' field_list '}' ';' 
	struct_declaration:  STRUCT.ATTR_PACKED ID '{' field_list '}' ';' 
	struct_declaration:  STRUCT.ID ATTR_PACKED '{' field_list '}' ';' 
	struct_declaration:  STRUCT.ID '{' field_list '}' ATTR_PACKED ';' 
	struct_declaration:  STRUCT.ATTR_ALIGNED ID '{' field_list '}' ';' 
	struct_declaration:  STRUCT.ID ATTR_ALIGNED '{' field_list '}' ';' 
	declaration_specifiers:  STRUCT.ID '{' field_list '}' 
	declaration_specifiers:  STRUCT.ATTR_PACKED ID '{' field_list '}' 
	declaration_specifiers:  STRUCT.ID ATTR_PACKED '{' field_list '}' 
	declaration_specifiers:  STRUCT.ID '{' field_list '}' ATTR_PACKED 
	declaration_specifiers:  STRUCT.'{' field_list '}' 
	declaration_specifiers:  STRUCT.ATTR_PACKED '{' field_list '}' 
	declaration_specifiers:  STRUCT.'{' field_list '}' ATTR_PACKED 

	ID  shift 987
	ATTR_PACKED  shift 46
	ATTR_ALIGNED  shift 47
	'{'  shift 48
	.  error


state 700
	type_specifier:  UNION.ID 
	block_item_list:  block_item_list UNION.ID ';' 
	union_declaration:  UNION.ID '{' field_list '}' ';' 
	union_declaration:  UNION.ATTR_PACKED ID '{' field_list '}' ';' 
	union_declaration:  UNION.ID ATTR_PACKED '{' field_list '}' ';' 
	union_declaration:  UNION.ID '{' field_list '}' ATTR_PACKED ';' 
	declaration_specifiers:  UNION.'{' field_list '}' 
	declaration_specifiers:  UNION.ATTR_PACKED '{' field_list '}' 
	declaration_specifiers:  UNION.'{' field_list '}' ATTR_PACKED 

	ID  shift 988
	ATTR_PACKED  shift 50
	'{'  shift 51
	.  error


state 701
	type_specifier:  ENUM.ID 
	block_item_list:  block_item_list ENUM.ID ';' 
	block_item_list:  block_item_list ENUM.'{' enum_list '}' ';' 
	block_item_list:  block_item_list ENUM.ID '{' enum_list '}' ';' 

	ID  shift 989
	'{'  shift 990
	.  error


state 702
	block_item_list:  block_item_list struct_declaration.    (212)

	.  reduce 212 (src line 543)


state 703
	block_item_list:  block_item_list union_declaration.    (213)

	.  reduce 213 (src line 545)


state 704
	block_item_list:  block_item_list typedef_declaration.    (214)

	.  reduce 214 (src line 548)


state 705
	block_item_list:  block_item_list ASM_KW.'(' args ')' ';' 
	block_item_list:  block_item_list ASM_KW.';' 

	';'  shift 992
	'('  shift 991
	.  error


state 706
	block_item_list:  block_item_list STATIC_ASSERT.'(' const_int_expr ',' STRING_LIT ')' ';' 
	block_item_list:  block_item_list STATIC_ASSERT.'(' const_int_expr ')' ';' 

	'('  shift 993
	.  error


state 707
	statement:  expression_stmt.    (239)

	.  reduce 239 (src line 659)


state 708
	statement:  compound_stmt.    (240)

	.  reduce 240 (src line 661)


state 709
	statement:  selection_stmt.    (241)

	.  reduce 241 (src line 662)


state 710
	statement:  iteration_stmt.    (242)

	.  reduce 242 (src line 663)


state 711
	statement:  for_stmt.    (243)

	.  reduce 243 (src line 664)


state 712
	statement:  do_while_stmt.    (244)

	.  reduce 244 (src line 665)


state 713
	statement:  switch_stmt.    (245)

	.  reduce 245 (src line 666)


state 714
	statement:  return_stmt.    (246)

	.  reduce 246 (src line 667)


state 715
	statement:  break_stmt.    (247)

	.  reduce 247 (src line 668)


state 716
	statement:  continue_stmt.    (248)

	.  reduce 248 (src line 669)


state 717
	statement:  goto_stmt.    (249)

	.  reduce 249 (src line 670)


718: shift/reduce conflict (shift 360(0), red'n 336(0)) on '('
718: shift/reduce conflict (shift 359(0), red'n 336(0)) on '['
state 718
	statement:  ID.':' statement 
	var:  ID.    (336)
	var:  ID.'[' expression ']' '[' expression ']' 
	var:  ID.'[' expression ']' 
	call:  ID.'(' args ')' 

	'('  shift 360
	'['  shift 359
	':'  shift 994
	.  reduce 336 (src line 949)


state 719
	expression_stmt:  expression.';' 
	comma_expr_list:  expression.',' expression 

	';'  shift 995
	','  shift 612
	.  error


state 720
	expression_stmt:  comma_expr_list.';' 
	comma_expr_list:  comma_expr_list.',' expression 

	';'  shift 996
	','  shift 614
	.  error


state 721
	expression_stmt:  ';'.    (253)

	.  reduce 253 (src line 679)


state 722
	selection_stmt:  IF.'(' expression ')' statement 
	selection_stmt:  IF.'(' expression ')' statement ELSE statement 

	'('  shift 997
	.  error


state 723
	iteration_stmt:  WHILE.'(' expression ')' statement 
	iteration_stmt:  WHILE.'(' comma_expr_list ')' statement 

	'('  shift 998
	.  error


state 724
	for_stmt:  FOR.'(' opt_expression ';' opt_expression ';' opt_expression ')' statement 
	for_stmt:  FOR.'(' var_declaration opt_expression ';' opt_expression ')' statement 
	for_stmt:  FOR.'(' var_declaration opt_expression ';' expression ',' expression ')' statement 
	for_stmt:  FOR.'(' var_declaration opt_expression ';' expression ',' expression ',' expression ')' statement 
	for_stmt:  FOR.'(' opt_expression ';' opt_expression ';' expression ',' expression ')' statement 
	for_stmt:  FOR.'(' opt_expression ';' opt_expression ';' expression ',' expression ',' expression ')' statement 
	for_stmt:  FOR.'(' expression ',' expression ';' opt_expression ';' opt_expression ')' statement 
	for_stmt:  FOR.'(' expression ',' expression ',' expression ';' opt_expression ';' opt_expression ')' statement 
	for_stmt:  FOR.'(' expression ',' expression ';' opt_expression ';' expression ',' expression ')' statement 
	for_stmt:  FOR.'(' expression ',' expression ',' expression ';' opt_expression ';' expression ',' expression ')' statement 

	'('  shift 999
	.  error


state 725
	do_while_stmt:  DO.statement WHILE '(' expression ')' ';' 

	NUM  shift 168
	CHAR_LIT  shift 170
	FNUM  shift 169
	ID  shift 718
	STRING_LIT  shift 159
	IF  shift 722
	WHILE  shift 723
	RETURN  shift 727
	FOR  shift 724
	DO  shift 725
	BREAK  shift 728
	CONTINUE  shift 729
	GOTO  shift 730
	SIZEOF  shift 178
	VA_ARG  shift 181
	SWITCH  shift 726
	ALIGNOF  shift 179
	GENERIC  shift 180
	INC  shift 174
	DEC  shift 175
	ANDAND  shift 177
	';'  shift 721
	'('  shift 154
	'*'  shift 155
	'{'  shift 207
	'&'  shift 176
	'-'  shift 171
	'!'  shift 172
	'~'  shift 173
	.  error

	compound_stmt  goto 708
	postfix_expr  goto 153
	statement  goto 1000
	expression_stmt  goto 707
	selection_stmt  goto 709
	iteration_stmt  goto 710
	for_stmt  goto 711
	do_while_stmt  goto 712
	switch_stmt  goto 713
	return_stmt  goto 714
	break_stmt  goto 715
	continue_stmt  goto 716
	goto_stmt  goto 717
	expression  goto 719
	var  goto 157
	simple_expression  goto 156
	ternary_expression  goto 160
	logical_expression  goto 162
	comparison_expression  goto 163
	bitwise_expression  goto 164
	additive_expression  goto 165
	term  goto 166
	factor  goto 167
	call  goto 158
	comma_expr_list  goto 720

state 726
	switch_stmt:  SWITCH.'(' expression ')' '{' case_list '}' 

	'('  shift 1001
	.  error


state 727
	return_stmt:  RETURN.';' 
	return_stmt:  RETURN.expression ';' 

	NUM  shift 168
	CHAR_LIT  shift 170
	FNUM  shift 169
	ID  shift 161
	STRING_LIT  shift 159
	SIZEOF  shift 178
	VA_ARG  shift 181
	ALIGNOF  shift 179
	GENERIC  shift 180
	INC  shift 174
	DEC  shift 175
	ANDAND  shift 177
	';'  shift 1002
	'('  shift 154
	'*'  shift 155
	'&'  shift 176
	'-'  shift 171
	'!'  shift 172
	'~'  shift 173
	.  error

	postfix_expr  goto 153
	expression  goto 1003
	var  goto 157
	simple_expression  goto 156
	ternary_expression  goto 160
	logical_expression  goto 162
	comparison_expression  goto 163
	bitwise_expression  goto 164
	additive_expression  goto 165
	term  goto 166
	factor  goto 167
	call  goto 158

state 728
	break_stmt:  BREAK.';' 

	';'  shift 1004
	.  error


state 729
	continue_stmt:  CONTINUE.';' 

	';'  shift 1005
	.  error


state 730
	goto_stmt:  GOTO.ID ';' 
	goto_stmt:  GOTO.'*' expression ';' 

	ID  shift 1006
	'*'  shift 1007
	.  error


state 731
	gd_fun_declarator:  gd_pointer CONST ID.'(' params ')' 
	gd_fun_declarator:  gd_pointer CONST ID.'(' param_list ',' ELLIPSIS ')' 

	'('  shift 769
	.  error


state 732
	declaration:  declaration_specifiers '(' '*' ID '['.']' ')' '(' fp_param_types ')' ';' 
	declaration:  declaration_specifiers '(' '*' ID '['.']' ')' '(' fp_param_types ')' ATTR_WEAK ';' 
	gd_declarator:  '(' '*' ID '['.const_int_expr ']' ')' '(' fp_param_types ')' 

	NUM  shift 194
	ID  shift 198
	SIZEOF  shift 196
	ALIGNOF  shift 197
	'('  shift 195
	']'  shift 1008
	'&'  shift 199
	'-'  shift 192
	'!'  shift 193
	.  error

	const_int_expr  goto 1009
	const_int_ternary  goto 183
	const_int_or  goto 184
	const_int_and  goto 185
	const_int_cmp  goto 186
	const_int_shift  goto 187
	const_int_add  goto 188
	const_int_mul  goto 189
	const_int_unary  goto 190
	const_int_primary  goto 191

state 733
	gd_declarator:  '(' '*' ID ')'.'(' fp_param_types ')' 

	'('  shift 1010
	.  error


state 734
	gd_declarator:  '(' '*' '*' ID.')' '(' fp_param_types ')' 

	')'  shift 1011
	.  error


state 735
	gd_declarator:  '(' '*' '(' ID.'[' const_int_expr ']' ')' ')' '(' fp_param_types ')' 

	'['  shift 1012
	.  error


state 736
	gd_fun_declarator:  '(' ID ')' '('.params ')' 
	gd_fun_declarator:  '(' ID ')' '('.param_list ',' ELLIPSIS ')' 
	params: .    (113)

	ID  shift 459
	INT  shift 461
	VOID  shift 454
	CONST  shift 458
	CHAR  shift 462
	LONG  shift 463
	UNSIGNED  shift 467
	SHORT  shift 464
	FLOAT  shift 465
	DOUBLE  shift 466
	STRUCT  shift 457
	ENUM  shift 460
	UNION  shift 87
	TYPEOF  shift 37
	INT128  shift 469
	SIGNED  shift 468
	TYPENAME  shift 470
	.  reduce 113 (src line 338)

	params  goto 1013
	param_list  goto 1014
	param  goto 455
	type_specifier  goto 456

state 737
	gd_declarator:  ID '[' const_int_expr ']'.    (768)
	gd_declarator:  ID '[' const_int_expr ']'.'[' const_int_expr ']' 

	'['  shift 1015
	.  reduce 768 (src line 2233)


state 738
	gd_declarator:  ID '[' ']' '['.const_int_expr ']' 

	NUM  shift 194
	ID  shift 198
	SIZEOF  shift 196
	ALIGNOF  shift 197
	'('  shift 195
	'&'  shift 199
	'-'  shift 192
	'!'  shift 193
	.  error

	const_int_expr  goto 1016
	const_int_ternary  goto 183
	const_int_or  goto 184
	const_int_and  goto 185
	const_int_cmp  goto 186
	const_int_shift  goto 187
	const_int_add  goto 188
	const_int_mul  goto 189
	const_int_unary  goto 190
	const_int_primary  goto 191

state 739
	gd_declarator:  ID '[' ID ']'.    (780)

	.  reduce 780 (src line 2258)


state 740
	gd_fun_declarator:  ID '(' params ')'.    (802)

	.  reduce 802 (src line 2314)


state 741
	param_list:  param_list ','.param 
	param_list:  param_list ','.ELLIPSIS 
	gd_fun_declarator:  ID '(' param_list ','.ELLIPSIS ')' 

	ID  shift 459
	INT  shift 461
	VOID  shift 27
	CONST  shift 458
	CHAR  shift 462
	LONG  shift 463
	UNSIGNED  shift 467
	SHORT  shift 464
	FLOAT  shift 465
	DOUBLE  shift 466
	STRUCT  shift 457
	ENUM  shift 460
	UNION  shift 87
	TYPEOF  shift 37
	INT128  shift 469
	SIGNED  shift 468
	TYPENAME  shift 470
	ELLIPSIS  shift 1018
	.  error

	param  goto 1017
	type_specifier  goto 456

state 742
	param:  type_specifier ID.    (117)
	param:  type_specifier ID.'[' const_int_expr ']' '[' const_int_expr ']' 
	param:  type_specifier ID.'[' const_int_expr ']' 
	param:  type_specifier ID.'[' STATIC const_int_expr ']' 
	param:  type_specifier ID.'[' ']' 

	'['  shift 1019
	.  reduce 117 (src line 350)


state 743
	param:  type_specifier '*'.ID '[' ']' 
	param:  type_specifier '*'.ID 
	param:  type_specifier '*'.'*' ID 
	param:  type_specifier '*'.'*' '*' ID 
	param:  type_specifier '*'.    (138)
	param:  type_specifier '*'.CONST ID 
	param:  type_specifier '*'.CONST ID '[' ']' 
	param:  type_specifier '*'.CONST '[' ']' 
	param:  type_specifier '*'.CONST ID '[' const_int_expr ']' 
	param:  type_specifier '*'.'*' 
	param:  type_specifier '*'.CONST '*' 
	param:  type_specifier '*'.CONST '*' ID 
	param:  type_specifier '*'.'(' '*' ID ')' '(' fp_param_types ')' 
	param:  type_specifier '*'.'(' '*' ')' '(' fp_param_types ')' 

	ID  shift 1020
	CONST  shift 1022
	'('  shift 1023
	'*'  shift 1021
	.  reduce 138 (src line 397)


state 744
	param:  type_specifier CONST.'*' ID 

	'*'  shift 1024
	.  error


state 745
	param:  type_specifier '('.'*' ID ')' '(' fp_param_types ')' 
	param:  type_specifier '('.'*' ')' '(' fp_param_types ')' 

	'*'  shift 1025
	.  error


state 746
	param:  type_specifier '['.const_int_expr ']' 
	param:  type_specifier '['.']' 

	NUM  shift 194
	ID  shift 198
	SIZEOF  shift 196
	ALIGNOF  shift 197
	'('  shift 195
	']'  shift 1027
	'&'  shift 199
	'-'  shift 192
	'!'  shift 193
	.  error

	const_int_expr  goto 1026
	const_int_ternary  goto 183
	const_int_or  goto 184
	const_int_and  goto 185
	const_int_cmp  goto 186
	const_int_shift  goto 187
	const_int_add  goto 188
	const_int_mul  goto 189
	const_int_unary  goto 190
	const_int_primary  goto 191

747: shift/reduce conflict (shift 1028(0), red'n 108(0)) on ID
747: shift/reduce conflict (shift 1029(0), red'n 108(0)) on '*'
state 747
	type_specifier:  STRUCT ID.    (108)
	param:  STRUCT ID.ID 
	param:  STRUCT ID.'*' ID 
	param:  STRUCT ID.'*' '*' ID 
	param:  STRUCT ID.'*' CONST '*' ID 
	param:  STRUCT ID.'*' CONST '*' 
	param:  STRUCT ID.'*' 
	param:  STRUCT ID.'*' '*' 
	param:  STRUCT ID.'*' '*' '*' 
	param:  STRUCT ID.'*' '(' '*' ID ')' '(' fp_param_types ')' 
	param:  STRUCT ID.'*' '(' '*' ')' '(' fp_param_types ')' 

	ID  shift 1028
	'*'  shift 1029
	.  reduce 108 (src line 326)


state 748
	type_specifier:  STRUCT.ID 
	param:  CONST STRUCT.ID ID 
	param:  CONST STRUCT.ID '*' ID 
	param:  CONST STRUCT.ID '*' 
	param:  CONST STRUCT.ID '*' '*' 
	param:  CONST STRUCT.ID '*' '*' ID 
	param:  CONST STRUCT.ID '[' const_int_expr ']' 
	param:  CONST STRUCT.ID ID '[' const_int_expr ']' 

	ID  shift 1030
	.  error


state 749
	param:  CONST type_specifier.'*' ID 
	param:  CONST type_specifier.'*' CONST ID 
	param:  CONST type_specifier.'*' CONST ID '[' ']' 
	param:  CONST type_specifier.'*' CONST ID '[' const_int_expr ']' 
	param:  CONST type_specifier.'*' CONST 
	param:  CONST type_specifier.'*' 
	param:  CONST type_specifier.'*' '*' 
	param:  CONST type_specifier.'*' '*' ID 
	param:  CONST type_specifier.'*' CONST '*' 
	param:  CONST type_specifier.'*' CONST '*' ID 
	param:  CONST type_specifier.ID 
	param:  CONST type_specifier.    (195)

	ID  shift 1032
	'*'  shift 1031
	.  reduce 195 (src line 496)


state 750
	param:  ID '*'.    (155)
	param:  ID '*'.ID 

	ID  shift 1033
	.  reduce 155 (src line 432)


751: shift/reduce conflict (shift 1034(0), red'n 110(0)) on ID
state 751
	type_specifier:  ENUM ID.    (110)
	param:  ENUM ID.    (160)
	param:  ENUM ID.ID 

	ID  shift 1034
	')'  reduce 160 (src line 443)
	','  reduce 160 (src line 443)
	.  reduce 110 (src line 330)


state 752
	type_specifier:  LONG LONG.    (64)
	type_specifier:  LONG LONG.INT 
	type_specifier:  LONG LONG.UNSIGNED 
	type_specifier:  LONG LONG.UNSIGNED INT 
	type_specifier:  LONG LONG.SIGNED 
	type_specifier:  LONG LONG.SIGNED INT 
	param:  LONG LONG.    (165)

	INT  shift 275
	UNSIGNED  shift 276
	SIGNED  shift 277
	')'  reduce 165 (src line 448)
	','  reduce 165 (src line 448)
	.  reduce 64 (src line 278)


state 753
	type_specifier:  LONG INT.    (65)
	param:  LONG INT.    (166)

	')'  reduce 166 (src line 449)
	','  reduce 166 (src line 449)
	.  reduce 65 (src line 279)


state 754
	type_specifier:  LONG DOUBLE.    (90)
	param:  LONG DOUBLE.    (167)

	')'  reduce 167 (src line 450)
	','  reduce 167 (src line 450)
	.  reduce 90 (src line 304)


state 755
	type_specifier:  SHORT INT.    (68)
	param:  SHORT INT.    (169)

	')'  reduce 169 (src line 452)
	','  reduce 169 (src line 452)
	.  reduce 68 (src line 282)


state 756
	type_specifier:  UNSIGNED INT.    (70)
	param:  UNSIGNED INT.    (173)

	')'  reduce 173 (src line 456)
	','  reduce 173 (src line 456)
	.  reduce 70 (src line 284)


state 757
	type_specifier:  UNSIGNED LONG.    (71)
	type_specifier:  UNSIGNED LONG.LONG 
	type_specifier:  UNSIGNED LONG.INT 
	type_specifier:  UNSIGNED LONG.LONG INT 
	param:  UNSIGNED LONG.    (174)

	INT  shift 282
	LONG  shift 281
	')'  reduce 174 (src line 457)
	','  reduce 174 (src line 457)
	.  reduce 71 (src line 285)


state 758
	type_specifier:  UNSIGNED CHAR.    (83)
	param:  UNSIGNED CHAR.    (175)

	')'  reduce 175 (src line 458)
	','  reduce 175 (src line 458)
	.  reduce 83 (src line 297)


759: shift/reduce conflict (shift 1036(0), red'n 84(0)) on ID
759: shift/reduce conflict (shift 1035(0), red'n 84(0)) on '['
state 759
	type_specifier:  UNSIGNED SHORT.    (84)
	type_specifier:  UNSIGNED SHORT.INT 
	param:  UNSIGNED SHORT.    (176)
	param:  UNSIGNED SHORT.'[' const_int_expr ']' 
	param:  UNSIGNED SHORT.ID '[' const_int_expr ']' 

	ID  shift 1036
	INT  shift 283
	')'  reduce 176 (src line 459)
	','  reduce 176 (src line 459)
	'['  shift 1035
	.  reduce 84 (src line 298)


state 760
	type_specifier:  UNSIGNED INT128.    (101)
	param:  UNSIGNED INT128.    (184)

	')'  reduce 184 (src line 467)
	','  reduce 184 (src line 467)
	.  reduce 101 (src line 315)


state 761
	type_specifier:  SIGNED INT.    (92)
	param:  SIGNED INT.    (180)

	')'  reduce 180 (src line 463)
	','  reduce 180 (src line 463)
	.  reduce 92 (src line 306)


state 762
	type_specifier:  SIGNED CHAR.    (93)
	param:  SIGNED CHAR.    (181)

	')'  reduce 181 (src line 464)
	','  reduce 181 (src line 464)
	.  reduce 93 (src line 307)


state 763
	type_specifier:  SIGNED LONG.    (96)
	type_specifier:  SIGNED LONG.INT 
	type_specifier:  SIGNED LONG.LONG 
	type_specifier:  SIGNED LONG.LONG INT 
	param:  SIGNED LONG.    (182)

	INT  shift 285
	LONG  shift 286
	')'  reduce 182 (src line 465)
	','  reduce 182 (src line 465)
	.  reduce 96 (src line 310)


state 764
	gd_declarator:  gd_pointer ID '[' const_int_expr.']' 

	']'  shift 1037
	.  error


state 765
	gd_declarator:  gd_pointer ID '[' ']'.    (773)

	.  reduce 773 (src line 2243)


state 766
	gd_fun_declarator:  gd_pointer ID '(' params.')' 

	')'  shift 1038
	.  error


state 767
	params:  param_list.    (111)
	param_list:  param_list.',' param 
	param_list:  param_list.',' ELLIPSIS 
	gd_fun_declarator:  gd_pointer ID '(' param_list.',' ELLIPSIS ')' 

	','  shift 1039
	.  reduce 111 (src line 335)


state 768
	gd_declarator:  gd_pointer CONST ID '['.const_int_expr ']' 
	gd_declarator:  gd_pointer CONST ID '['.']' 

	NUM  shift 194
	ID  shift 198
	SIZEOF  shift 196
	ALIGNOF  shift 197
	'('  shift 195
	']'  shift 1041
	'&'  shift 199
	'-'  shift 192
	'!'  shift 193
	.  error

	const_int_expr  goto 1040
	const_int_ternary  goto 183
	const_int_or  goto 184
	const_int_and  goto 185
	const_int_cmp  goto 186
	const_int_shift  goto 187
	const_int_add  goto 188
	const_int_mul  goto 189
	const_int_unary  goto 190
	const_int_primary  goto 191

state 769
	gd_fun_declarator:  gd_pointer CONST ID '('.params ')' 
	gd_fun_declarator:  gd_pointer CONST ID '('.param_list ',' ELLIPSIS ')' 
	params: .    (113)

	ID  shift 459
	INT  shift 461
	VOID  shift 454
	CONST  shift 458
	CHAR  shift 462
	LONG  shift 463
	UNSIGNED  shift 467
	SHORT  shift 464
	FLOAT  shift 465
	DOUBLE  shift 466
	STRUCT  shift 457
	ENUM  shift 460
	UNION  shift 87
	TYPEOF  shift 37
	INT128  shift 469
	SIGNED  shift 468
	TYPENAME  shift 470
	.  reduce 113 (src line 338)

	params  goto 1042
	param_list  goto 1043
	param  goto 455
	type_specifier  goto 456

state 770
	gd_fun_declarator:  gd_pointer '(' ID ')'.'(' params ')' 
	gd_fun_declarator:  gd_pointer '(' ID ')'.'(' param_list ',' ELLIPSIS ')' 

	'('  shift 1044
	.  error


state 771
	init_list:  init_list.',' init_entry 
	gd_init_declarator:  gd_declarator '=' '{' init_list.'}' 
	gd_init_declarator:  gd_declarator '=' '{' init_list.',' '}' 

	','  shift 1045
	'}'  shift 1046
	.  error


state 772
	gd_init_declarator:  gd_declarator '=' '{' '}'.    (785)

	.  reduce 785 (src line 2272)


state 773
	init_list:  init_entry.    (47)

	.  reduce 47 (src line 223)


state 774
	init_entry:  assign_expr.    (49)

	.  reduce 49 (src line 230)


state 775
	init_entry:  '.'.ID '=' assign_expr 
	init_entry:  '.'.ID '.' ID '=' assign_expr 
	init_entry:  '.'.ID '.' ID '.' ID '=' assign_expr 
	init_entry:  '.'.ID '=' '{' init_list '}' 
	init_entry:  '.'.ID '=' '{' init_list ',' '}' 

	ID  shift 1047
	.  error


state 776
	init_entry:  '['.const_int_expr ']' '=' assign_expr 
	init_entry:  '['.const_int_expr ']' '=' '{' init_list '}' 

	NUM  shift 194
	ID  shift 198
	SIZEOF  shift 196
	ALIGNOF  shift 197
	'('  shift 195
	'&'  shift 199
	'-'  shift 192
	'!'  shift 193
	.  error

	const_int_expr  goto 1048
	const_int_ternary  goto 183
	const_int_or  goto 184
	const_int_and  goto 185
	const_int_cmp  goto 186
	const_int_shift  goto 187
	const_int_add  goto 188
	const_int_mul  goto 189
	const_int_unary  goto 190
	const_int_primary  goto 191

state 777
	init_entry:  '{'.init_list '}' 
	init_entry:  '{'.init_list ',' '}' 

	NUM  shift 168
	CHAR_LIT  shift 170
	FNUM  shift 169
	ID  shift 161
	STRING_LIT  shift 159
	SIZEOF  shift 178
	VA_ARG  shift 181
	ALIGNOF  shift 179
	GENERIC  shift 180
	INC  shift 174
	DEC  shift 175
	ANDAND  shift 177
	'('  shift 154
	'*'  shift 155
	'['  shift 776
	'.'  shift 775
	'{'  shift 777
	'&'  shift 176
	'-'  shift 171
	'!'  shift 172
	'~'  shift 173
	.  error

	postfix_expr  goto 153
	init_list  goto 1049
	init_entry  goto 773
	assign_expr  goto 774
	expression  goto 778
	var  goto 157
	simple_expression  goto 156
	ternary_expression  goto 160
	logical_expression  goto 162
	comparison_expression  goto 163
	bitwise_expression  goto 164
	additive_expression  goto 165
	term  goto 166
	factor  goto 167
	call  goto 158

state 778
	assign_expr:  expression.    (59)

	.  reduce 59 (src line 266)


state 779
	typedef_declaration:  TYPEDEF type_specifier ID '(' fp_param_types.')' ';' 

	')'  shift 1050
	.  error


state 780
	fp_param_types:  fp_param_type_list.    (561)
	fp_param_type_list:  fp_param_type_list.',' fp_param_type 
	fp_param_type_list:  fp_param_type_list.',' ELLIPSIS 

	','  shift 1051
	.  reduce 561 (src line 1710)


state 781
	fp_param_type_list:  fp_param_type.    (565)

	.  reduce 565 (src line 1720)


state 782
	fp_param_type:  type_specifier.    (566)
	fp_param_type:  type_specifier.'*' 
	fp_param_type:  type_specifier.ID 
	fp_param_type:  type_specifier.'*' ID 
	fp_param_type:  type_specifier.CONST '*' 
	fp_param_type:  type_specifier.CONST '*' ID 
	fp_param_type:  type_specifier.'[' const_int_expr ']' 
	fp_param_type:  type_specifier.'[' ']' 
	fp_param_type:  type_specifier.'*' '*' 
	fp_param_type:  type_specifier.'*' '*' ID 
	fp_param_type:  type_specifier.CONST '*' '*' 
	fp_param_type:  type_specifier.CONST '*' '*' ID 
	fp_param_type:  type_specifier.'*' CONST '*' 
	fp_param_type:  type_specifier.'*' CONST '*' ID 

	ID  shift 1053
	CONST  shift 1054
	'*'  shift 1052
	'['  shift 1055
	.  reduce 566 (src line 1724)


state 783
	type_specifier:  STRUCT.ID 
	fp_param_type:  STRUCT.ID '*' 
	fp_param_type:  STRUCT.ID '*' ID 
	fp_param_type:  STRUCT.ID '*' '*' 
	fp_param_type:  STRUCT.ID '*' '*' ID 
	fp_param_type:  STRUCT.ID '*' '*' '*' 
	fp_param_type:  STRUCT.ID '*' '*' '*' ID 

	ID  shift 1056
	.  error


state 784
	fp_param_type:  CONST.type_specifier '*' 
	fp_param_type:  CONST.type_specifier '*' ID 
	fp_param_type:  CONST.type_specifier ID 
	fp_param_type:  CONST.type_specifier 
	fp_param_type:  CONST.STRUCT ID '*' 
	fp_param_type:  CONST.STRUCT ID '*' ID 
	fp_param_type:  CONST.STRUCT ID '*' '*' 
	fp_param_type:  CONST.STRUCT ID '*' '*' ID 
	fp_param_type:  CONST.STRUCT ID '[' const_int_expr ']' 
	fp_param_type:  CONST.STRUCT ID '[' ']' 
	fp_param_type:  CONST.type_specifier '*' '*' 
	fp_param_type:  CONST.type_specifier '*' '*' ID 
	fp_param_type:  CONST.type_specifier '*' CONST '*' 
	fp_param_type:  CONST.type_specifier '*' CONST '*' ID 

	INT  shift 26
	VOID  shift 27
	CHAR  shift 28
	LONG  shift 29
	UNSIGNED  shift 31
	SHORT  shift 30
	FLOAT  shift 32
	DOUBLE  shift 33
	STRUCT  shift 1058
	ENUM  shift 44
	UNION  shift 87
	TYPEOF  shift 37
	INT128  shift 35
	SIGNED  shift 34
	TYPENAME  shift 36
	.  error

	type_specifier  goto 1057

state 785
	type_specifier:  ENUM.ID 
	fp_param_type:  ENUM.ID 
	fp_param_type:  ENUM.ID ID 

	ID  shift 1059
	.  error


state 786
	fp_param_type:  ID.'*' 
	fp_param_type:  ID.'*' ID 

	'*'  shift 1060
	.  error


state 787
	typedef_declaration:  TYPEDEF type_specifier ID '[' const_int_expr.']' ';' 

	']'  shift 1061
	.  error


state 788
	typedef_declaration:  TYPEDEF type_specifier TYPENAME '[' const_int_expr.']' ';' 

	']'  shift 1062
	.  error


state 789
	typedef_declaration:  TYPEDEF type_specifier '*' ID ';'.    (471)

	.  reduce 471 (src line 1372)


state 790
	typedef_declaration:  TYPEDEF type_specifier '*' TYPENAME ';'.    (472)

	.  reduce 472 (src line 1377)


state 791
	typedef_declaration:  TYPEDEF type_specifier '*' '*' ID.';' 

	';'  shift 1063
	.  error


state 792
	typedef_declaration:  TYPEDEF type_specifier '*' '*' TYPENAME.';' 

	';'  shift 1064
	.  error


state 793
	typedef_declaration:  TYPEDEF type_specifier '*' '(' '*'.ID ')' '(' fp_param_types ')' ';' 

	ID  shift 1065
	.  error


state 794
	typedef_declaration:  TYPEDEF type_specifier '(' '*' ID.')' '(' fp_param_types ')' ';' 

	')'  shift 1066
	.  error


state 795
	typedef_declaration:  TYPEDEF type_specifier '(' ID ')'.'(' fp_param_types ')' ';' 

	'('  shift 1067
	.  error


state 796
	typedef_declaration:  TYPEDEF CONST type_specifier ID ';'.    (475)

	.  reduce 475 (src line 1392)


state 797
	typedef_declaration:  TYPEDEF CONST type_specifier TYPENAME ';'.    (476)

	.  reduce 476 (src line 1397)


state 798
	typedef_declaration:  TYPEDEF CONST type_specifier '*' ID.';' 

	';'  shift 1068
	.  error


state 799
	typedef_declaration:  TYPEDEF CONST type_specifier '*' TYPENAME.';' 

	';'  shift 1069
	.  error


state 800
	typedef_declaration:  TYPEDEF CONST type_specifier '*' '*'.ID ';' 
	typedef_declaration:  TYPEDEF CONST type_specifier '*' '*'.TYPENAME ';' 

	ID  shift 1070
	TYPENAME  shift 1071
	.  error


state 801
	typedef_declaration:  TYPEDEF CONST type_specifier '*' '('.'*' ID ')' '(' fp_param_types ')' ';' 

	'*'  shift 1072
	.  error


state 802
	typedef_declaration:  TYPEDEF CONST type_specifier '(' '*'.ID ')' '(' fp_param_types ')' ';' 

	ID  shift 1073
	.  error


state 803
	typedef_declaration:  TYPEDEF STRUCT ID ID ';'.    (481)

	.  reduce 481 (src line 1422)


state 804
	typedef_declaration:  TYPEDEF STRUCT ID ID '['.const_int_expr ']' ';' 

	NUM  shift 194
	ID  shift 198
	SIZEOF  shift 196
	ALIGNOF  shift 197
	'('  shift 195
	'&'  shift 199
	'-'  shift 192
	'!'  shift 193
	.  error

	const_int_expr  goto 1074
	const_int_ternary  goto 183
	const_int_or  goto 184
	const_int_and  goto 185
	const_int_cmp  goto 186
	const_int_shift  goto 187
	const_int_add  goto 188
	const_int_mul  goto 189
	const_int_unary  goto 190
	const_int_primary  goto 191

state 805
	typedef_declaration:  TYPEDEF STRUCT ID TYPENAME ';'.    (482)

	.  reduce 482 (src line 1427)


state 806
	typedef_declaration:  TYPEDEF STRUCT ID TYPENAME '['.const_int_expr ']' ';' 

	NUM  shift 194
	ID  shift 198
	SIZEOF  shift 196
	ALIGNOF  shift 197
	'('  shift 195
	'&'  shift 199
	'-'  shift 192
	'!'  shift 193
	.  error

	const_int_expr  goto 1075
	const_int_ternary  goto 183
	const_int_or  goto 184
	const_int_and  goto 185
	const_int_cmp  goto 186
	const_int_shift  goto 187
	const_int_add  goto 188
	const_int_mul  goto 189
	const_int_unary  goto 190
	const_int_primary  goto 191

state 807
	typedef_declaration:  TYPEDEF STRUCT ID '*' ID.';' 

	';'  shift 1076
	.  error


state 808
	typedef_declaration:  TYPEDEF STRUCT ID '*' TYPENAME.';' 

	';'  shift 1077
	.  error


state 809
	typedef_declaration:  TYPEDEF STRUCT ID '{' field_list.'}' ID ';' 
	typedef_declaration:  TYPEDEF STRUCT ID '{' field_list.'}' ATTR_PACKED ID ';' 
	typedef_declaration:  TYPEDEF STRUCT ID '{' field_list.'}' ';' 
	typedef_declaration:  TYPEDEF STRUCT ID '{' field_list.'}' ATTR_PACKED ';' 
	field_list:  field_list.field 
	field_list:  field_list.STATIC_ASSERT '(' const_int_expr ',' STRING_LIT ')' ';' 
	field_list:  field_list.STATIC_ASSERT '(' const_int_expr ')' ';' 

	INT  shift 26
	VOID  shift 27
	CONST  shift 137
	CHAR  shift 28
	LONG  shift 29
	UNSIGNED  shift 31
	SHORT  shift 30
	FLOAT  shift 32
	DOUBLE  shift 33
	STRUCT  shift 136
	ENUM  shift 44
	UNION  shift 138
	TYPEOF  shift 37
	INT128  shift 35
	SIGNED  shift 34
	ALIGNAS_SPEC  shift 135
	STATIC_ASSERT  shift 303
	TYPENAME  shift 36
	'}'  shift 1078
	.  error

	field  goto 302
	type_specifier  goto 134

state 810
	typedef_declaration:  TYPEDEF STRUCT ID ATTR_PACKED '{'.field_list '}' ID ';' 
	typedef_declaration:  TYPEDEF STRUCT ID ATTR_PACKED '{'.field_list '}' ';' 

	INT  shift 26
	VOID  shift 27
	CONST  shift 137
	CHAR  shift 28
	LONG  shift 29
	UNSIGNED  shift 31
	SHORT  shift 30
	FLOAT  shift 32
	DOUBLE  shift 33
	STRUCT  shift 136
	ENUM  shift 44
	UNION  shift 138
	TYPEOF  shift 37
	INT128  shift 35
	SIGNED  shift 34
	ALIGNAS_SPEC  shift 135
	STATIC_ASSERT  shift 133
	TYPENAME  shift 36
	.  error

	field_list  goto 1079
	field  goto 132
	type_specifier  goto 134

state 811
	typedef_declaration:  TYPEDEF STRUCT '{' field_list '}'.ID ';' 
	typedef_declaration:  TYPEDEF STRUCT '{' field_list '}'.ID '[' const_int_expr ']' ';' 
	typedef_declaration:  TYPEDEF STRUCT '{' field_list '}'.ATTR_PACKED ID ';' 

	ID  shift 1080
	ATTR_PACKED  shift 1081
	.  error


state 812
	typedef_declaration:  TYPEDEF STRUCT ATTR_PACKED '{' field_list.'}' ID ';' 
	field_list:  field_list.field 
	field_list:  field_list.STATIC_ASSERT '(' const_int_expr ',' STRING_LIT ')' ';' 
	field_list:  field_list.STATIC_ASSERT '(' const_int_expr ')' ';' 

	INT  shift 26
	VOID  shift 27
	CONST  shift 137
	CHAR  shift 28
	LONG  shift 29
	UNSIGNED  shift 31
	SHORT  shift 30
	FLOAT  shift 32
	DOUBLE  shift 33
	STRUCT  shift 136
	ENUM  shift 44
	UNION  shift 138
	TYPEOF  shift 37
	INT128  shift 35
	SIGNED  shift 34
	ALIGNAS_SPEC  shift 135
	STATIC_ASSERT  shift 303
	TYPENAME  shift 36
	'}'  shift 1082
	.  error

	field  goto 302
	type_specifier  goto 134

state 813
	typedef_declaration:  TYPEDEF STRUCT ATTR_PACKED ID '{'.field_list '}' ID ';' 
	typedef_declaration:  TYPEDEF STRUCT ATTR_PACKED ID '{'.field_list '}' ';' 

	INT  shift 26
	VOID  shift 27
	CONST  shift 137
	CHAR  shift 28
	LONG  shift 29
	UNSIGNED  shift 31
	SHORT  shift 30
	FLOAT  shift 32
	DOUBLE  shift 33
	STRUCT  shift 136
	ENUM  shift 44
	UNION  shift 138
	TYPEOF  shift 37
	INT128  shift 35
	SIGNED  shift 34
	ALIGNAS_SPEC  shift 135
	STATIC_ASSERT  shift 133
	TYPENAME  shift 36
	.  error

	field_list  goto 1083
	field  goto 132
	type_specifier  goto 134

state 814
	typedef_declaration:  TYPEDEF ID '*' ID ';'.    (487)

	.  reduce 487 (src line 1453)


state 815
	typedef_declaration:  TYPEDEF UNION ID '{' field_list.'}' ID ';' 
	typedef_declaration:  TYPEDEF UNION ID '{' field_list.'}' ATTR_PACKED ID ';' 
	typedef_declaration:  TYPEDEF UNION ID '{' field_list.'}' ';' 
	typedef_declaration:  TYPEDEF UNION ID '{' field_list.'}' ATTR_PACKED ';' 
	field_list:  field_list.field 
	field_list:  field_list.STATIC_ASSERT '(' const_int_expr ',' STRING_LIT ')' ';' 
	field_list:  field_list.STATIC_ASSERT '(' const_int_expr ')' ';' 

	INT  shift 26
	VOID  shift 27
	CONST  shift 137
	CHAR  shift 28
	LONG  shift 29
	UNSIGNED  shift 31
	SHORT  shift 30
	FLOAT  shift 32
	DOUBLE  shift 33
	STRUCT  shift 136
	ENUM  shift 44
	UNION  shift 138
	TYPEOF  shift 37
	INT128  shift 35
	SIGNED  shift 34
	ALIGNAS_SPEC  shift 135
	STATIC_ASSERT  shift 303
	TYPENAME  shift 36
	'}'  shift 1084
	.  error

	field  goto 302
	type_specifier  goto 134

state 816
	typedef_declaration:  TYPEDEF UNION ID ATTR_PACKED '{'.field_list '}' ID ';' 
	typedef_declaration:  TYPEDEF UNION ID ATTR_PACKED '{'.field_list '}' ';' 

	INT  shift 26
	VOID  shift 27
	CONST  shift 137
	CHAR  shift 28
	LONG  shift 29
	UNSIGNED  shift 31
	SHORT  shift 30
	FLOAT  shift 32
	DOUBLE  shift 33
	STRUCT  shift 136
	ENUM  shift 44
	UNION  shift 138
	TYPEOF  shift 37
	INT128  shift 35
	SIGNED  shift 34
	ALIGNAS_SPEC  shift 135
	STATIC_ASSERT  shift 133
	TYPENAME  shift 36
	.  error

	field_list  goto 1085
	field  goto 132
	type_specifier  goto 134

state 817
	typedef_declaration:  TYPEDEF UNION '{' field_list '}'.ID ';' 
	typedef_declaration:  TYPEDEF UNION '{' field_list '}'.ATTR_PACKED ID ';' 

	ID  shift 1086
	ATTR_PACKED  shift 1087
	.  error


state 818
	typedef_declaration:  TYPEDEF UNION ATTR_PACKED '{' field_list.'}' ID ';' 
	field_list:  field_list.field 
	field_list:  field_list.STATIC_ASSERT '(' const_int_expr ',' STRING_LIT ')' ';' 
	field_list:  field_list.STATIC_ASSERT '(' const_int_expr ')' ';' 

	INT  shift 26
	VOID  shift 27
	CONST  shift 137
	CHAR  shift 28
	LONG  shift 29
	UNSIGNED  shift 31
	SHORT  shift 30
	FLOAT  shift 32
	DOUBLE  shift 33
	STRUCT  shift 136
	ENUM  shift 44
	UNION  shift 138
	TYPEOF  shift 37
	INT128  shift 35
	SIGNED  shift 34
	ALIGNAS_SPEC  shift 135
	STATIC_ASSERT  shift 303
	TYPENAME  shift 36
	'}'  shift 1088
	.  error

	field  goto 302
	type_specifier  goto 134

state 819
	typedef_declaration:  TYPEDEF UNION ATTR_PACKED ID '{'.field_list '}' ID ';' 
	typedef_declaration:  TYPEDEF UNION ATTR_PACKED ID '{'.field_list '}' ';' 

	INT  shift 26
	VOID  shift 27
	CONST  shift 137
	CHAR  shift 28
	LONG  shift 29
	UNSIGNED  shift 31
	SHORT  shift 30
	FLOAT  shift 32
	DOUBLE  shift 33
	STRUCT  shift 136
	ENUM  shift 44
	UNION  shift 138
	TYPEOF  shift 37
	INT128  shift 35
	SIGNED  shift 34
	ALIGNAS_SPEC  shift 135
	STATIC_ASSERT  shift 133
	TYPENAME  shift 36
	.  error

	field_list  goto 1089
	field  goto 132
	type_specifier  goto 134

state 820
	enum_list:  enum_list.',' enum_member 
	enum_list:  enum_list.',' 
	typedef_declaration:  TYPEDEF ENUM ID '{' enum_list.'}' ID ';' 

	','  shift 325
	'}'  shift 1090
	.  error


state 821
	typedef_declaration:  TYPEDEF ENUM '{' enum_list '}'.ID ';' 

	ID  shift 1091
	.  error


state 822
	declaration_specifiers:  STATIC CONST STRUCT ID '{'.field_list '}' 
	declaration_specifiers:  STATIC CONST STRUCT ID '{'.field_list '}' ATTR_PACKED 

	INT  shift 26
	VOID  shift 27
	CONST  shift 137
	CHAR  shift 28
	LONG  shift 29
	UNSIGNED  shift 31
	SHORT  shift 30
	FLOAT  shift 32
	DOUBLE  shift 33
	STRUCT  shift 136
	ENUM  shift 44
	UNION  shift 138
	TYPEOF  shift 37
	INT128  shift 35
	SIGNED  shift 34
	ALIGNAS_SPEC  shift 135
	STATIC_ASSERT  shift 133
	TYPENAME  shift 36
	.  error

	field_list  goto 1092
	field  goto 132
	type_specifier  goto 134

state 823
	declaration_specifiers:  STATIC CONST STRUCT ATTR_PACKED ID.'{' field_list '}' 

	'{'  shift 1093
	.  error


state 824
	declaration_specifiers:  STATIC CONST STRUCT ATTR_PACKED '{'.field_list '}' 

	INT  shift 26
	VOID  shift 27
	CONST  shift 137
	CHAR  shift 28
	LONG  shift 29
	UNSIGNED  shift 31
	SHORT  shift 30
	FLOAT  shift 32
	DOUBLE  shift 33
	STRUCT  shift 136
	ENUM  shift 44
	UNION  shift 138
	TYPEOF  shift 37
	INT128  shift 35
	SIGNED  shift 34
	ALIGNAS_SPEC  shift 135
	STATIC_ASSERT  shift 133
	TYPENAME  shift 36
	.  error

	field_list  goto 1094
	field  goto 132
	type_specifier  goto 134

state 825
	field_list:  field_list.field 
	field_list:  field_list.STATIC_ASSERT '(' const_int_expr ',' STRING_LIT ')' ';' 
	field_list:  field_list.STATIC_ASSERT '(' const_int_expr ')' ';' 
	declaration_specifiers:  STATIC CONST STRUCT '{' field_list.'}' 
	declaration_specifiers:  STATIC CONST STRUCT '{' field_list.'}' ATTR_PACKED 

	INT  shift 26
	VOID  shift 27
	CONST  shift 137
	CHAR  shift 28
	LONG  shift 29
	UNSIGNED  shift 31
	SHORT  shift 30
	FLOAT  shift 32
	DOUBLE  shift 33
	STRUCT  shift 136
	ENUM  shift 44
	UNION  shift 138
	TYPEOF  shift 37
	INT128  shift 35
	SIGNED  shift 34
	ALIGNAS_SPEC  shift 135
	STATIC_ASSERT  shift 303
	TYPENAME  shift 36
	'}'  shift 1095
	.  error

	field  goto 302
	type_specifier  goto 134

state 826
	field_list:  field_list.field 
	field_list:  field_list.STATIC_ASSERT '(' const_int_expr ',' STRING_LIT ')' ';' 
	field_list:  field_list.STATIC_ASSERT '(' const_int_expr ')' ';' 
	declaration_specifiers:  STATIC CONST UNION '{' field_list.'}' 

	INT  shift 26
	VOID  shift 27
	CONST  shift 137
	CHAR  shift 28
	LONG  shift 29
	UNSIGNED  shift 31
	SHORT  shift 30
	FLOAT  shift 32
	DOUBLE  shift 33
	STRUCT  shift 136
	ENUM  shift 44
	UNION  shift 138
	TYPEOF  shift 37
	INT128  shift 35
	SIGNED  shift 34
	ALIGNAS_SPEC  shift 135
	STATIC_ASSERT  shift 303
	TYPENAME  shift 36
	'}'  shift 1096
	.  error

	field  goto 302
	type_specifier  goto 134

state 827
	field_list:  field_list.field 
	field_list:  field_list.STATIC_ASSERT '(' const_int_expr ',' STRING_LIT ')' ';' 
	field_list:  field_list.STATIC_ASSERT '(' const_int_expr ')' ';' 
	declaration_specifiers:  STATIC STRUCT ID '{' field_list.'}' 
	declaration_specifiers:  STATIC STRUCT ID '{' field_list.'}' ATTR_PACKED 

	INT  shift 26
	VOID  shift 27
	CONST  shift 137
	CHAR  shift 28
	LONG  shift 29
	UNSIGNED  shift 31
	SHORT  shift 30
	FLOAT  shift 32
	DOUBLE  shift 33
	STRUCT  shift 136
	ENUM  shift 44
	UNION  shift 138
	TYPEOF  shift 37
	INT128  shift 35
	SIGNED  shift 34
	ALIGNAS_SPEC  shift 135
	STATIC_ASSERT  shift 303
	TYPENAME  shift 36
	'}'  shift 1097
	.  error

	field  goto 302
	type_specifier  goto 134

state 828
	declaration_specifiers:  STATIC STRUCT ATTR_PACKED ID '{'.field_list '}' 

	INT  shift 26
	VOID  shift 27
	CONST  shift 137
	CHAR  shift 28
	LONG  shift 29
	UNSIGNED  shift 31
	SHORT  shift 30
	FLOAT  shift 32
	DOUBLE  shift 33
	STRUCT  shift 136
	ENUM  shift 44
	UNION  shift 138
	TYPEOF  shift 37
	INT128  shift 35
	SIGNED  shift 34
	ALIGNAS_SPEC  shift 135
	STATIC_ASSERT  shift 133
	TYPENAME  shift 36
	.  error

	field_list  goto 1098
	field  goto 132
	type_specifier  goto 134

state 829
	field_list:  field_list.field 
	field_list:  field_list.STATIC_ASSERT '(' const_int_expr ',' STRING_LIT ')' ';' 
	field_list:  field_list.STATIC_ASSERT '(' const_int_expr ')' ';' 
	declaration_specifiers:  STATIC STRUCT ATTR_PACKED '{' field_list.'}' 

	INT  shift 26
	VOID  shift 27
	CONST  shift 137
	CHAR  shift 28
	LONG  shift 29
	UNSIGNED  shift 31
	SHORT  shift 30
	FLOAT  shift 32
	DOUBLE  shift 33
	STRUCT  shift 136
	ENUM  shift 44
	UNION  shift 138
	TYPEOF  shift 37
	INT128  shift 35
	SIGNED  shift 34
	ALIGNAS_SPEC  shift 135
	STATIC_ASSERT  shift 303
	TYPENAME  shift 36
	'}'  shift 1099
	.  error

	field  goto 302
	type_specifier  goto 134

state 830
	declaration_specifiers:  STATIC STRUCT '{' field_list '}'.    (746)
	declaration_specifiers:  STATIC STRUCT '{' field_list '}'.ATTR_PACKED 

	ATTR_PACKED  shift 1100
	.  reduce 746 (src line 2153)


state 831
	declaration_specifiers:  STATIC UNION '{' field_list '}'.    (758)

	.  reduce 758 (src line 2201)


state 832
	declaration_specifiers:  EXTERN CONST STRUCT ID '{'.field_list '}' 
	declaration_specifiers:  EXTERN CONST STRUCT ID '{'.field_list '}' ATTR_PACKED 

	INT  shift 26
	VOID  shift 27
	CONST  shift 137
	CHAR  shift 28
	LONG  shift 29
	UNSIGNED  shift 31
	SHORT  shift 30
	FLOAT  shift 32
	DOUBLE  shift 33
	STRUCT  shift 136
	ENUM  shift 44
	UNION  shift 138
	TYPEOF  shift 37
	INT128  shift 35
	SIGNED  shift 34
	ALIGNAS_SPEC  shift 135
	STATIC_ASSERT  shift 133
	TYPENAME  shift 36
	.  error

	field_list  goto 1101
	field  goto 132
	type_specifier  goto 134

state 833
	declaration_specifiers:  EXTERN CONST STRUCT ATTR_PACKED ID.'{' field_list '}' 

	'{'  shift 1102
	.  error


state 834
	field_list:  field_list.field 
	field_list:  field_list.STATIC_ASSERT '(' const_int_expr ',' STRING_LIT ')' ';' 
	field_list:  field_list.STATIC_ASSERT '(' const_int_expr ')' ';' 
	declaration_specifiers:  EXTERN STRUCT ID '{' field_list.'}' 
	declaration_specifiers:  EXTERN STRUCT ID '{' field_list.'}' ATTR_PACKED 

	INT  shift 26
	VOID  shift 27
	CONST  shift 137
	CHAR  shift 28
	LONG  shift 29
	UNSIGNED  shift 31
	SHORT  shift 30
	FLOAT  shift 32
	DOUBLE  shift 33
	STRUCT  shift 136
	ENUM  shift 44
	UNION  shift 138
	TYPEOF  shift 37
	INT128  shift 35
	SIGNED  shift 34
	ALIGNAS_SPEC  shift 135
	STATIC_ASSERT  shift 303
	TYPENAME  shift 36
	'}'  shift 1103
	.  error

	field  goto 302
	type_specifier  goto 134

state 835
	declaration_specifiers:  EXTERN STRUCT ATTR_PACKED ID '{'.field_list '}' 

	INT  shift 26
	VOID  shift 27
	CONST  shift 137
	CHAR  shift 28
	LONG  shift 29
	UNSIGNED  shift 31
	SHORT  shift 30
	FLOAT  shift 32
	DOUBLE  shift 33
	STRUCT  shift 136
	ENUM  shift 44
	UNION  shift 138
	TYPEOF  shift 37
	INT128  shift 35
	SIGNED  shift 34
	ALIGNAS_SPEC  shift 135
	STATIC_ASSERT  shift 133
	TYPENAME  shift 36
	.  error

	field_list  goto 1104
	field  goto 132
	type_specifier  goto 134

state 836
	field_list:  field_list.field 
	field_list:  field_list.STATIC_ASSERT '(' const_int_expr ',' STRING_LIT ')' ';' 
	field_list:  field_list.STATIC_ASSERT '(' const_int_expr ')' ';' 
	declaration_specifiers:  CONST STRUCT ID '{' field_list.'}' 
	declaration_specifiers:  CONST STRUCT ID '{' field_list.'}' ATTR_PACKED 

	INT  shift 26
	VOID  shift 27
	CONST  shift 137
	CHAR  shift 28
	LONG  shift 29
	UNSIGNED  shift 31
	SHORT  shift 30
	FLOAT  shift 32
	DOUBLE  shift 33
	STRUCT  shift 136
	ENUM  shift 44
	UNION  shift 138
	TYPEOF  shift 37
	INT128  shift 35
	SIGNED  shift 34
	ALIGNAS_SPEC  shift 135
	STATIC_ASSERT  shift 303
	TYPENAME  shift 36
	'}'  shift 1105
	.  error

	field  goto 302
	type_specifier  goto 134

state 837
	declaration_specifiers:  CONST STRUCT ATTR_PACKED ID '{'.field_list '}' 

	INT  shift 26
	VOID  shift 27
	CONST  shift 137
	CHAR  shift 28
	LONG  shift 29
	UNSIGNED  shift 31
	SHORT  shift 30
	FLOAT  shift 32
	DOUBLE  shift 33
	STRUCT  shift 136
	ENUM  shift 44
	UNION  shift 138
	TYPEOF  shift 37
	INT128  shift 35
	SIGNED  shift 34
	ALIGNAS_SPEC  shift 135
	STATIC_ASSERT  shift 133
	TYPENAME  shift 36
	.  error

	field_list  goto 1106
	field  goto 132
	type_specifier  goto 134

state 838
	field_list:  field_list.field 
	field_list:  field_list.STATIC_ASSERT '(' const_int_expr ',' STRING_LIT ')' ';' 
	field_list:  field_list.STATIC_ASSERT '(' const_int_expr ')' ';' 
	declaration_specifiers:  CONST STRUCT ATTR_PACKED '{' field_list.'}' 

	INT  shift 26
	VOID  shift 27
	CONST  shift 137
	CHAR  shift 28
	LONG  shift 29
	UNSIGNED  shift 31
	SHORT  shift 30
	FLOAT  shift 32
	DOUBLE  shift 33
	STRUCT  shift 136
	ENUM  shift 44
	UNION  shift 138
	TYPEOF  shift 37
	INT128  shift 35
	SIGNED  shift 34
	ALIGNAS_SPEC  shift 135
	STATIC_ASSERT  shift 303
	TYPENAME  shift 36
	'}'  shift 1107
	.  error

	field  goto 302
	type_specifier  goto 134

state 839
	declaration_specifiers:  CONST STRUCT '{' field_list '}'.    (752)
	declaration_specifiers:  CONST STRUCT '{' field_list '}'.ATTR_PACKED 

	ATTR_PACKED  shift 1108
	.  reduce 752 (src line 2177)


state 840
	declaration_specifiers:  CONST UNION '{' field_list '}'.    (760)

	.  reduce 760 (src line 2209)


state 841
	type_specifier:  TYPEOF '(' STRUCT ID ')'.    (107)

	.  reduce 107 (src line 324)


state 842
	gd_declarator:  '(' '*' ID '['.const_int_expr ']' ')' '(' fp_param_types ')' 

	NUM  shift 194
	ID  shift 198
	SIZEOF  shift 196
	ALIGNOF  shift 197
	'('  shift 195
	'&'  shift 199
	'-'  shift 192
	'!'  shift 193
	.  error

	const_int_expr  goto 1009
	const_int_ternary  goto 183
	const_int_or  goto 184
	const_int_and  goto 185
	const_int_cmp  goto 186
	const_int_shift  goto 187
	const_int_add  goto 188
	const_int_mul  goto 189
	const_int_unary  goto 190
	const_int_primary  goto 191

state 843
	declaration_specifiers:  STRUCT ID '{' field_list '}'.    (724)
	declaration_specifiers:  STRUCT ID '{' field_list '}'.ATTR_PACKED 

	ATTR_PACKED  shift 1109
	.  reduce 724 (src line 2083)


state 844
	field_list:  field_list.field 
	field_list:  field_list.STATIC_ASSERT '(' const_int_expr ',' STRING_LIT ')' ';' 
	field_list:  field_list.STATIC_ASSERT '(' const_int_expr ')' ';' 
	declaration_specifiers:  STRUCT ID ATTR_PACKED '{' field_list.'}' 

	INT  shift 26
	VOID  shift 27
	CONST  shift 137
	CHAR  shift 28
	LONG  shift 29
	UNSIGNED  shift 31
	SHORT  shift 30
	FLOAT  shift 32
	DOUBLE  shift 33
	STRUCT  shift 136
	ENUM  shift 44
	UNION  shift 138
	TYPEOF  shift 37
	INT128  shift 35
	SIGNED  shift 34
	ALIGNAS_SPEC  shift 135
	STATIC_ASSERT  shift 303
	TYPENAME  shift 36
	'}'  shift 1110
	.  error

	field  goto 302
	type_specifier  goto 134

state 845
	field_list:  field_list.field 
	field_list:  field_list.STATIC_ASSERT '(' const_int_expr ',' STRING_LIT ')' ';' 
	field_list:  field_list.STATIC_ASSERT '(' const_int_expr ')' ';' 
	declaration_specifiers:  STRUCT ATTR_PACKED ID '{' field_list.'}' 

	INT  shift 26
	VOID  shift 27
	CONST  shift 137
	CHAR  shift 28
	LONG  shift 29
	UNSIGNED  shift 31
	SHORT  shift 30
	FLOAT  shift 32
	DOUBLE  shift 33
	STRUCT  shift 136
	ENUM  shift 44
	UNION  shift 138
	TYPEOF  shift 37
	INT128  shift 35
	SIGNED  shift 34
	ALIGNAS_SPEC  shift 135
	STATIC_ASSERT  shift 303
	TYPENAME  shift 36
	'}'  shift 1111
	.  error

	field  goto 302
	type_specifier  goto 134

state 846
	struct_declaration:  STRUCT ID '{' field_list '}' ';'.    (452)

	.  reduce 452 (src line 1303)


state 847
	struct_declaration:  STRUCT ID '{' field_list '}' ATTR_PACKED.';' 
	declaration_specifiers:  STRUCT ID '{' field_list '}' ATTR_PACKED.    (727)

	';'  shift 1112
	.  reduce 727 (src line 2092)


state 848
	struct_declaration:  STRUCT ID ATTR_PACKED '{' field_list '}'.';' 
	declaration_specifiers:  STRUCT ID ATTR_PACKED '{' field_list '}'.    (726)

	';'  shift 1113
	.  reduce 726 (src line 2089)


state 849
	struct_declaration:  STRUCT ID ATTR_ALIGNED '{' field_list '}'.';' 

	';'  shift 1114
	.  error


state 850
	struct_declaration:  STRUCT ATTR_PACKED ID '{' field_list '}'.';' 
	declaration_specifiers:  STRUCT ATTR_PACKED ID '{' field_list '}'.    (725)

	';'  shift 1115
	.  reduce 725 (src line 2086)


state 851
	struct_declaration:  STRUCT ATTR_ALIGNED ID '{' field_list '}'.';' 

	';'  shift 1116
	.  error


state 852
	field_list:  field_list STATIC_ASSERT '(' const_int_expr.',' STRING_LIT ')' ';' 
	field_list:  field_list STATIC_ASSERT '(' const_int_expr.')' ';' 

	')'  shift 1118
	','  shift 1117
	.  error


state 853
	field_list:  STATIC_ASSERT '(' const_int_expr ','.STRING_LIT ')' ';' 

	STRING_LIT  shift 1119
	.  error


state 854
	id_list:  ID ',' ID.    (223)

	.  reduce 223 (src line 581)


state 855
	field:  type_specifier ID ':' const_int_expr.';' 

	';'  shift 1120
	.  error


state 856
	field:  type_specifier ID '[' const_int_expr.']' ';' 
	field:  type_specifier ID '[' const_int_expr.']' '[' const_int_expr ']' ';' 

	']'  shift 1121
	.  error


state 857
	field:  type_specifier ID '[' ']'.';' 

	';'  shift 1122
	.  error


state 858
	id_list:  id_list ',' ID.    (220)
	id_list:  id_list ',' ID.'[' const_int_expr ']' 
	id_list:  id_list ',' ID.'=' expression 

	'['  shift 1123
	'='  shift 1124
	.  reduce 220 (src line 573)


state 859
	field:  type_specifier ':' const_int_expr ';'.    (614)

	.  reduce 614 (src line 1815)


state 860
	field:  type_specifier '*' ID ';'.    (618)

	.  reduce 618 (src line 1823)


state 861
	field:  type_specifier '*' ID ','.ptr_id_list ';' 

	'*'  shift 1126
	.  error

	ptr_id_list  goto 1125

state 862
	field:  type_specifier '*' ID '['.const_int_expr ']' ';' 
	field:  type_specifier '*' ID '['.const_int_expr ']' '[' const_int_expr ']' ';' 

	NUM  shift 194
	ID  shift 198
	SIZEOF  shift 196
	ALIGNOF  shift 197
	'('  shift 195
	'&'  shift 199
	'-'  shift 192
	'!'  shift 193
	.  error

	const_int_expr  goto 1127
	const_int_ternary  goto 183
	const_int_or  goto 184
	const_int_and  goto 185
	const_int_cmp  goto 186
	const_int_shift  goto 187
	const_int_add  goto 188
	const_int_mul  goto 189
	const_int_unary  goto 190
	const_int_primary  goto 191

state 863
	field:  type_specifier '*' '*' ID.';' 

	';'  shift 1128
	.  error


state 864
	field:  type_specifier '*' '(' '*'.ID ')' '(' fp_param_types ')' ';' 

	ID  shift 1129
	.  error


state 865
	field:  type_specifier '(' '*' ID.')' '(' fp_param_types ')' ';' 
	field:  type_specifier '(' '*' ID.'[' const_int_expr ']' ')' '(' fp_param_types ')' ';' 

	')'  shift 1130
	'['  shift 1131
	.  error


state 866
	field:  ALIGNAS_SPEC type_specifier ID ';'.    (610)

	.  reduce 610 (src line 1801)


state 867
	field:  ALIGNAS_SPEC type_specifier ID '['.const_int_expr ']' ';' 

	NUM  shift 194
	ID  shift 198
	SIZEOF  shift 196
	ALIGNOF  shift 197
	'('  shift 195
	'&'  shift 199
	'-'  shift 192
	'!'  shift 193
	.  error

	const_int_expr  goto 1132
	const_int_ternary  goto 183
	const_int_or  goto 184
	const_int_and  goto 185
	const_int_cmp  goto 186
	const_int_shift  goto 187
	const_int_add  goto 188
	const_int_mul  goto 189
	const_int_unary  goto 190
	const_int_primary  goto 191

state 868
	field:  STRUCT ID '*' ID.'[' const_int_expr ']' ';' 
	field:  STRUCT ID '*' ID.';' 
	field:  STRUCT ID '*' ID.',' ptr_id_list ';' 

	';'  shift 1134
	','  shift 1135
	'['  shift 1133
	.  error


state 869
	field:  STRUCT ID '*' CONST.'*' ID ';' 

	'*'  shift 1136
	.  error


state 870
	field:  STRUCT ID '*' '*'.ID ';' 

	ID  shift 1137
	.  error


state 871
	field:  STRUCT ID ID ';'.    (638)

	.  reduce 638 (src line 1864)


state 872
	field:  STRUCT ID ID '['.const_int_expr ']' ';' 

	NUM  shift 194
	ID  shift 198
	SIZEOF  shift 196
	ALIGNOF  shift 197
	'('  shift 195
	'&'  shift 199
	'-'  shift 192
	'!'  shift 193
	.  error

	const_int_expr  goto 1138
	const_int_ternary  goto 183
	const_int_or  goto 184
	const_int_and  goto 185
	const_int_cmp  goto 186
	const_int_shift  goto 187
	const_int_add  goto 188
	const_int_mul  goto 189
	const_int_unary  goto 190
	const_int_primary  goto 191

state 873
	field_list:  field_list.field 
	field_list:  field_list.STATIC_ASSERT '(' const_int_expr ',' STRING_LIT ')' ';' 
	field_list:  field_list.STATIC_ASSERT '(' const_int_expr ')' ';' 
	field:  STRUCT ID '{' field_list.'}' ';' 
	field:  STRUCT ID '{' field_list.'}' ID ';' 
	field:  STRUCT ID '{' field_list.'}' '*' ID ';' 

	INT  shift 26
	VOID  shift 27
	CONST  shift 137
	CHAR  shift 28
	LONG  shift 29
	UNSIGNED  shift 31
	SHORT  shift 30
	FLOAT  shift 32
	DOUBLE  shift 33
	STRUCT  shift 136
	ENUM  shift 44
	UNION  shift 138
	TYPEOF  shift 37
	INT128  shift 35
	SIGNED  shift 34
	ALIGNAS_SPEC  shift 135
	STATIC_ASSERT  shift 303
	TYPENAME  shift 36
	'}'  shift 1139
	.  error

	field  goto 302
	type_specifier  goto 134

state 874
	field:  STRUCT '{' field_list '}'.';' 
	field:  STRUCT '{' field_list '}'.ID ';' 
	field:  STRUCT '{' field_list '}'.ID '[' const_int_expr ']' ';' 

	ID  shift 1141
	';'  shift 1140
	.  error


state 875
	field:  CONST type_specifier ID ';'.    (624)

	.  reduce 624 (src line 1835)


state 876
	field:  CONST type_specifier ID '['.const_int_expr ']' ';' 

	NUM  shift 194
	ID  shift 198
	SIZEOF  shift 196
	ALIGNOF  shift 197
	'('  shift 195
	'&'  shift 199
	'-'  shift 192
	'!'  shift 193
	.  error

	const_int_expr  goto 1142
	const_int_ternary  goto 183
	const_int_or  goto 184
	const_int_and  goto 185
	const_int_cmp  goto 186
	const_int_shift  goto 187
	const_int_add  goto 188
	const_int_mul  goto 189
	const_int_unary  goto 190
	const_int_primary  goto 191

state 877
	field:  CONST type_specifier '*' ID.';' 
	field:  CONST type_specifier '*' ID.'[' const_int_expr ']' ';' 
	field:  CONST type_specifier '*' ID.'[' ']' ';' 

	';'  shift 1143
	'['  shift 1144
	.  error


state 878
	field:  CONST type_specifier '*' '*'.ID ';' 

	ID  shift 1145
	.  error


state 879
	field:  CONST type_specifier '*' '('.'*' ID ')' '(' fp_param_types ')' ';' 

	'*'  shift 1146
	.  error


state 880
	field:  CONST type_specifier '(' '*'.ID ')' '(' fp_param_types ')' ';' 

	ID  shift 1147
	.  error


state 881
	field:  CONST STRUCT ID '{'.field_list '}' '*' ID ';' 

	INT  shift 26
	VOID  shift 27
	CONST  shift 137
	CHAR  shift 28
	LONG  shift 29
	UNSIGNED  shift 31
	SHORT  shift 30
	FLOAT  shift 32
	DOUBLE  shift 33
	STRUCT  shift 136
	ENUM  shift 44
	UNION  shift 138
	TYPEOF  shift 37
	INT128  shift 35
	SIGNED  shift 34
	ALIGNAS_SPEC  shift 135
	STATIC_ASSERT  shift 133
	TYPENAME  shift 36
	.  error

	field_list  goto 1148
	field  goto 132
	type_specifier  goto 134

state 882
	field:  UNION ID ID ';'.    (640)

	.  reduce 640 (src line 1868)


state 883
	field:  UNION ID '*' ID.';' 

	';'  shift 1149
	.  error


state 884
	field_list:  field_list.field 
	field_list:  field_list.STATIC_ASSERT '(' const_int_expr ',' STRING_LIT ')' ';' 
	field_list:  field_list.STATIC_ASSERT '(' const_int_expr ')' ';' 
	field:  UNION ID '{' field_list.'}' ID ';' 
	field:  UNION ID '{' field_list.'}' ';' 

	INT  shift 26
	VOID  shift 27
	CONST  shift 137
	CHAR  shift 28
	LONG  shift 29
	UNSIGNED  shift 31
	SHORT  shift 30
	FLOAT  shift 32
	DOUBLE  shift 33
	STRUCT  shift 136
	ENUM  shift 44
	UNION  shift 138
	TYPEOF  shift 37
	INT128  shift 35
	SIGNED  shift 34
	ALIGNAS_SPEC  shift 135
	STATIC_ASSERT  shift 303
	TYPENAME  shift 36
	'}'  shift 1150
	.  error

	field  goto 302
	type_specifier  goto 134

state 885
	field:  UNION '{' field_list '}'.';' 
	field:  UNION '{' field_list '}'.ID ';' 
	field:  UNION '{' field_list '}'.ID '[' const_int_expr ']' ';' 

	ID  shift 1152
	';'  shift 1151
	.  error


state 886
	union_declaration:  UNION ID '{' field_list '}' ';'.    (458)

	.  reduce 458 (src line 1318)


state 887
	union_declaration:  UNION ID '{' field_list '}' ATTR_PACKED.';' 

	';'  shift 1153
	.  error


state 888
	union_declaration:  UNION ID ATTR_PACKED '{' field_list '}'.';' 

	';'  shift 1154
	.  error


state 889
	union_declaration:  UNION ATTR_PACKED ID '{' field_list '}'.';' 

	';'  shift 1155
	.  error


state 890
	enum_declaration:  ENUM ID '{' enum_list '}' ';'.    (463)

	.  reduce 463 (src line 1332)


state 891
	postfix_expr:  postfix_expr ARROW ID '('.args ')' 
	args: .    (449)

	NUM  shift 168
	CHAR_LIT  shift 170
	FNUM  shift 169
	ID  shift 161
	STRING_LIT  shift 159
	SIZEOF  shift 178
	VA_ARG  shift 181
	ALIGNOF  shift 179
	GENERIC  shift 180
	INC  shift 174
	DEC  shift 175
	ANDAND  shift 177
	'('  shift 154
	'*'  shift 155
	'&'  shift 176
	'-'  shift 171
	'!'  shift 172
	'~'  shift 173
	.  reduce 449 (src line 1293)

	postfix_expr  goto 153
	expression  goto 152
	var  goto 157
	simple_expression  goto 156
	ternary_expression  goto 160
	logical_expression  goto 162
	comparison_expression  goto 163
	bitwise_expression  goto 164
	additive_expression  goto 165
	term  goto 166
	factor  goto 167
	call  goto 158
	args  goto 1156
	arg_list  goto 151

state 892
	postfix_expr:  postfix_expr '.' ID '('.args ')' 
	args: .    (449)

	NUM  shift 168
	CHAR_LIT  shift 170
	FNUM  shift 169
	ID  shift 161
	STRING_LIT  shift 159
	SIZEOF  shift 178
	VA_ARG  shift 181
	ALIGNOF  shift 179
	GENERIC  shift 180
	INC  shift 174
	DEC  shift 175
	ANDAND  shift 177
	'('  shift 154
	'*'  shift 155
	'&'  shift 176
	'-'  shift 171
	'!'  shift 172
	'~'  shift 173
	.  reduce 449 (src line 1293)

	postfix_expr  goto 153
	expression  goto 152
	var  goto 157
	simple_expression  goto 156
	ternary_expression  goto 160
	logical_expression  goto 162
	comparison_expression  goto 163
	bitwise_expression  goto 164
	additive_expression  goto 165
	term  goto 166
	factor  goto 167
	call  goto 158
	args  goto 1157
	arg_list  goto 151

state 893
	postfix_expr:  postfix_expr '[' expression ']'.    (289)
	postfix_expr:  postfix_expr '[' expression ']'.'(' args ')' 

	'('  shift 1158
	.  reduce 289 (src line 830)


state 894
	postfix_expr:  '(' expression ')' '.'.ID 
	postfix_expr:  '(' expression ')' '.'.ID '(' args ')' 

	ID  shift 1159
	.  error


state 895
	postfix_expr:  '(' expression ')' ARROW.ID 
	postfix_expr:  '(' expression ')' ARROW.ID '(' args ')' 

	ID  shift 1160
	.  error


state 896
	postfix_expr:  '(' expression ')' '['.expression ']' 

	NUM  shift 168
	CHAR_LIT  shift 170
	FNUM  shift 169
	ID  shift 161
	STRING_LIT  shift 159
	SIZEOF  shift 178
	VA_ARG  shift 181
	ALIGNOF  shift 179
	GENERIC  shift 180
	INC  shift 174
	DEC  shift 175
	ANDAND  shift 177
	'('  shift 154
	'*'  shift 155
	'&'  shift 176
	'-'  shift 171
	'!'  shift 172
	'~'  shift 173
	.  error

	postfix_expr  goto 153
	expression  goto 1161
	var  goto 157
	simple_expression  goto 156
	ternary_expression  goto 160
	logical_expression  goto 162
	comparison_expression  goto 163
	bitwise_expression  goto 164
	additive_expression  goto 165
	term  goto 166
	factor  goto 167
	call  goto 158

state 897
	postfix_expr:  '(' expression ')' INC.    (300)

	.  reduce 300 (src line 866)


state 898
	postfix_expr:  '(' expression ')' DEC.    (301)

	.  reduce 301 (src line 868)


state 899
	postfix_expr:  '(' expression ')' '('.args ')' 
	args: .    (449)

	NUM  shift 168
	CHAR_LIT  shift 170
	FNUM  shift 169
	ID  shift 161
	STRING_LIT  shift 159
	SIZEOF  shift 178
	VA_ARG  shift 181
	ALIGNOF  shift 179
	GENERIC  shift 180
	INC  shift 174
	DEC  shift 175
	ANDAND  shift 177
	'('  shift 154
	'*'  shift 155
	'&'  shift 176
	'-'  shift 171
	'!'  shift 172
	'~'  shift 173
	.  reduce 449 (src line 1293)

	postfix_expr  goto 153
	expression  goto 152
	var  goto 157
	simple_expression  goto 156
	ternary_expression  goto 160
	logical_expression  goto 162
	comparison_expression  goto 163
	bitwise_expression  goto 164
	additive_expression  goto 165
	term  goto 166
	factor  goto 167
	call  goto 158
	args  goto 1162
	arg_list  goto 151

state 900
	expression:  '(' expression ')' '='.expression 

	NUM  shift 168
	CHAR_LIT  shift 170
	FNUM  shift 169
	ID  shift 161
	STRING_LIT  shift 159
	SIZEOF  shift 178
	VA_ARG  shift 181
	ALIGNOF  shift 179
	GENERIC  shift 180
	INC  shift 174
	DEC  shift 175
	ANDAND  shift 177
	'('  shift 154
	'*'  shift 155
	'&'  shift 176
	'-'  shift 171
	'!'  shift 172
	'~'  shift 173
	.  error

	postfix_expr  goto 153
	expression  goto 1163
	var  goto 157
	simple_expression  goto 156
	ternary_expression  goto 160
	logical_expression  goto 162
	comparison_expression  goto 163
	bitwise_expression  goto 164
	additive_expression  goto 165
	term  goto 166
	factor  goto 167
	call  goto 158

state 901
	expression:  '(' expression ')' PLUSEQ.expression 

	NUM  shift 168
	CHAR_LIT  shift 170
	FNUM  shift 169
	ID  shift 161
	STRING_LIT  shift 159
	SIZEOF  shift 178
	VA_ARG  shift 181
	ALIGNOF  shift 179
	GENERIC  shift 180
	INC  shift 174
	DEC  shift 175
	ANDAND  shift 177
	'('  shift 154
	'*'  shift 155
	'&'  shift 176
	'-'  shift 171
	'!'  shift 172
	'~'  shift 173
	.  error

	postfix_expr  goto 153
	expression  goto 1164
	var  goto 157
	simple_expression  goto 156
	ternary_expression  goto 160
	logical_expression  goto 162
	comparison_expression  goto 163
	bitwise_expression  goto 164
	additive_expression  goto 165
	term  goto 166
	factor  goto 167
	call  goto 158

state 902
	expression:  '(' expression ')' MINUSEQ.expression 

	NUM  shift 168
	CHAR_LIT  shift 170
	FNUM  shift 169
	ID  shift 161
	STRING_LIT  shift 159
	SIZEOF  shift 178
	VA_ARG  shift 181
	ALIGNOF  shift 179
	GENERIC  shift 180
	INC  shift 174
	DEC  shift 175
	ANDAND  shift 177
	'('  shift 154
	'*'  shift 155
	'&'  shift 176
	'-'  shift 171
	'!'  shift 172
	'~'  shift 173
	.  error

	postfix_expr  goto 153
	expression  goto 1165
	var  goto 157
	simple_expression  goto 156
	ternary_expression  goto 160
	logical_expression  goto 162
	comparison_expression  goto 163
	bitwise_expression  goto 164
	additive_expression  goto 165
	term  goto 166
	factor  goto 167
	call  goto 158

state 903
	expression:  '(' expression ')' STAREQ.expression 

	NUM  shift 168
	CHAR_LIT  shift 170
	FNUM  shift 169
	ID  shift 161
	STRING_LIT  shift 159
	SIZEOF  shift 178
	VA_ARG  shift 181
	ALIGNOF  shift 179
	GENERIC  shift 180
	INC  shift 174
	DEC  shift 175
	ANDAND  shift 177
	'('  shift 154
	'*'  shift 155
	'&'  shift 176
	'-'  shift 171
	'!'  shift 172
	'~'  shift 173
	.  error

	postfix_expr  goto 153
	expression  goto 1166
	var  goto 157
	simple_expression  goto 156
	ternary_expression  goto 160
	logical_expression  goto 162
	comparison_expression  goto 163
	bitwise_expression  goto 164
	additive_expression  goto 165
	term  goto 166
	factor  goto 167
	call  goto 158

state 904
	expression:  '(' expression ')' ANDEQ.expression 

	NUM  shift 168
	CHAR_LIT  shift 170
	FNUM  shift 169
	ID  shift 161
	STRING_LIT  shift 159
	SIZEOF  shift 178
	VA_ARG  shift 181
	ALIGNOF  shift 179
	GENERIC  shift 180
	INC  shift 174
	DEC  shift 175
	ANDAND  shift 177
	'('  shift 154
	'*'  shift 155
	'&'  shift 176
	'-'  shift 171
	'!'  shift 172
	'~'  shift 173
	.  error

	postfix_expr  goto 153
	expression  goto 1167
	var  goto 157
	simple_expression  goto 156
	ternary_expression  goto 160
	logical_expression  goto 162
	comparison_expression  goto 163
	bitwise_expression  goto 164
	additive_expression  goto 165
	term  goto 166
	factor  goto 167
	call  goto 158

state 905
	expression:  '(' expression ')' OREQ.expression 

	NUM  shift 168
	CHAR_LIT  shift 170
	FNUM  shift 169
	ID  shift 161
	STRING_LIT  shift 159
	SIZEOF  shift 178
	VA_ARG  shift 181
	ALIGNOF  shift 179
	GENERIC  shift 180
	INC  shift 174
	DEC  shift 175
	ANDAND  shift 177
	'('  shift 154
	'*'  shift 155
	'&'  shift 176
	'-'  shift 171
	'!'  shift 172
	'~'  shift 173
	.  error

	postfix_expr  goto 153
	expression  goto 1168
	var  goto 157
	simple_expression  goto 156
	ternary_expression  goto 160
	logical_expression  goto 162
	comparison_expression  goto 163
	bitwise_expression  goto 164
	additive_expression  goto 165
	term  goto 166
	factor  goto 167
	call  goto 158

state 906
	expression:  '(' expression ')' XOREQ.expression 

	NUM  shift 168
	CHAR_LIT  shift 170
	FNUM  shift 169
	ID  shift 161
	STRING_LIT  shift 159
	SIZEOF  shift 178
	VA_ARG  shift 181
	ALIGNOF  shift 179
	GENERIC  shift 180
	INC  shift 174
	DEC  shift 175
	ANDAND  shift 177
	'('  shift 154
	'*'  shift 155
	'&'  shift 176
	'-'  shift 171
	'!'  shift 172
	'~'  shift 173
	.  error

	postfix_expr  goto 153
	expression  goto 1169
	var  goto 157
	simple_expression  goto 156
	ternary_expression  goto 160
	logical_expression  goto 162
	comparison_expression  goto 163
	bitwise_expression  goto 164
	additive_expression  goto 165
	term  goto 166
	factor  goto 167
	call  goto 158

state 907
	expression:  '(' expression ')' SHLEQ.expression 

	NUM  shift 168
	CHAR_LIT  shift 170
	FNUM  shift 169
	ID  shift 161
	STRING_LIT  shift 159
	SIZEOF  shift 178
	VA_ARG  shift 181
	ALIGNOF  shift 179
	GENERIC  shift 180
	INC  shift 174
	DEC  shift 175
	ANDAND  shift 177
	'('  shift 154
	'*'  shift 155
	'&'  shift 176
	'-'  shift 171
	'!'  shift 172
	'~'  shift 173
	.  error

	postfix_expr  goto 153
	expression  goto 1170
	var  goto 157
	simple_expression  goto 156
	ternary_expression  goto 160
	logical_expression  goto 162
	comparison_expression  goto 163
	bitwise_expression  goto 164
	additive_expression  goto 165
	term  goto 166
	factor  goto 167
	call  goto 158

state 908
	expression:  '(' expression ')' SHREQ.expression 

	NUM  shift 168
	CHAR_LIT  shift 170
	FNUM  shift 169
	ID  shift 161
	STRING_LIT  shift 159
	SIZEOF  shift 178
	VA_ARG  shift 181
	ALIGNOF  shift 179
	GENERIC  shift 180
	INC  shift 174
	DEC  shift 175
	ANDAND  shift 177
	'('  shift 154
	'*'  shift 155
	'&'  shift 176
	'-'  shift 171
	'!'  shift 172
	'~'  shift 173
	.  error

	postfix_expr  goto 153
	expression  goto 1171
	var  goto 157
	simple_expression  goto 156
	ternary_expression  goto 160
	logical_expression  goto 162
	comparison_expression  goto 163
	bitwise_expression  goto 164
	additive_expression  goto 165
	term  goto 166
	factor  goto 167
	call  goto 158

state 909
	expression:  '(' expression ')' DIVEQ.expression 

	NUM  shift 168
	CHAR_LIT  shift 170
	FNUM  shift 169
	ID  shift 161
	STRING_LIT  shift 159
	SIZEOF  shift 178
	VA_ARG  shift 181
	ALIGNOF  shift 179
	GENERIC  shift 180
	INC  shift 174
	DEC  shift 175
	ANDAND  shift 177
	'('  shift 154
	'*'  shift 155
	'&'  shift 176
	'-'  shift 171
	'!'  shift 172
	'~'  shift 173
	.  error

	postfix_expr  goto 153
	expression  goto 1172
	var  goto 157
	simple_expression  goto 156
	ternary_expression  goto 160
	logical_expression  goto 162
	comparison_expression  goto 163
	bitwise_expression  goto 164
	additive_expression  goto 165
	term  goto 166
	factor  goto 167
	call  goto 158

state 910
	expression:  '(' expression ')' MODEQ.expression 

	NUM  shift 168
	CHAR_LIT  shift 170
	FNUM  shift 169
	ID  shift 161
	STRING_LIT  shift 159
	SIZEOF  shift 178
	VA_ARG  shift 181
	ALIGNOF  shift 179
	GENERIC  shift 180
	INC  shift 174
	DEC  shift 175
	ANDAND  shift 177
	'('  shift 154
	'*'  shift 155
	'&'  shift 176
	'-'  shift 171
	'!'  shift 172
	'~'  shift 173
	.  error

	postfix_expr  goto 153
	expression  goto 1173
	var  goto 157
	simple_expression  goto 156
	ternary_expression  goto 160
	logical_expression  goto 162
	comparison_expression  goto 163
	bitwise_expression  goto 164
	additive_expression  goto 165
	term  goto 166
	factor  goto 167
	call  goto 158

state 911
	comma_expr_list:  expression ',' expression.    (446)

	.  reduce 446 (src line 1282)


state 912
	postfix_expr:  '(' comma_expr_list ')' ARROW.ID 

	ID  shift 1174
	.  error


state 913
	postfix_expr:  '(' comma_expr_list ')' '.'.ID 

	ID  shift 1175
	.  error


state 914
	comma_expr_list:  comma_expr_list ',' expression.    (445)

	.  reduce 445 (src line 1279)


state 915
	factor:  '(' type_specifier ')' factor.    (412)

	.  reduce 412 (src line 1154)


state 916
	factor:  '(' type_specifier ')' '{'.init_list '}' 
	factor:  '(' type_specifier ')' '{'.init_list ',' '}' 
	factor:  '(' type_specifier ')' '{'.'}' 

	NUM  shift 168
	CHAR_LIT  shift 170
	FNUM  shift 169
	ID  shift 161
	STRING_LIT  shift 159
	SIZEOF  shift 178
	VA_ARG  shift 181
	ALIGNOF  shift 179
	GENERIC  shift 180
	INC  shift 174
	DEC  shift 175
	ANDAND  shift 177
	'('  shift 154
	'*'  shift 155
	'['  shift 776
	'.'  shift 775
	'{'  shift 777
	'}'  shift 1177
	'&'  shift 176
	'-'  shift 171
	'!'  shift 172
	'~'  shift 173
	.  error

	postfix_expr  goto 153
	init_list  goto 1176
	init_entry  goto 773
	assign_expr  goto 774
	expression  goto 778
	var  goto 157
	simple_expression  goto 156
	ternary_expression  goto 160
	logical_expression  goto 162
	comparison_expression  goto 163
	bitwise_expression  goto 164
	additive_expression  goto 165
	term  goto 166
	factor  goto 167
	call  goto 158

state 917
	factor:  '(' type_specifier '*' ')'.factor 
	factor:  '(' type_specifier '*' ')'.'{' init_list '}' 
	factor:  '(' type_specifier '*' ')'.'{' init_list ',' '}' 

	NUM  shift 168
	CHAR_LIT  shift 170
	FNUM  shift 169
	ID  shift 161
	STRING_LIT  shift 159
	SIZEOF  shift 178
	VA_ARG  shift 181
	ALIGNOF  shift 179
	GENERIC  shift 180
	INC  shift 174
	DEC  shift 175
	ANDAND  shift 177
	'('  shift 353
	'*'  shift 355
	'{'  shift 1179
	'&'  shift 176
	'-'  shift 171
	'!'  shift 172
	'~'  shift 173
	.  error

	postfix_expr  goto 354
	var  goto 157
	factor  goto 1178
	call  goto 158

state 918
	factor:  '(' type_specifier '*' '*'.')' factor 

	')'  shift 1180
	.  error


state 919
	factor:  '(' type_specifier '*' '('.'*' ')' '(' fp_param_types ')' ')' factor 

	'*'  shift 1181
	.  error


state 920
	factor:  '(' type_specifier '(' '*'.')' '(' fp_param_types ')' ')' factor 

	')'  shift 1182
	.  error


state 921
	factor:  '(' type_specifier '[' ']'.')' '{' init_list '}' 
	factor:  '(' type_specifier '[' ']'.')' '{' init_list ',' '}' 

	')'  shift 1183
	.  error


state 922
	factor:  '(' type_specifier '[' const_int_expr.']' ')' '{' init_list '}' 
	factor:  '(' type_specifier '[' const_int_expr.']' ')' '{' init_list ',' '}' 

	']'  shift 1184
	.  error


state 923
	factor:  '(' CONST type_specifier '*'.')' factor 
	factor:  '(' CONST type_specifier '*'.'*' ')' factor 

	')'  shift 1185
	'*'  shift 1186
	.  error


state 924
	factor:  '(' STRUCT ID '*'.')' factor 

	')'  shift 1187
	.  error


state 925
	factor:  '(' STRUCT ID ')'.factor 
	factor:  '(' STRUCT ID ')'.'{' init_list '}' 
	factor:  '(' STRUCT ID ')'.'{' init_list ',' '}' 
	factor:  '(' STRUCT ID ')'.'{' '}' 

	NUM  shift 168
	CHAR_LIT  shift 170
	FNUM  shift 169
	ID  shift 161
	STRING_LIT  shift 159
	SIZEOF  shift 178
	VA_ARG  shift 181
	ALIGNOF  shift 179
	GENERIC  shift 180
	INC  shift 174
	DEC  shift 175
	ANDAND  shift 177
	'('  shift 353
	'*'  shift 355
	'{'  shift 1189
	'&'  shift 176
	'-'  shift 171
	'!'  shift 172
	'~'  shift 173
	.  error

	postfix_expr  goto 354
	var  goto 157
	factor  goto 1188
	call  goto 158

state 926
	factor:  '(' STRUCT '{' field_list.'}' '*' ')' factor 
	factor:  '(' STRUCT '{' field_list.'}' ')' factor 
	field_list:  field_list.field 
	field_list:  field_list.STATIC_ASSERT '(' const_int_expr ',' STRING_LIT ')' ';' 
	field_list:  field_list.STATIC_ASSERT '(' const_int_expr ')' ';' 

	INT  shift 26
	VOID  shift 27
	CONST  shift 137
	CHAR  shift 28
	LONG  shift 29
	UNSIGNED  shift 31
	SHORT  shift 30
	FLOAT  shift 32
	DOUBLE  shift 33
	STRUCT  shift 136
	ENUM  shift 44
	UNION  shift 138
	TYPEOF  shift 37
	INT128  shift 35
	SIGNED  shift 34
	ALIGNAS_SPEC  shift 135
	STATIC_ASSERT  shift 303
	TYPENAME  shift 36
	'}'  shift 1190
	.  error

	field  goto 302
	type_specifier  goto 134

state 927
	factor:  '(' UNION ID ')'.'{' init_list '}' 
	factor:  '(' UNION ID ')'.'{' init_list ',' '}' 

	'{'  shift 1191
	.  error


state 928
	factor:  '(' '{' block_item_list '}'.')' 

	')'  shift 1192
	.  error


state 929
	expression:  '*' factor '=' expression.    (317)

	.  reduce 317 (src line 908)


state 930
	expression:  '*' factor PLUSEQ expression.    (318)

	.  reduce 318 (src line 911)


state 931
	expression:  '*' factor MINUSEQ expression.    (319)

	.  reduce 319 (src line 913)


state 932
	expression:  '*' factor STAREQ expression.    (320)

	.  reduce 320 (src line 915)


state 933
	expression:  '*' factor SHREQ expression.    (321)

	.  reduce 321 (src line 917)


state 934
	expression:  '*' factor SHLEQ expression.    (322)

	.  reduce 322 (src line 919)


state 935
	expression:  '*' factor OREQ expression.    (323)

	.  reduce 323 (src line 921)


state 936
	expression:  '*' factor ANDEQ expression.    (324)

	.  reduce 324 (src line 923)


state 937
	postfix_expr:  '(' expression ')'.'.' ID 
	postfix_expr:  '(' expression ')'.ARROW ID 
	postfix_expr:  '(' expression ')'.ARROW ID '(' args ')' 
	postfix_expr:  '(' expression ')'.'.' ID '(' args ')' 
	postfix_expr:  '(' expression ')'.'[' expression ']' 
	postfix_expr:  '(' expression ')'.INC 
	postfix_expr:  '(' expression ')'.DEC 
	postfix_expr:  '(' expression ')'.'(' args ')' 
	factor:  '(' expression ')'.    (369)

	INC  shift 897
	DEC  shift 898
	ARROW  shift 895
	'('  shift 899
	'['  shift 896
	'.'  shift 894
	.  reduce 369 (src line 1035)


state 938
	postfix_expr:  var '(' args ')'.    (284)

	.  reduce 284 (src line 820)


state 939
	postfix_expr:  call '(' args ')'.    (303)

	.  reduce 303 (src line 874)


state 940
	postfix_expr:  STRING_LIT '[' expression ']'.    (304)

	.  reduce 304 (src line 877)


941: shift/reduce conflict (shift 1193(0), red'n 338(0)) on '['
state 941
	var:  ID '[' expression ']'.'[' expression ']' 
	var:  ID '[' expression ']'.    (338)

	'['  shift 1193
	.  reduce 338 (src line 954)


state 942
	call:  ID '(' args ')'.    (447)

	.  reduce 447 (src line 1286)


state 943
	ternary_expression:  logical_expression QUESTION ternary_expression ':'.ternary_expression 

	NUM  shift 168
	CHAR_LIT  shift 170
	FNUM  shift 169
	ID  shift 161
	STRING_LIT  shift 159
	SIZEOF  shift 178
	VA_ARG  shift 181
	ALIGNOF  shift 179
	GENERIC  shift 180
	INC  shift 174
	DEC  shift 175
	ANDAND  shift 177
	'('  shift 353
	'*'  shift 355
	'&'  shift 176
	'-'  shift 171
	'!'  shift 172
	'~'  shift 173
	.  error

	postfix_expr  goto 354
	var  goto 157
	ternary_expression  goto 1194
	logical_expression  goto 162
	comparison_expression  goto 163
	bitwise_expression  goto 164
	additive_expression  goto 165
	term  goto 166
	factor  goto 167
	call  goto 158

 944: reduce/reduce conflict  (red'ns 285 and 387) on ATTR_ALIAS
 944: reduce/reduce conflict  (red'ns 285 and 387) on LE
 944: reduce/reduce conflict  (red'ns 285 and 387) on GE
 944: reduce/reduce conflict  (red'ns 285 and 387) on EQ
 944: reduce/reduce conflict  (red'ns 285 and 387) on NE
 944: reduce/reduce conflict  (red'ns 285 and 387) on LSHIFT
 944: reduce/reduce conflict  (red'ns 285 and 387) on RSHIFT
 944: reduce/reduce conflict  (red'ns 285 and 387) on PLUSEQ
 944: reduce/reduce conflict  (red'ns 285 and 387) on MINUSEQ
 944: reduce/reduce conflict  (red'ns 285 and 387) on STAREQ
 944: reduce/reduce conflict  (red'ns 285 and 387) on ANDEQ
 944: reduce/reduce conflict  (red'ns 285 and 387) on OREQ
 944: reduce/reduce conflict  (red'ns 285 and 387) on SHLEQ
 944: reduce/reduce conflict  (red'ns 285 and 387) on SHREQ
 944: reduce/reduce conflict  (red'ns 285 and 387) on ANDAND
 944: reduce/reduce conflict  (red'ns 285 and 387) on OROR
 944: reduce/reduce conflict  (red'ns 285 and 387) on QUESTION
 944: reduce/reduce conflict  (red'ns 285 and 387) on ';'
 944: reduce/reduce conflict  (red'ns 285 and 387) on ')'
 944: reduce/reduce conflict  (red'ns 285 and 387) on ','
 944: reduce/reduce conflict  (red'ns 285 and 387) on '*'
 944: reduce/reduce conflict  (red'ns 285 and 387) on ']'
 944: reduce/reduce conflict  (red'ns 285 and 387) on '='
 944: reduce/reduce conflict  (red'ns 285 and 387) on '}'
 944: reduce/reduce conflict  (red'ns 285 and 387) on ':'
 944: reduce/reduce conflict  (red'ns 285 and 387) on '&'
 944: reduce/reduce conflict  (red'ns 285 and 387) on '|'
 944: reduce/reduce conflict  (red'ns 285 and 387) on '^'
 944: reduce/reduce conflict  (red'ns 285 and 387) on '<'
 944: reduce/reduce conflict  (red'ns 285 and 387) on '>'
 944: reduce/reduce conflict  (red'ns 285 and 387) on '+'
 944: reduce/reduce conflict  (red'ns 285 and 387) on '-'
 944: reduce/reduce conflict  (red'ns 285 and 387) on '/'
 944: reduce/reduce conflict  (red'ns 285 and 387) on '%'
state 944
	postfix_expr:  postfix_expr ARROW ID.    (285)
	postfix_expr:  postfix_expr ARROW ID.'(' args ')' 
	factor:  '&' postfix_expr ARROW ID.    (387)

	'('  shift 891
	.  reduce 285 (src line 822)


 945: reduce/reduce conflict  (red'ns 286 and 388) on ATTR_ALIAS
 945: reduce/reduce conflict  (red'ns 286 and 388) on LE
 945: reduce/reduce conflict  (red'ns 286 and 388) on GE
 945: reduce/reduce conflict  (red'ns 286 and 388) on EQ
 945: reduce/reduce conflict  (red'ns 286 and 388) on NE
 945: reduce/reduce conflict  (red'ns 286 and 388) on LSHIFT
 945: reduce/reduce conflict  (red'ns 286 and 388) on RSHIFT
 945: reduce/reduce conflict  (red'ns 286 and 388) on PLUSEQ
 945: reduce/reduce conflict  (red'ns 286 and 388) on MINUSEQ
 945: reduce/reduce conflict  (red'ns 286 and 388) on STAREQ
 945: reduce/reduce conflict  (red'ns 286 and 388) on ANDEQ
 945: reduce/reduce conflict  (red'ns 286 and 388) on OREQ
 945: reduce/reduce conflict  (red'ns 286 and 388) on SHLEQ
 945: reduce/reduce conflict  (red'ns 286 and 388) on SHREQ
 945: reduce/reduce conflict  (red'ns 286 and 388) on ANDAND
 945: reduce/reduce conflict  (red'ns 286 and 388) on OROR
 945: reduce/reduce conflict  (red'ns 286 and 388) on QUESTION
 945: reduce/reduce conflict  (red'ns 286 and 388) on ';'
 945: reduce/reduce conflict  (red'ns 286 and 388) on ')'
 945: reduce/reduce conflict  (red'ns 286 and 388) on ','
 945: reduce/reduce conflict  (red'ns 286 and 388) on '*'
 945: reduce/reduce conflict  (red'ns 286 and 388) on ']'
 945: reduce/reduce conflict  (red'ns 286 and 388) on '='
 945: reduce/reduce conflict  (red'ns 286 and 388) on '}'
 945: reduce/reduce conflict  (red'ns 286 and 388) on ':'
 945: reduce/reduce conflict  (red'ns 286 and 388) on '&'
 945: reduce/reduce conflict  (red'ns 286 and 388) on '|'
 945: reduce/reduce conflict  (red'ns 286 and 388) on '^'
 945: reduce/reduce conflict  (red'ns 286 and 388) on '<'
 945: reduce/reduce conflict  (red'ns 286 and 388) on '>'
 945: reduce/reduce conflict  (red'ns 286 and 388) on '+'
 945: reduce/reduce conflict  (red'ns 286 and 388) on '-'
 945: reduce/reduce conflict  (red'ns 286 and 388) on '/'
 945: reduce/reduce conflict  (red'ns 286 and 388) on '%'
state 945
	postfix_expr:  postfix_expr '.' ID.    (286)
	postfix_expr:  postfix_expr '.' ID.'(' args ')' 
	factor:  '&' postfix_expr '.' ID.    (388)

	'('  shift 892
	.  reduce 286 (src line 824)


state 946
	postfix_expr:  postfix_expr '[' expression.']' 
	postfix_expr:  postfix_expr '[' expression.']' '(' args ')' 
	factor:  '&' postfix_expr '[' expression.']' 

	']'  shift 1195
	.  error


state 947
	postfix_expr:  '(' expression ')'.'.' ID 
	postfix_expr:  '(' expression ')'.ARROW ID 
	postfix_expr:  '(' expression ')'.ARROW ID '(' args ')' 
	postfix_expr:  '(' expression ')'.'.' ID '(' args ')' 
	postfix_expr:  '(' expression ')'.'[' expression ']' 
	postfix_expr:  '(' expression ')'.INC 
	postfix_expr:  '(' expression ')'.DEC 
	postfix_expr:  '(' expression ')'.'(' args ')' 
	factor:  '&' '(' expression ')'.    (384)
	factor:  '&' '(' expression ')'.'[' expression ']' 

	INC  shift 897
	DEC  shift 898
	ARROW  shift 895
	'('  shift 899
	'['  shift 1196
	'.'  shift 894
	.  reduce 384 (src line 1059)


state 948
	postfix_expr:  '(' comma_expr_list ')'.ARROW ID 
	postfix_expr:  '(' comma_expr_list ')'.'.' ID 

	ARROW  shift 912
	'.'  shift 913
	.  error


state 949
	factor:  '&' '(' STRUCT ID.')' '{' init_list '}' 
	factor:  '&' '(' STRUCT ID.')' '{' init_list ',' '}' 
	factor:  '&' '(' STRUCT ID.')' '{' '}' 

	')'  shift 1197
	.  error


state 950
	postfix_expr:  STRING_LIT '[' expression.']' 
	factor:  '&' STRING_LIT '[' expression.']' 

	']'  shift 1198
	.  error


state 951
	postfix_expr:  '(' expression ')'.'.' ID 
	postfix_expr:  '(' expression ')'.ARROW ID 
	postfix_expr:  '(' expression ')'.ARROW ID '(' args ')' 
	postfix_expr:  '(' expression ')'.'.' ID '(' args ')' 
	postfix_expr:  '(' expression ')'.'[' expression ']' 
	postfix_expr:  '(' expression ')'.INC 
	postfix_expr:  '(' expression ')'.DEC 
	postfix_expr:  '(' expression ')'.'(' args ')' 
	factor:  SIZEOF '(' expression ')'.    (399)

	INC  shift 897
	DEC  shift 898
	ARROW  shift 895
	'('  shift 899
	'['  shift 896
	'.'  shift 894
	.  reduce 399 (src line 1104)


state 952
	factor:  SIZEOF '(' type_specifier ')'.    (391)

	.  reduce 391 (src line 1080)


state 953
	factor:  SIZEOF '(' type_specifier '*'.')' 
	factor:  SIZEOF '(' type_specifier '*'.'*' ')' 

	')'  shift 1199
	'*'  shift 1200
	.  error


state 954
	factor:  SIZEOF '(' type_specifier '['.const_int_expr ']' ')' 

	NUM  shift 194
	ID  shift 198
	SIZEOF  shift 196
	ALIGNOF  shift 197
	'('  shift 195
	'&'  shift 199
	'-'  shift 192
	'!'  shift 193
	.  error

	const_int_expr  goto 1201
	const_int_ternary  goto 183
	const_int_or  goto 184
	const_int_and  goto 185
	const_int_cmp  goto 186
	const_int_shift  goto 187
	const_int_add  goto 188
	const_int_mul  goto 189
	const_int_unary  goto 190
	const_int_primary  goto 191

state 955
	factor:  SIZEOF '(' CONST type_specifier.'*' ')' 

	'*'  shift 1202
	.  error


956: shift/reduce conflict (shift 1203(0), red'n 108(0)) on ')'
956: shift/reduce conflict (shift 1204(0), red'n 108(0)) on '*'
state 956
	type_specifier:  STRUCT ID.    (108)
	factor:  SIZEOF '(' STRUCT ID.')' 
	factor:  SIZEOF '(' STRUCT ID.'*' ')' 

	')'  shift 1203
	'*'  shift 1204
	.  reduce 108 (src line 326)


957: shift/reduce conflict (shift 1205(0), red'n 109(0)) on ')'
state 957
	type_specifier:  UNION ID.    (109)
	factor:  SIZEOF '(' UNION ID.')' 

	')'  shift 1205
	.  reduce 109 (src line 328)


state 958
	factor:  ALIGNOF '(' type_specifier ')'.    (402)

	.  reduce 402 (src line 1110)


state 959
	factor:  ALIGNOF '(' type_specifier '*'.')' 

	')'  shift 1206
	.  error


960: shift/reduce conflict (shift 1207(0), red'n 108(0)) on ')'
state 960
	type_specifier:  STRUCT ID.    (108)
	factor:  ALIGNOF '(' STRUCT ID.')' 

	')'  shift 1207
	.  reduce 108 (src line 326)


state 961
	factor:  ALIGNOF '(' expression ')'.    (405)

	.  reduce 405 (src line 1116)


state 962
	factor:  GENERIC '(' expression ','.generic_assoc_list ')' 

	INT  shift 26
	VOID  shift 27
	CHAR  shift 28
	LONG  shift 29
	UNSIGNED  shift 31
	SHORT  shift 30
	FLOAT  shift 32
	DOUBLE  shift 33
	STRUCT  shift 92
	ENUM  shift 44
	UNION  shift 87
	TYPEOF  shift 37
	INT128  shift 35
	SIGNED  shift 34
	DEFAULT  shift 1211
	TYPENAME  shift 36
	.  error

	generic_assoc_list  goto 1208
	generic_assoc  goto 1209
	type_specifier  goto 1210

state 963
	factor:  VA_ARG '(' expression ','.type_specifier ')' 
	factor:  VA_ARG '(' expression ','.type_specifier '*' ')' 
	factor:  VA_ARG '(' expression ','.CONST type_specifier '*' ')' 
	factor:  VA_ARG '(' expression ','.type_specifier '*' '*' ')' 
	factor:  VA_ARG '(' expression ','.STRUCT ID '*' ')' 

	INT  shift 26
	VOID  shift 27
	CONST  shift 1213
	CHAR  shift 28
	LONG  shift 29
	UNSIGNED  shift 31
	SHORT  shift 30
	FLOAT  shift 32
	DOUBLE  shift 33
	STRUCT  shift 1214
	ENUM  shift 44
	UNION  shift 87
	TYPEOF  shift 37
	INT128  shift 35
	SIGNED  shift 34
	TYPENAME  shift 36
	.  error

	type_specifier  goto 1212

state 964
	declaration:  STATIC_ASSERT '(' const_int_expr ',' STRING_LIT ')'.';' 

	';'  shift 1215
	.  error


state 965
	const_int_ternary:  const_int_or QUESTION const_int_or ':'.const_int_or 

	NUM  shift 194
	ID  shift 198
	SIZEOF  shift 196
	ALIGNOF  shift 197
	'('  shift 195
	'&'  shift 199
	'-'  shift 192
	'!'  shift 193
	.  error

	const_int_or  goto 1216
	const_int_and  goto 185
	const_int_cmp  goto 186
	const_int_shift  goto 187
	const_int_add  goto 188
	const_int_mul  goto 189
	const_int_unary  goto 190
	const_int_primary  goto 191

state 966
	const_int_primary:  '(' type_specifier ')' const_int_primary.    (684)

	.  reduce 684 (src line 2003)


state 967
	const_int_primary:  SIZEOF '(' STRING_LIT ')'.    (685)

	.  reduce 685 (src line 2004)


state 968
	const_int_primary:  SIZEOF '(' type_specifier ')'.    (686)

	.  reduce 686 (src line 2005)


state 969
	const_int_primary:  SIZEOF '(' type_specifier '*'.')' 

	')'  shift 1217
	.  error


state 970
	const_int_primary:  SIZEOF '(' type_specifier '['.NUM ']' ')' 

	NUM  shift 1218
	.  error


state 971
	const_int_primary:  SIZEOF '(' CONST type_specifier.'*' ')' 

	'*'  shift 1219
	.  error


state 972
	const_int_primary:  SIZEOF '(' ID ')'.    (690)

	.  reduce 690 (src line 2009)


state 973
	const_int_primary:  SIZEOF '(' ID '['.NUM ']' ')' 

	NUM  shift 1220
	.  error


state 974
	const_int_primary:  SIZEOF '(' ID '.'.ID ')' 
	const_int_primary:  SIZEOF '(' ID '.'.ID '.' ID ')' 

	ID  shift 1221
	.  error


state 975
	const_int_primary:  SIZEOF '(' '(' ID.')' '[' NUM ']' ')' 
	const_int_primary:  SIZEOF '(' '(' ID.')' '[' const_int_expr ']' ')' 
	const_int_primary:  SIZEOF '(' '(' ID.'.' ID '.' ID ')' ')' 
	const_int_primary:  SIZEOF '(' '(' ID.'.' ID ')' ')' 

	')'  shift 1222
	'.'  shift 1223
	.  error


state 976
	const_int_primary:  SIZEOF '(' '(' '('.ID '.' ID '.' ID ')' ')' '[' const_int_expr ']' ')' 
	const_int_primary:  SIZEOF '(' '(' '('.ID '.' ID ')' ')' '[' const_int_expr ']' ')' 

	ID  shift 1224
	.  error


state 977
	const_int_primary:  ALIGNOF '(' type_specifier ')'.    (700)

	.  reduce 700 (src line 2024)


state 978
	const_int_primary:  ALIGNOF '(' type_specifier '*'.')' 

	')'  shift 1225
	.  error


979: shift/reduce conflict (shift 1226(0), red'n 108(0)) on ')'
state 979
	type_specifier:  STRUCT ID.    (108)
	const_int_primary:  ALIGNOF '(' STRUCT ID.')' 

	')'  shift 1226
	.  reduce 108 (src line 326)


state 980
	const_int_primary:  '&' '(' '(' type_specifier.'*' ')' NUM ')' ARROW ID 
	const_int_primary:  '&' '(' '(' type_specifier.'*' ')' NUM ')' '.' ID 

	'*'  shift 1227
	.  error


state 981
	block_item_list:  block_item_list ALIGNAS_SPEC var_declaration.    (201)

	.  reduce 201 (src line 517)


state 982
	block_item_list:  block_item_list ATTR_ALIGNED var_declaration.    (202)

	.  reduce 202 (src line 520)


state 983
	block_item_list:  block_item_list declaration_specifiers local_fun_proto.';' 
	block_item_list:  block_item_list declaration_specifiers local_fun_proto.ATTR_WEAK ';' 
	block_item_list:  block_item_list declaration_specifiers local_fun_proto.ATTR_SECTION ';' 
	block_item_list:  block_item_list declaration_specifiers local_fun_proto.ATTR_ALIGNED ';' 

	ATTR_WEAK  shift 1229
	ATTR_ALIGNED  shift 1231
	ATTR_SECTION  shift 1230
	';'  shift 1228
	.  error


state 984
	local_fun_proto:  ID.'(' local_params ')' 
	gd_declarator:  ID.    (765)
	gd_declarator:  ID.'[' const_int_expr ']' 
	gd_declarator:  ID.'[' ']' 
	gd_declarator:  ID.'[' const_int_expr ']' '[' const_int_expr ']' 
	gd_declarator:  ID.'[' ']' '[' const_int_expr ']' 
	gd_declarator:  ID.'[' ID ']' 

	'('  shift 1232
	'['  shift 221
	.  reduce 765 (src line 2226)


state 985
	local_fun_proto:  gd_pointer.ID '(' local_params ')' 
	local_fun_proto:  gd_pointer.CONST ID '(' local_params ')' 
	gd_declarator:  gd_pointer.ID 
	gd_declarator:  gd_pointer.CONST ID 
	gd_declarator:  gd_pointer.ID '[' const_int_expr ']' 
	gd_declarator:  gd_pointer.ID '[' ']' 
	gd_declarator:  gd_pointer.CONST ID '[' const_int_expr ']' 
	gd_declarator:  gd_pointer.CONST ID '[' ']' 

	ID  shift 1233
	CONST  shift 1234
	.  error


state 986
	local_fun_proto:  '('.ID ')' '(' local_params ')' 
	gd_declarator:  '('.'*' ID ')' '(' fp_param_types ')' 
	gd_declarator:  '('.'*' '*' ID ')' '(' fp_param_types ')' 
	gd_declarator:  '('.'*' ID '[' const_int_expr ']' ')' '(' fp_param_types ')' 
	gd_declarator:  '('.'*' '(' ID '[' const_int_expr ']' ')' ')' '(' fp_param_types ')' 

	ID  shift 1235
	'*'  shift 292
	.  error


state 987
	type_specifier:  STRUCT ID.    (108)
	block_item_list:  block_item_list STRUCT ID.';' 
	struct_declaration:  STRUCT ID.'{' field_list '}' ';' 
	struct_declaration:  STRUCT ID.ATTR_PACKED '{' field_list '}' ';' 
	struct_declaration:  STRUCT ID.'{' field_list '}' ATTR_PACKED ';' 
	struct_declaration:  STRUCT ID.ATTR_ALIGNED '{' field_list '}' ';' 
	declaration_specifiers:  STRUCT ID.'{' field_list '}' 
	declaration_specifiers:  STRUCT ID.ATTR_PACKED '{' field_list '}' 
	declaration_specifiers:  STRUCT ID.'{' field_list '}' ATTR_PACKED 

	ATTR_PACKED  shift 126
	ATTR_ALIGNED  shift 127
	';'  shift 1236
	'{'  shift 125
	.  reduce 108 (src line 326)


state 988
	type_specifier:  UNION ID.    (109)
	block_item_list:  block_item_list UNION ID.';' 
	union_declaration:  UNION ID.'{' field_list '}' ';' 
	union_declaration:  UNION ID.ATTR_PACKED '{' field_list '}' ';' 
	union_declaration:  UNION ID.'{' field_list '}' ATTR_PACKED ';' 

	ATTR_PACKED  shift 141
	';'  shift 1237
	'{'  shift 140
	.  reduce 109 (src line 328)


state 989
	type_specifier:  ENUM ID.    (110)
	block_item_list:  block_item_list ENUM ID.';' 
	block_item_list:  block_item_list ENUM ID.'{' enum_list '}' ';' 

	';'  shift 1238
	'{'  shift 1239
	.  reduce 110 (src line 330)


state 990
	block_item_list:  block_item_list ENUM '{'.enum_list '}' ';' 

	ID  shift 149
	.  error

	enum_list  goto 1240
	enum_member  goto 148

state 991
	block_item_list:  block_item_list ASM_KW '('.args ')' ';' 
	args: .    (449)

	NUM  shift 168
	CHAR_LIT  shift 170
	FNUM  shift 169
	ID  shift 161
	STRING_LIT  shift 159
	SIZEOF  shift 178
	VA_ARG  shift 181
	ALIGNOF  shift 179
	GENERIC  shift 180
	INC  shift 174
	DEC  shift 175
	ANDAND  shift 177
	'('  shift 154
	'*'  shift 155
	'&'  shift 176
	'-'  shift 171
	'!'  shift 172
	'~'  shift 173
	.  reduce 449 (src line 1293)

	postfix_expr  goto 153
	expression  goto 152
	var  goto 157
	simple_expression  goto 156
	ternary_expression  goto 160
	logical_expression  goto 162
	comparison_expression  goto 163
	bitwise_expression  goto 164
	additive_expression  goto 165
	term  goto 166
	factor  goto 167
	call  goto 158
	args  goto 1241
	arg_list  goto 151

state 992
	block_item_list:  block_item_list ASM_KW ';'.    (216)

	.  reduce 216 (src line 553)


state 993
	block_item_list:  block_item_list STATIC_ASSERT '('.const_int_expr ',' STRING_LIT ')' ';' 
	block_item_list:  block_item_list STATIC_ASSERT '('.const_int_expr ')' ';' 

	NUM  shift 194
	ID  shift 198
	SIZEOF  shift 196
	ALIGNOF  shift 197
	'('  shift 195
	'&'  shift 199
	'-'  shift 192
	'!'  shift 193
	.  error

	const_int_expr  goto 1242
	const_int_ternary  goto 183
	const_int_or  goto 184
	const_int_and  goto 185
	const_int_cmp  goto 186
	const_int_shift  goto 187
	const_int_add  goto 188
	const_int_mul  goto 189
	const_int_unary  goto 190
	const_int_primary  goto 191

state 994
	statement:  ID ':'.statement 

	NUM  shift 168
	CHAR_LIT  shift 170
	FNUM  shift 169
	ID  shift 718
	STRING_LIT  shift 159
	IF  shift 722
	WHILE  shift 723
	RETURN  shift 727
	FOR  shift 724
	DO  shift 725
	BREAK  shift 728
	CONTINUE  shift 729
	GOTO  shift 730
	SIZEOF  shift 178
	VA_ARG  shift 181
	SWITCH  shift 726
	ALIGNOF  shift 179
	GENERIC  shift 180
	INC  shift 174
	DEC  shift 175
	ANDAND  shift 177
	';'  shift 721
	'('  shift 154
	'*'  shift 155
	'{'  shift 207
	'&'  shift 176
	'-'  shift 171
	'!'  shift 172
	'~'  shift 173
	.  error

	compound_stmt  goto 708
	postfix_expr  goto 153
	statement  goto 1243
	expression_stmt  goto 707
	selection_stmt  goto 709
	iteration_stmt  goto 710
	for_stmt  goto 711
	do_while_stmt  goto 712
	switch_stmt  goto 713
	return_stmt  goto 714
	break_stmt  goto 715
	continue_stmt  goto 716
	goto_stmt  goto 717
	expression  goto 719
	var  goto 157
	simple_expression  goto 156
	ternary_expression  goto 160
	logical_expression  goto 162
	comparison_expression  goto 163
	bitwise_expression  goto 164
	additive_expression  goto 165
	term  goto 166
	factor  goto 167
	call  goto 158
	comma_expr_list  goto 720

state 995
	expression_stmt:  expression ';'.    (251)

	.  reduce 251 (src line 675)


state 996
	expression_stmt:  comma_expr_list ';'.    (252)

	.  reduce 252 (src line 677)


state 997
	selection_stmt:  IF '('.expression ')' statement 
	selection_stmt:  IF '('.expression ')' statement ELSE statement 

	NUM  shift 168
	CHAR_LIT  shift 170
	FNUM  shift 169
	ID  shift 161
	STRING_LIT  shift 159
	SIZEOF  shift 178
	VA_ARG  shift 181
	ALIGNOF  shift 179
	GENERIC  shift 180
	INC  shift 174
	DEC  shift 175
	ANDAND  shift 177
	'('  shift 154
	'*'  shift 155
	'&'  shift 176
	'-'  shift 171
	'!'  shift 172
	'~'  shift 173
	.  error

	postfix_expr  goto 153
	expression  goto 1244
	var  goto 157
	simple_expression  goto 156
	ternary_expression  goto 160
	logical_expression  goto 162
	comparison_expression  goto 163
	bitwise_expression  goto 164
	additive_expression  goto 165
	term  goto 166
	factor  goto 167
	call  goto 158

state 998
	iteration_stmt:  WHILE '('.expression ')' statement 
	iteration_stmt:  WHILE '('.comma_expr_list ')' statement 

	NUM  shift 168
	CHAR_LIT  shift 170
	FNUM  shift 169
	ID  shift 161
	STRING_LIT  shift 159
	SIZEOF  shift 178
	VA_ARG  shift 181
	ALIGNOF  shift 179
	GENERIC  shift 180
	INC  shift 174
	DEC  shift 175
	ANDAND  shift 177
	'('  shift 154
	'*'  shift 155
	'&'  shift 176
	'-'  shift 171
	'!'  shift 172
	'~'  shift 173
	.  error

	postfix_expr  goto 153
	expression  goto 1245
	var  goto 157
	simple_expression  goto 156
	ternary_expression  goto 160
	logical_expression  goto 162
	comparison_expression  goto 163
	bitwise_expression  goto 164
	additive_expression  goto 165
	term  goto 166
	factor  goto 167
	call  goto 158
	comma_expr_list  goto 1246

state 999
	for_stmt:  FOR '('.opt_expression ';' opt_expression ';' opt_expression ')' statement 
	for_stmt:  FOR '('.var_declaration opt_expression ';' opt_expression ')' statement 
	for_stmt:  FOR '('.var_declaration opt_expression ';' expression ',' expression ')' statement 
	for_stmt:  FOR '('.var_declaration opt_expression ';' expression ',' expression ',' expression ')' statement 
	for_stmt:  FOR '('.opt_expression ';' opt_expression ';' expression ',' expression ')' statement 
	for_stmt:  FOR '('.opt_expression ';' opt_expression ';' expression ',' expression ',' expression ')' statement 
	for_stmt:  FOR '('.expression ',' expression ';' opt_expression ';' opt_expression ')' statement 
	for_stmt:  FOR '('.expression ',' expression ',' expression ';' opt_expression ';' opt_expression ')' statement 
	for_stmt:  FOR '('.expression ',' expression ';' opt_expression ';' expression ',' expression ')' statement 
	for_stmt:  FOR '('.expression ',' expression ',' expression ';' opt_expression ';' expression ',' expression ')' statement 
	opt_expression: .    (279)

	NUM  shift 168
	CHAR_LIT  shift 170
	FNUM  shift 169
	ID  shift 161
	STRING_LIT  shift 159
	INT  shift 26
	VOID  shift 27
	CONST  shift 25
	CHAR  shift 28
	EXTERN  shift 23
	LONG  shift 29
	UNSIGNED  shift 31
	SHORT  shift 30
	FLOAT  shift 32
	DOUBLE  shift 33
	STRUCT  shift 42
	SIZEOF  shift 178
	ENUM  shift 44
	UNION  shift 43
	STATIC  shift 22
	VA_ARG  shift 181
	TYPEOF  shift 37
	INT128  shift 35
	SIGNED  shift 34
	ALIGNOF  shift 179
	GENERIC  shift 180
	INLINE_KW  shift 24
	TYPENAME  shift 36
	INC  shift 174
	DEC  shift 175
	ANDAND  shift 177
	'('  shift 154
	'*'  shift 155
	'&'  shift 176
	'-'  shift 171
	'!'  shift 172
	'~'  shift 173
	.  reduce 279 (src line 804)

	var_declaration  goto 1248
	postfix_expr  goto 153
	opt_expression  goto 1247
	expression  goto 1249
	var  goto 157
	simple_expression  goto 156
	ternary_expression  goto 160
	logical_expression  goto 162
	comparison_expression  goto 163
	bitwise_expression  goto 164
	additive_expression  goto 165
	term  goto 166
	factor  goto 167
	call  goto 158
	type_specifier  goto 21
	declaration_specifiers  goto 41

state 1000
	do_while_stmt:  DO statement.WHILE '(' expression ')' ';' 

	WHILE  shift 1250
	.  error


state 1001
	switch_stmt:  SWITCH '('.expression ')' '{' case_list '}' 

	NUM  shift 168
	CHAR_LIT  shift 170
	FNUM  shift 169
	ID  shift 161
	STRING_LIT  shift 159
	SIZEOF  shift 178
	VA_ARG  shift 181
	ALIGNOF  shift 179
	GENERIC  shift 180
	INC  shift 174
	DEC  shift 175
	ANDAND  shift 177
	'('  shift 154
	'*'  shift 155
	'&'  shift 176
	'-'  shift 171
	'!'  shift 172
	'~'  shift 173
	.  error

	postfix_expr  goto 153
	expression  goto 1251
	var  goto 157
	simple_expression  goto 156
	ternary_expression  goto 160
	logical_expression  goto 162
	comparison_expression  goto 163
	bitwise_expression  goto 164
	additive_expression  goto 165
	term  goto 166
	factor  goto 167
	call  goto 158

state 1002
	return_stmt:  RETURN ';'.    (280)

	.  reduce 280 (src line 807)


state 1003
	return_stmt:  RETURN expression.';' 

	';'  shift 1252
	.  error


state 1004
	break_stmt:  BREAK ';'.    (276)

	.  reduce 276 (src line 792)


state 1005
	continue_stmt:  CONTINUE ';'.    (277)

	.  reduce 277 (src line 797)


state 1006
	goto_stmt:  GOTO ID.';' 

	';'  shift 1253
	.  error


state 1007
	goto_stmt:  GOTO '*'.expression ';' 

	NUM  shift 168
	CHAR_LIT  shift 170
	FNUM  shift 169
	ID  shift 161
	STRING_LIT  shift 159
	SIZEOF  shift 178
	VA_ARG  shift 181
	ALIGNOF  shift 179
	GENERIC  shift 180
	INC  shift 174
	DEC  shift 175
	ANDAND  shift 177
	'('  shift 154
	'*'  shift 155
	'&'  shift 176
	'-'  shift 171
	'!'  shift 172
	'~'  shift 173
	.  error

	postfix_expr  goto 153
	expression  goto 1254
	var  goto 157
	simple_expression  goto 156
	ternary_expression  goto 160
	logical_expression  goto 162
	comparison_expression  goto 163
	bitwise_expression  goto 164
	additive_expression  goto 165
	term  goto 166
	factor  goto 167
	call  goto 158

state 1008
	declaration:  declaration_specifiers '(' '*' ID '[' ']'.')' '(' fp_param_types ')' ';' 
	declaration:  declaration_specifiers '(' '*' ID '[' ']'.')' '(' fp_param_types ')' ATTR_WEAK ';' 

	')'  shift 1255
	.  error


state 1009
	gd_declarator:  '(' '*' ID '[' const_int_expr.']' ')' '(' fp_param_types ')' 

	']'  shift 1256
	.  error


state 1010
	gd_declarator:  '(' '*' ID ')' '('.fp_param_types ')' 
	fp_param_types: .    (562)

	ID  shift 786
	INT  shift 26
	VOID  shift 27
	CONST  shift 784
	CHAR  shift 28
	LONG  shift 29
	UNSIGNED  shift 31
	SHORT  shift 30
	FLOAT  shift 32
	DOUBLE  shift 33
	STRUCT  shift 783
	ENUM  shift 785
	UNION  shift 87
	TYPEOF  shift 37
	INT128  shift 35
	SIGNED  shift 34
	TYPENAME  shift 36
	.  reduce 562 (src line 1712)

	fp_param_types  goto 1257
	fp_param_type_list  goto 780
	fp_param_type  goto 781
	type_specifier  goto 782

state 1011
	gd_declarator:  '(' '*' '*' ID ')'.'(' fp_param_types ')' 

	'('  shift 1258
	.  error


state 1012
	gd_declarator:  '(' '*' '(' ID '['.const_int_expr ']' ')' ')' '(' fp_param_types ')' 

	NUM  shift 194
	ID  shift 198
	SIZEOF  shift 196
	ALIGNOF  shift 197
	'('  shift 195
	'&'  shift 199
	'-'  shift 192
	'!'  shift 193
	.  error

	const_int_expr  goto 1259
	const_int_ternary  goto 183
	const_int_or  goto 184
	const_int_and  goto 185
	const_int_cmp  goto 186
	const_int_shift  goto 187
	const_int_add  goto 188
	const_int_mul  goto 189
	const_int_unary  goto 190
	const_int_primary  goto 191

state 1013
	gd_fun_declarator:  '(' ID ')' '(' params.')' 

	')'  shift 1260
	.  error


state 1014
	params:  param_list.    (111)
	param_list:  param_list.',' param 
	param_list:  param_list.',' ELLIPSIS 
	gd_fun_declarator:  '(' ID ')' '(' param_list.',' ELLIPSIS ')' 

	','  shift 1261
	.  reduce 111 (src line 335)


state 1015
	gd_declarator:  ID '[' const_int_expr ']' '['.const_int_expr ']' 

	NUM  shift 194
	ID  shift 198
	SIZEOF  shift 196
	ALIGNOF  shift 197
	'('  shift 195
	'&'  shift 199
	'-'  shift 192
	'!'  shift 193
	.  error

	const_int_expr  goto 1262
	const_int_ternary  goto 183
	const_int_or  goto 184
	const_int_and  goto 185
	const_int_cmp  goto 186
	const_int_shift  goto 187
	const_int_add  goto 188
	const_int_mul  goto 189
	const_int_unary  goto 190
	const_int_primary  goto 191

state 1016
	gd_declarator:  ID '[' ']' '[' const_int_expr.']' 

	']'  shift 1263
	.  error


state 1017
	param_list:  param_list ',' param.    (114)

	.  reduce 114 (src line 341)


1018: shift/reduce conflict (shift 1264(0), red'n 115(0)) on ')'
state 1018
	param_list:  param_list ',' ELLIPSIS.    (115)
	gd_fun_declarator:  ID '(' param_list ',' ELLIPSIS.')' 

	')'  shift 1264
	.  reduce 115 (src line 344)


state 1019
	param:  type_specifier ID '['.const_int_expr ']' '[' const_int_expr ']' 
	param:  type_specifier ID '['.const_int_expr ']' 
	param:  type_specifier ID '['.STATIC const_int_expr ']' 
	param:  type_specifier ID '['.']' 

	NUM  shift 194
	ID  shift 198
	SIZEOF  shift 196
	STATIC  shift 1266
	ALIGNOF  shift 197
	'('  shift 195
	']'  shift 1267
	'&'  shift 199
	'-'  shift 192
	'!'  shift 193
	.  error

	const_int_expr  goto 1265
	const_int_ternary  goto 183
	const_int_or  goto 184
	const_int_and  goto 185
	const_int_cmp  goto 186
	const_int_shift  goto 187
	const_int_add  goto 188
	const_int_mul  goto 189
	const_int_unary  goto 190
	const_int_primary  goto 191

state 1020
	param:  type_specifier '*' ID.'[' ']' 
	param:  type_specifier '*' ID.    (123)

	'['  shift 1268
	.  reduce 123 (src line 365)


state 1021
	param:  type_specifier '*' '*'.ID 
	param:  type_specifier '*' '*'.'*' ID 
	param:  type_specifier '*' '*'.    (147)

	ID  shift 1269
	'*'  shift 1270
	.  reduce 147 (src line 415)


state 1022
	param:  type_specifier '*' CONST.ID 
	param:  type_specifier '*' CONST.ID '[' ']' 
	param:  type_specifier '*' CONST.'[' ']' 
	param:  type_specifier '*' CONST.ID '[' const_int_expr ']' 
	param:  type_specifier '*' CONST.'*' 
	param:  type_specifier '*' CONST.'*' ID 

	ID  shift 1271
	'*'  shift 1273
	'['  shift 1272
	.  error


state 1023
	param:  type_specifier '*' '('.'*' ID ')' '(' fp_param_types ')' 
	param:  type_specifier '*' '('.'*' ')' '(' fp_param_types ')' 

	'*'  shift 1274
	.  error


state 1024
	param:  type_specifier CONST '*'.ID 

	ID  shift 1275
	.  error


state 1025
	param:  type_specifier '(' '*'.ID ')' '(' fp_param_types ')' 
	param:  type_specifier '(' '*'.')' '(' fp_param_types ')' 

	ID  shift 1276
	')'  shift 1277
	.  error


state 1026
	param:  type_specifier '[' const_int_expr.']' 

	']'  shift 1278
	.  error


state 1027
	param:  type_specifier '[' ']'.    (193)

	.  reduce 193 (src line 491)


state 1028
	param:  STRUCT ID ID.    (126)

	.  reduce 126 (src line 371)


state 1029
	param:  STRUCT ID '*'.ID 
	param:  STRUCT ID '*'.'*' ID 
	param:  STRUCT ID '*'.CONST '*' ID 
	param:  STRUCT ID '*'.CONST '*' 
	param:  STRUCT ID '*'.    (157)
	param:  STRUCT ID '*'.'*' 
	param:  STRUCT ID '*'.'*' '*' 
	param:  STRUCT ID '*'.'(' '*' ID ')' '(' fp_param_types ')' 
	param:  STRUCT ID '*'.'(' '*' ')' '(' fp_param_types ')' 

	ID  shift 1279
	CONST  shift 1281
	'('  shift 1282
	'*'  shift 1280
	.  reduce 157 (src line 436)


1030: shift/reduce conflict (shift 1283(0), red'n 108(0)) on ID
1030: shift/reduce conflict (shift 1284(0), red'n 108(0)) on '*'
state 1030
	type_specifier:  STRUCT ID.    (108)
	param:  CONST STRUCT ID.ID 
	param:  CONST STRUCT ID.'*' ID 
	param:  CONST STRUCT ID.'*' 
	param:  CONST STRUCT ID.'*' '*' 
	param:  CONST STRUCT ID.'*' '*' ID 
	param:  CONST STRUCT ID.'[' const_int_expr ']' 
	param:  CONST STRUCT ID.ID '[' const_int_expr ']' 

	ID  shift 1283
	'*'  shift 1284
	'['  shift 1285
	.  reduce 108 (src line 326)


state 1031
	param:  CONST type_specifier '*'.ID 
	param:  CONST type_specifier '*'.CONST ID 
	param:  CONST type_specifier '*'.CONST ID '[' ']' 
	param:  CONST type_specifier '*'.CONST ID '[' const_int_expr ']' 
	param:  CONST type_specifier '*'.CONST 
	param:  CONST type_specifier '*'.    (150)
	param:  CONST type_specifier '*'.'*' 
	param:  CONST type_specifier '*'.'*' ID 
	param:  CONST type_specifier '*'.CONST '*' 
	param:  CONST type_specifier '*'.CONST '*' ID 

	ID  shift 1286
	CONST  shift 1287
	'*'  shift 1288
	.  reduce 150 (src line 421)


state 1032
	param:  CONST type_specifier ID.    (194)

	.  reduce 194 (src line 494)


state 1033
	param:  ID '*' ID.    (156)

	.  reduce 156 (src line 434)


state 1034
	param:  ENUM ID ID.    (161)

	.  reduce 161 (src line 444)


state 1035
	param:  UNSIGNED SHORT '['.const_int_expr ']' 

	NUM  shift 194
	ID  shift 198
	SIZEOF  shift 196
	ALIGNOF  shift 197
	'('  shift 195
	'&'  shift 199
	'-'  shift 192
	'!'  shift 193
	.  error

	const_int_expr  goto 1289
	const_int_ternary  goto 183
	const_int_or  goto 184
	const_int_and  goto 185
	const_int_cmp  goto 186
	const_int_shift  goto 187
	const_int_add  goto 188
	const_int_mul  goto 189
	const_int_unary  goto 190
	const_int_primary  goto 191

state 1036
	param:  UNSIGNED SHORT ID.'[' const_int_expr ']' 

	'['  shift 1290
	.  error


state 1037
	gd_declarator:  gd_pointer ID '[' const_int_expr ']'.    (772)

	.  reduce 772 (src line 2241)


state 1038
	gd_fun_declarator:  gd_pointer ID '(' params ')'.    (804)

	.  reduce 804 (src line 2320)


state 1039
	param_list:  param_list ','.param 
	param_list:  param_list ','.ELLIPSIS 
	gd_fun_declarator:  gd_pointer ID '(' param_list ','.ELLIPSIS ')' 

	ID  shift 459
	INT  shift 461
	VOID  shift 27
	CONST  shift 458
	CHAR  shift 462
	LONG  shift 463
	UNSIGNED  shift 467
	SHORT  shift 464
	FLOAT  shift 465
	DOUBLE  shift 466
	STRUCT  shift 457
	ENUM  shift 460
	UNION  shift 87
	TYPEOF  shift 37
	INT128  shift 469
	SIGNED  shift 468
	TYPENAME  shift 470
	ELLIPSIS  shift 1291
	.  error

	param  goto 1017
	type_specifier  goto 456

state 1040
	gd_declarator:  gd_pointer CONST ID '[' const_int_expr.']' 

	']'  shift 1292
	.  error


state 1041
	gd_declarator:  gd_pointer CONST ID '[' ']'.    (775)

	.  reduce 775 (src line 2247)


state 1042
	gd_fun_declarator:  gd_pointer CONST ID '(' params.')' 

	')'  shift 1293
	.  error


state 1043
	params:  param_list.    (111)
	param_list:  param_list.',' param 
	param_list:  param_list.',' ELLIPSIS 
	gd_fun_declarator:  gd_pointer CONST ID '(' param_list.',' ELLIPSIS ')' 

	','  shift 1294
	.  reduce 111 (src line 335)


state 1044
	gd_fun_declarator:  gd_pointer '(' ID ')' '('.params ')' 
	gd_fun_declarator:  gd_pointer '(' ID ')' '('.param_list ',' ELLIPSIS ')' 
	params: .    (113)

	ID  shift 459
	INT  shift 461
	VOID  shift 454
	CONST  shift 458
	CHAR  shift 462
	LONG  shift 463
	UNSIGNED  shift 467
	SHORT  shift 464
	FLOAT  shift 465
	DOUBLE  shift 466
	STRUCT  shift 457
	ENUM  shift 460
	UNION  shift 87
	TYPEOF  shift 37
	INT128  shift 469
	SIGNED  shift 468
	TYPENAME  shift 470
	.  reduce 113 (src line 338)

	params  goto 1295
	param_list  goto 1296
	param  goto 455
	type_specifier  goto 456

state 1045
	init_list:  init_list ','.init_entry 
	gd_init_declarator:  gd_declarator '=' '{' init_list ','.'}' 

	NUM  shift 168
	CHAR_LIT  shift 170
	FNUM  shift 169
	ID  shift 161
	STRING_LIT  shift 159
	SIZEOF  shift 178
	VA_ARG  shift 181
	ALIGNOF  shift 179
	GENERIC  shift 180
	INC  shift 174
	DEC  shift 175
	ANDAND  shift 177
	'('  shift 154
	'*'  shift 155
	'['  shift 776
	'.'  shift 775
	'{'  shift 777
	'}'  shift 1298
	'&'  shift 176
	'-'  shift 171
	'!'  shift 172
	'~'  shift 173
	.  error

	postfix_expr  goto 153
	init_entry  goto 1297
	assign_expr  goto 774
	expression  goto 778
	var  goto 157
	simple_expression  goto 156
	ternary_expression  goto 160
	logical_expression  goto 162
	comparison_expression  goto 163
	bitwise_expression  goto 164
	additive_expression  goto 165
	term  goto 166
	factor  goto 167
	call  goto 158

state 1046
	gd_init_declarator:  gd_declarator '=' '{' init_list '}'.    (783)

	.  reduce 783 (src line 2268)


state 1047
	init_entry:  '.' ID.'=' assign_expr 
	init_entry:  '.' ID.'.' ID '=' assign_expr 
	init_entry:  '.' ID.'.' ID '.' ID '=' assign_expr 
	init_entry:  '.' ID.'=' '{' init_list '}' 
	init_entry:  '.' ID.'=' '{' init_list ',' '}' 

	'.'  shift 1300
	'='  shift 1299
	.  error


state 1048
	init_entry:  '[' const_int_expr.']' '=' assign_expr 
	init_entry:  '[' const_int_expr.']' '=' '{' init_list '}' 

	']'  shift 1301
	.  error


state 1049
	init_list:  init_list.',' init_entry 
	init_entry:  '{' init_list.'}' 
	init_entry:  '{' init_list.',' '}' 

	','  shift 1302
	'}'  shift 1303
	.  error


state 1050
	typedef_declaration:  TYPEDEF type_specifier ID '(' fp_param_types ')'.';' 

	';'  shift 1304
	.  error


state 1051
	fp_param_type_list:  fp_param_type_list ','.fp_param_type 
	fp_param_type_list:  fp_param_type_list ','.ELLIPSIS 

	ID  shift 786
	INT  shift 26
	VOID  shift 27
	CONST  shift 784
	CHAR  shift 28
	LONG  shift 29
	UNSIGNED  shift 31
	SHORT  shift 30
	FLOAT  shift 32
	DOUBLE  shift 33
	STRUCT  shift 783
	ENUM  shift 785
	UNION  shift 87
	TYPEOF  shift 37
	INT128  shift 35
	SIGNED  shift 34
	TYPENAME  shift 36
	ELLIPSIS  shift 1306
	.  error

	fp_param_type  goto 1305
	type_specifier  goto 782

state 1052
	fp_param_type:  type_specifier '*'.    (567)
	fp_param_type:  type_specifier '*'.ID 
	fp_param_type:  type_specifier '*'.'*' 
	fp_param_type:  type_specifier '*'.'*' ID 
	fp_param_type:  type_specifier '*'.CONST '*' 
	fp_param_type:  type_specifier '*'.CONST '*' ID 

	ID  shift 1307
	CONST  shift 1309
	'*'  shift 1308
	.  reduce 567 (src line 1726)


state 1053
	fp_param_type:  type_specifier ID.    (568)

	.  reduce 568 (src line 1727)


state 1054
	fp_param_type:  type_specifier CONST.'*' 
	fp_param_type:  type_specifier CONST.'*' ID 
	fp_param_type:  type_specifier CONST.'*' '*' 
	fp_param_type:  type_specifier CONST.'*' '*' ID 

	'*'  shift 1310
	.  error


state 1055
	fp_param_type:  type_specifier '['.const_int_expr ']' 
	fp_param_type:  type_specifier '['.']' 

	NUM  shift 194
	ID  shift 198
	SIZEOF  shift 196
	ALIGNOF  shift 197
	'('  shift 195
	']'  shift 1312
	'&'  shift 199
	'-'  shift 192
	'!'  shift 193
	.  error

	const_int_expr  goto 1311
	const_int_ternary  goto 183
	const_int_or  goto 184
	const_int_and  goto 185
	const_int_cmp  goto 186
	const_int_shift  goto 187
	const_int_add  goto 188
	const_int_mul  goto 189
	const_int_unary  goto 190
	const_int_primary  goto 191

1056: shift/reduce conflict (shift 1313(0), red'n 108(0)) on '*'
state 1056
	type_specifier:  STRUCT ID.    (108)
	fp_param_type:  STRUCT ID.'*' 
	fp_param_type:  STRUCT ID.'*' ID 
	fp_param_type:  STRUCT ID.'*' '*' 
	fp_param_type:  STRUCT ID.'*' '*' ID 
	fp_param_type:  STRUCT ID.'*' '*' '*' 
	fp_param_type:  STRUCT ID.'*' '*' '*' ID 

	'*'  shift 1313
	.  reduce 108 (src line 326)


state 1057
	fp_param_type:  CONST type_specifier.'*' 
	fp_param_type:  CONST type_specifier.'*' ID 
	fp_param_type:  CONST type_specifier.ID 
	fp_param_type:  CONST type_specifier.    (583)
	fp_param_type:  CONST type_specifier.'*' '*' 
	fp_param_type:  CONST type_specifier.'*' '*' ID 
	fp_param_type:  CONST type_specifier.'*' CONST '*' 
	fp_param_type:  CONST type_specifier.'*' CONST '*' ID 

	ID  shift 1315
	'*'  shift 1314
	.  reduce 583 (src line 1742)


state 1058
	type_specifier:  STRUCT.ID 
	fp_param_type:  CONST STRUCT.ID '*' 
	fp_param_type:  CONST STRUCT.ID '*' ID 
	fp_param_type:  CONST STRUCT.ID '*' '*' 
	fp_param_type:  CONST STRUCT.ID '*' '*' ID 
	fp_param_type:  CONST STRUCT.ID '[' const_int_expr ']' 
	fp_param_type:  CONST STRUCT.ID '[' ']' 

	ID  shift 1316
	.  error


1059: shift/reduce conflict (shift 1317(0), red'n 110(0)) on ID
 1059: reduce/reduce conflict  (red'ns 110 and 600) on ')'
 1059: reduce/reduce conflict  (red'ns 110 and 600) on ','
state 1059
	type_specifier:  ENUM ID.    (110)
	fp_param_type:  ENUM ID.    (600)
	fp_param_type:  ENUM ID.ID 

	ID  shift 1317
	.  reduce 110 (src line 330)


state 1060
	fp_param_type:  ID '*'.    (602)
	fp_param_type:  ID '*'.ID 

	ID  shift 1318
	.  reduce 602 (src line 1765)


state 1061
	typedef_declaration:  TYPEDEF type_specifier ID '[' const_int_expr ']'.';' 

	';'  shift 1319
	.  error


state 1062
	typedef_declaration:  TYPEDEF type_specifier TYPENAME '[' const_int_expr ']'.';' 

	';'  shift 1320
	.  error


state 1063
	typedef_declaration:  TYPEDEF type_specifier '*' '*' ID ';'.    (473)

	.  reduce 473 (src line 1382)


state 1064
	typedef_declaration:  TYPEDEF type_specifier '*' '*' TYPENAME ';'.    (474)

	.  reduce 474 (src line 1387)


state 1065
	typedef_declaration:  TYPEDEF type_specifier '*' '(' '*' ID.')' '(' fp_param_types ')' ';' 

	')'  shift 1321
	.  error


state 1066
	typedef_declaration:  TYPEDEF type_specifier '(' '*' ID ')'.'(' fp_param_types ')' ';' 

	'('  shift 1322
	.  error


state 1067
	typedef_declaration:  TYPEDEF type_specifier '(' ID ')' '('.fp_param_types ')' ';' 
	fp_param_types: .    (562)

	ID  shift 786
	INT  shift 26
	VOID  shift 27
	CONST  shift 784
	CHAR  shift 28
	LONG  shift 29
	UNSIGNED  shift 31
	SHORT  shift 30
	FLOAT  shift 32
	DOUBLE  shift 33
	STRUCT  shift 783
	ENUM  shift 785
	UNION  shift 87
	TYPEOF  shift 37
	INT128  shift 35
	SIGNED  shift 34
	TYPENAME  shift 36
	.  reduce 562 (src line 1712)

	fp_param_types  goto 1323
	fp_param_type_list  goto 780
	fp_param_type  goto 781
	type_specifier  goto 782

state 1068
	typedef_declaration:  TYPEDEF CONST type_specifier '*' ID ';'.    (477)

	.  reduce 477 (src line 1402)


state 1069
	typedef_declaration:  TYPEDEF CONST type_specifier '*' TYPENAME ';'.    (478)

	.  reduce 478 (src line 1407)


state 1070
	typedef_declaration:  TYPEDEF CONST type_specifier '*' '*' ID.';' 

	';'  shift 1324
	.  error


state 1071
	typedef_declaration:  TYPEDEF CONST type_specifier '*' '*' TYPENAME.';' 

	';'  shift 1325
	.  error


state 1072
	typedef_declaration:  TYPEDEF CONST type_specifier '*' '(' '*'.ID ')' '(' fp_param_types ')' ';' 

	ID  shift 1326
	.  error


state 1073
	typedef_declaration:  TYPEDEF CONST type_specifier '(' '*' ID.')' '(' fp_param_types ')' ';' 

	')'  shift 1327
	.  error


state 1074
	typedef_declaration:  TYPEDEF STRUCT ID ID '[' const_int_expr.']' ';' 

	']'  shift 1328
	.  error


state 1075
	typedef_declaration:  TYPEDEF STRUCT ID TYPENAME '[' const_int_expr.']' ';' 

	']'  shift 1329
	.  error


state 1076
	typedef_declaration:  TYPEDEF STRUCT ID '*' ID ';'.    (483)

	.  reduce 483 (src line 1432)


state 1077
	typedef_declaration:  TYPEDEF STRUCT ID '*' TYPENAME ';'.    (484)

	.  reduce 484 (src line 1437)


state 1078
	typedef_declaration:  TYPEDEF STRUCT ID '{' field_list '}'.ID ';' 
	typedef_declaration:  TYPEDEF STRUCT ID '{' field_list '}'.ATTR_PACKED ID ';' 
	typedef_declaration:  TYPEDEF STRUCT ID '{' field_list '}'.';' 
	typedef_declaration:  TYPEDEF STRUCT ID '{' field_list '}'.ATTR_PACKED ';' 

	ID  shift 1330
	ATTR_PACKED  shift 1331
	';'  shift 1332
	.  error


state 1079
	typedef_declaration:  TYPEDEF STRUCT ID ATTR_PACKED '{' field_list.'}' ID ';' 
	typedef_declaration:  TYPEDEF STRUCT ID ATTR_PACKED '{' field_list.'}' ';' 
	field_list:  field_list.field 
	field_list:  field_list.STATIC_ASSERT '(' const_int_expr ',' STRING_LIT ')' ';' 
	field_list:  field_list.STATIC_ASSERT '(' const_int_expr ')' ';' 

	INT  shift 26
	VOID  shift 27
	CONST  shift 137
	CHAR  shift 28
	LONG  shift 29
	UNSIGNED  shift 31
	SHORT  shift 30
	FLOAT  shift 32
	DOUBLE  shift 33
	STRUCT  shift 136
	ENUM  shift 44
	UNION  shift 138
	TYPEOF  shift 37
	INT128  shift 35
	SIGNED  shift 34
	ALIGNAS_SPEC  shift 135
	STATIC_ASSERT  shift 303
	TYPENAME  shift 36
	'}'  shift 1333
	.  error

	field  goto 302
	type_specifier  goto 134

state 1080
	typedef_declaration:  TYPEDEF STRUCT '{' field_list '}' ID.';' 
	typedef_declaration:  TYPEDEF STRUCT '{' field_list '}' ID.'[' const_int_expr ']' ';' 

	';'  shift 1334
	'['  shift 1335
	.  error


state 1081
	typedef_declaration:  TYPEDEF STRUCT '{' field_list '}' ATTR_PACKED.ID ';' 

	ID  shift 1336
	.  error


state 1082
	typedef_declaration:  TYPEDEF STRUCT ATTR_PACKED '{' field_list '}'.ID ';' 

	ID  shift 1337
	.  error


state 1083
	typedef_declaration:  TYPEDEF STRUCT ATTR_PACKED ID '{' field_list.'}' ID ';' 
	typedef_declaration:  TYPEDEF STRUCT ATTR_PACKED ID '{' field_list.'}' ';' 
	field_list:  field_list.field 
	field_list:  field_list.STATIC_ASSERT '(' const_int_expr ',' STRING_LIT ')' ';' 
	field_list:  field_list.STATIC_ASSERT '(' const_int_expr ')' ';' 

	INT  shift 26
	VOID  shift 27
	CONST  shift 137
	CHAR  shift 28
	LONG  shift 29
	UNSIGNED  shift 31
	SHORT  shift 30
	FLOAT  shift 32
	DOUBLE  shift 33
	STRUCT  shift 136
	ENUM  shift 44
	UNION  shift 138
	TYPEOF  shift 37
	INT128  shift 35
	SIGNED  shift 34
	ALIGNAS_SPEC  shift 135
	STATIC_ASSERT  shift 303
	TYPENAME  shift 36
	'}'  shift 1338
	.  error

	field  goto 302
	type_specifier  goto 134

state 1084
	typedef_declaration:  TYPEDEF UNION ID '{' field_list '}'.ID ';' 
	typedef_declaration:  TYPEDEF UNION ID '{' field_list '}'.ATTR_PACKED ID ';' 
	typedef_declaration:  TYPEDEF UNION ID '{' field_list '}'.';' 
	typedef_declaration:  TYPEDEF UNION ID '{' field_list '}'.ATTR_PACKED ';' 

	ID  shift 1339
	ATTR_PACKED  shift 1340
	';'  shift 1341
	.  error


state 1085
	typedef_declaration:  TYPEDEF UNION ID ATTR_PACKED '{' field_list.'}' ID ';' 
	typedef_declaration:  TYPEDEF UNION ID ATTR_PACKED '{' field_list.'}' ';' 
	field_list:  field_list.field 
	field_list:  field_list.STATIC_ASSERT '(' const_int_expr ',' STRING_LIT ')' ';' 
	field_list:  field_list.STATIC_ASSERT '(' const_int_expr ')' ';' 

	INT  shift 26
	VOID  shift 27
	CONST  shift 137
	CHAR  shift 28
	LONG  shift 29
	UNSIGNED  shift 31
	SHORT  shift 30
	FLOAT  shift 32
	DOUBLE  shift 33
	STRUCT  shift 136
	ENUM  shift 44
	UNION  shift 138
	TYPEOF  shift 37
	INT128  shift 35
	SIGNED  shift 34
	ALIGNAS_SPEC  shift 135
	STATIC_ASSERT  shift 303
	TYPENAME  shift 36
	'}'  shift 1342
	.  error

	field  goto 302
	type_specifier  goto 134

state 1086
	typedef_declaration:  TYPEDEF UNION '{' field_list '}' ID.';' 

	';'  shift 1343
	.  error


state 1087
	typedef_declaration:  TYPEDEF UNION '{' field_list '}' ATTR_PACKED.ID ';' 

	ID  shift 1344
	.  error


state 1088
	typedef_declaration:  TYPEDEF UNION ATTR_PACKED '{' field_list '}'.ID ';' 

	ID  shift 1345
	.  error


state 1089
	typedef_declaration:  TYPEDEF UNION ATTR_PACKED ID '{' field_list.'}' ID ';' 
	typedef_declaration:  TYPEDEF UNION ATTR_PACKED ID '{' field_list.'}' ';' 
	field_list:  field_list.field 
	field_list:  field_list.STATIC_ASSERT '(' const_int_expr ',' STRING_LIT ')' ';' 
	field_list:  field_list.STATIC_ASSERT '(' const_int_expr ')' ';' 

	INT  shift 26
	VOID  shift 27
	CONST  shift 137
	CHAR  shift 28
	LONG  shift 29
	UNSIGNED  shift 31
	SHORT  shift 30
	FLOAT  shift 32
	DOUBLE  shift 33
	STRUCT  shift 136
	ENUM  shift 44
	UNION  shift 138
	TYPEOF  shift 37
	INT128  shift 35
	SIGNED  shift 34
	ALIGNAS_SPEC  shift 135
	STATIC_ASSERT  shift 303
	TYPENAME  shift 36
	'}'  shift 1346
	.  error

	field  goto 302
	type_specifier  goto 134

state 1090
	typedef_declaration:  TYPEDEF ENUM ID '{' enum_list '}'.ID ';' 

	ID  shift 1347
	.  error


state 1091
	typedef_declaration:  TYPEDEF ENUM '{' enum_list '}' ID.';' 

	';'  shift 1348
	.  error


state 1092
	field_list:  field_list.field 
	field_list:  field_list.STATIC_ASSERT '(' const_int_expr ',' STRING_LIT ')' ';' 
	field_list:  field_list.STATIC_ASSERT '(' const_int_expr ')' ';' 
	declaration_specifiers:  STATIC CONST STRUCT ID '{' field_list.'}' 
	declaration_specifiers:  STATIC CONST STRUCT ID '{' field_list.'}' ATTR_PACKED 

	INT  shift 26
	VOID  shift 27
	CONST  shift 137
	CHAR  shift 28
	LONG  shift 29
	UNSIGNED  shift 31
	SHORT  shift 30
	FLOAT  shift 32
	DOUBLE  shift 33
	STRUCT  shift 136
	ENUM  shift 44
	UNION  shift 138
	TYPEOF  shift 37
	INT128  shift 35
	SIGNED  shift 34
	ALIGNAS_SPEC  shift 135
	STATIC_ASSERT  shift 303
	TYPENAME  shift 36
	'}'  shift 1349
	.  error

	field  goto 302
	type_specifier  goto 134

state 1093
	declaration_specifiers:  STATIC CONST STRUCT ATTR_PACKED ID '{'.field_list '}' 

	INT  shift 26
	VOID  shift 27
	CONST  shift 137
	CHAR  shift 28
	LONG  shift 29
	UNSIGNED  shift 31
	SHORT  shift 30
	FLOAT  shift 32
	DOUBLE  shift 33
	STRUCT  shift 136
	ENUM  shift 44
	UNION  shift 138
	TYPEOF  shift 37
	INT128  shift 35
	SIGNED  shift 34
	ALIGNAS_SPEC  shift 135
	STATIC_ASSERT  shift 133
	TYPENAME  shift 36
	.  error

	field_list  goto 1350
	field  goto 132
	type_specifier  goto 134

state 1094
	field_list:  field_list.field 
	field_list:  field_list.STATIC_ASSERT '(' const_int_expr ',' STRING_LIT ')' ';' 
	field_list:  field_list.STATIC_ASSERT '(' const_int_expr ')' ';' 
	declaration_specifiers:  STATIC CONST STRUCT ATTR_PACKED '{' field_list.'}' 

	INT  shift 26
	VOID  shift 27
	CONST  shift 137
	CHAR  shift 28
	LONG  shift 29
	UNSIGNED  shift 31
	SHORT  shift 30
	FLOAT  shift 32
	DOUBLE  shift 33
	STRUCT  shift 136
	ENUM  shift 44
	UNION  shift 138
	TYPEOF  shift 37
	INT128  shift 35
	SIGNED  shift 34
	ALIGNAS_SPEC  shift 135
	STATIC_ASSERT  shift 303
	TYPENAME  shift 36
	'}'  shift 1351
	.  error

	field  goto 302
	type_specifier  goto 134

state 1095
	declaration_specifiers:  STATIC CONST STRUCT '{' field_list '}'.    (749)
	declaration_specifiers:  STATIC CONST STRUCT '{' field_list '}'.ATTR_PACKED 

	ATTR_PACKED  shift 1352
	.  reduce 749 (src line 2165)


state 1096
	declaration_specifiers:  STATIC CONST UNION '{' field_list '}'.    (759)

	.  reduce 759 (src line 2205)


state 1097
	declaration_specifiers:  STATIC STRUCT ID '{' field_list '}'.    (728)
	declaration_specifiers:  STATIC STRUCT ID '{' field_list '}'.ATTR_PACKED 

	ATTR_PACKED  shift 1353
	.  reduce 728 (src line 2095)


state 1098
	field_list:  field_list.field 
	field_list:  field_list.STATIC_ASSERT '(' const_int_expr ',' STRING_LIT ')' ';' 
	field_list:  field_list.STATIC_ASSERT '(' const_int_expr ')' ';' 
	declaration_specifiers:  STATIC STRUCT ATTR_PACKED ID '{' field_list.'}' 

	INT  shift 26
	VOID  shift 27
	CONST  shift 137
	CHAR  shift 28
	LONG  shift 29
	UNSIGNED  shift 31
	SHORT  shift 30
	FLOAT  shift 32
	DOUBLE  shift 33
	STRUCT  shift 136
	ENUM  shift 44
	UNION  shift 138
	TYPEOF  shift 37
	INT128  shift 35
	SIGNED  shift 34
	ALIGNAS_SPEC  shift 135
	STATIC_ASSERT  shift 303
	TYPENAME  shift 36
	'}'  shift 1354
	.  error

	field  goto 302
	type_specifier  goto 134

state 1099
	declaration_specifiers:  STATIC STRUCT ATTR_PACKED '{' field_list '}'.    (747)

	.  reduce 747 (src line 2157)


state 1100
	declaration_specifiers:  STATIC STRUCT '{' field_list '}' ATTR_PACKED.    (748)

	.  reduce 748 (src line 2161)


state 1101
	field_list:  field_list.field 
	field_list:  field_list.STATIC_ASSERT '(' const_int_expr ',' STRING_LIT ')' ';' 
	field_list:  field_list.STATIC_ASSERT '(' const_int_expr ')' ';' 
	declaration_specifiers:  EXTERN CONST STRUCT ID '{' field_list.'}' 
	declaration_specifiers:  EXTERN CONST STRUCT ID '{' field_list.'}' ATTR_PACKED 

	INT  shift 26
	VOID  shift 27
	CONST  shift 137
	CHAR  shift 28
	LONG  shift 29
	UNSIGNED  shift 31
	SHORT  shift 30
	FLOAT  shift 32
	DOUBLE  shift 33
	STRUCT  shift 136
	ENUM  shift 44
	UNION  shift 138
	TYPEOF  shift 37
	INT128  shift 35
	SIGNED  shift 34
	ALIGNAS_SPEC  shift 135
	STATIC_ASSERT  shift 303
	TYPENAME  shift 36
	'}'  shift 1355
	.  error

	field  goto 302
	type_specifier  goto 134

state 1102
	declaration_specifiers:  EXTERN CONST STRUCT ATTR_PACKED ID '{'.field_list '}' 

	INT  shift 26
	VOID  shift 27
	CONST  shift 137
	CHAR  shift 28
	LONG  shift 29
	UNSIGNED  shift 31
	SHORT  shift 30
	FLOAT  shift 32
	DOUBLE  shift 33
	STRUCT  shift 136
	ENUM  shift 44
	UNION  shift 138
	TYPEOF  shift 37
	INT128  shift 35
	SIGNED  shift 34
	ALIGNAS_SPEC  shift 135
	STATIC_ASSERT  shift 133
	TYPENAME  shift 36
	.  error

	field_list  goto 1356
	field  goto 132
	type_specifier  goto 134

state 1103
	declaration_specifiers:  EXTERN STRUCT ID '{' field_list '}'.    (734)
	declaration_specifiers:  EXTERN STRUCT ID '{' field_list '}'.ATTR_PACKED 

	ATTR_PACKED  shift 1357
	.  reduce 734 (src line 2113)


state 1104
	field_list:  field_list.field 
	field_list:  field_list.STATIC_ASSERT '(' const_int_expr ',' STRING_LIT ')' ';' 
	field_list:  field_list.STATIC_ASSERT '(' const_int_expr ')' ';' 
	declaration_specifiers:  EXTERN STRUCT ATTR_PACKED ID '{' field_list.'}' 

	INT  shift 26
	VOID  shift 27
	CONST  shift 137
	CHAR  shift 28
	LONG  shift 29
	UNSIGNED  shift 31
	SHORT  shift 30
	FLOAT  shift 32
	DOUBLE  shift 33
	STRUCT  shift 136
	ENUM  shift 44
	UNION  shift 138
	TYPEOF  shift 37
	INT128  shift 35
	SIGNED  shift 34
	ALIGNAS_SPEC  shift 135
	STATIC_ASSERT  shift 303
	TYPENAME  shift 36
	'}'  shift 1358
	.  error

	field  goto 302
	type_specifier  goto 134

state 1105
	declaration_specifiers:  CONST STRUCT ID '{' field_list '}'.    (740)
	declaration_specifiers:  CONST STRUCT ID '{' field_list '}'.ATTR_PACKED 

	ATTR_PACKED  shift 1359
	.  reduce 740 (src line 2131)


state 1106
	field_list:  field_list.field 
	field_list:  field_list.STATIC_ASSERT '(' const_int_expr ',' STRING_LIT ')' ';' 
	field_list:  field_list.STATIC_ASSERT '(' const_int_expr ')' ';' 
	declaration_specifiers:  CONST STRUCT ATTR_PACKED ID '{' field_list.'}' 

	INT  shift 26
	VOID  shift 27
	CONST  shift 137
	CHAR  shift 28
	LONG  shift 29
	UNSIGNED  shift 31
	SHORT  shift 30
	FLOAT  shift 32
	DOUBLE  shift 33
	STRUCT  shift 136
	ENUM  shift 44
	UNION  shift 138
	TYPEOF  shift 37
	INT128  shift 35
	SIGNED  shift 34
	ALIGNAS_SPEC  shift 135
	STATIC_ASSERT  shift 303
	TYPENAME  shift 36
	'}'  shift 1360
	.  error

	field  goto 302
	type_specifier  goto 134

state 1107
	declaration_specifiers:  CONST STRUCT ATTR_PACKED '{' field_list '}'.    (753)

	.  reduce 753 (src line 2181)


state 1108
	declaration_specifiers:  CONST STRUCT '{' field_list '}' ATTR_PACKED.    (754)

	.  reduce 754 (src line 2185)


state 1109
	declaration_specifiers:  STRUCT ID '{' field_list '}' ATTR_PACKED.    (727)

	.  reduce 727 (src line 2092)


state 1110
	declaration_specifiers:  STRUCT ID ATTR_PACKED '{' field_list '}'.    (726)

	.  reduce 726 (src line 2089)


state 1111
	declaration_specifiers:  STRUCT ATTR_PACKED ID '{' field_list '}'.    (725)

	.  reduce 725 (src line 2086)


state 1112
	struct_declaration:  STRUCT ID '{' field_list '}' ATTR_PACKED ';'.    (455)

	.  reduce 455 (src line 1310)


state 1113
	struct_declaration:  STRUCT ID ATTR_PACKED '{' field_list '}' ';'.    (454)

	.  reduce 454 (src line 1308)


state 1114
	struct_declaration:  STRUCT ID ATTR_ALIGNED '{' field_list '}' ';'.    (457)

	.  reduce 457 (src line 1314)


state 1115
	struct_declaration:  STRUCT ATTR_PACKED ID '{' field_list '}' ';'.    (453)

	.  reduce 453 (src line 1306)


state 1116
	struct_declaration:  STRUCT ATTR_ALIGNED ID '{' field_list '}' ';'.    (456)

	.  reduce 456 (src line 1312)


state 1117
	field_list:  field_list STATIC_ASSERT '(' const_int_expr ','.STRING_LIT ')' ';' 

	STRING_LIT  shift 1361
	.  error


state 1118
	field_list:  field_list STATIC_ASSERT '(' const_int_expr ')'.';' 

	';'  shift 1362
	.  error


state 1119
	field_list:  STATIC_ASSERT '(' const_int_expr ',' STRING_LIT.')' ';' 

	')'  shift 1363
	.  error


state 1120
	field:  type_specifier ID ':' const_int_expr ';'.    (613)

	.  reduce 613 (src line 1808)


state 1121
	field:  type_specifier ID '[' const_int_expr ']'.';' 
	field:  type_specifier ID '[' const_int_expr ']'.'[' const_int_expr ']' ';' 

	';'  shift 1364
	'['  shift 1365
	.  error


state 1122
	field:  type_specifier ID '[' ']' ';'.    (617)

	.  reduce 617 (src line 1821)


state 1123
	id_list:  id_list ',' ID '['.const_int_expr ']' 

	NUM  shift 194
	ID  shift 198
	SIZEOF  shift 196
	ALIGNOF  shift 197
	'('  shift 195
	'&'  shift 199
	'-'  shift 192
	'!'  shift 193
	.  error

	const_int_expr  goto 1366
	const_int_ternary  goto 183
	const_int_or  goto 184
	const_int_and  goto 185
	const_int_cmp  goto 186
	const_int_shift  goto 187
	const_int_add  goto 188
	const_int_mul  goto 189
	const_int_unary  goto 190
	const_int_primary  goto 191

state 1124
	id_list:  id_list ',' ID '='.expression 

	NUM  shift 168
	CHAR_LIT  shift 170
	FNUM  shift 169
	ID  shift 161
	STRING_LIT  shift 159
	SIZEOF  shift 178
	VA_ARG  shift 181
	ALIGNOF  shift 179
	GENERIC  shift 180
	INC  shift 174
	DEC  shift 175
	ANDAND  shift 177
	'('  shift 154
	'*'  shift 155
	'&'  shift 176
	'-'  shift 171
	'!'  shift 172
	'~'  shift 173
	.  error

	postfix_expr  goto 153
	expression  goto 1367
	var  goto 157
	simple_expression  goto 156
	ternary_expression  goto 160
	logical_expression  goto 162
	comparison_expression  goto 163
	bitwise_expression  goto 164
	additive_expression  goto 165
	term  goto 166
	factor  goto 167
	call  goto 158

state 1125
	ptr_id_list:  ptr_id_list.',' '*' ID 
	field:  type_specifier '*' ID ',' ptr_id_list.';' 

	';'  shift 1369
	','  shift 1368
	.  error


state 1126
	ptr_id_list:  '*'.ID 

	ID  shift 1370
	.  error


state 1127
	field:  type_specifier '*' ID '[' const_int_expr.']' ';' 
	field:  type_specifier '*' ID '[' const_int_expr.']' '[' const_int_expr ']' ';' 

	']'  shift 1371
	.  error


state 1128
	field:  type_specifier '*' '*' ID ';'.    (620)

	.  reduce 620 (src line 1827)


state 1129
	field:  type_specifier '*' '(' '*' ID.')' '(' fp_param_types ')' ';' 

	')'  shift 1372
	.  error


state 1130
	field:  type_specifier '(' '*' ID ')'.'(' fp_param_types ')' ';' 

	'('  shift 1373
	.  error


state 1131
	field:  type_specifier '(' '*' ID '['.const_int_expr ']' ')' '(' fp_param_types ')' ';' 

	NUM  shift 194
	ID  shift 198
	SIZEOF  shift 196
	ALIGNOF  shift 197
	'('  shift 195
	'&'  shift 199
	'-'  shift 192
	'!'  shift 193
	.  error

	const_int_expr  goto 1374
	const_int_ternary  goto 183
	const_int_or  goto 184
	const_int_and  goto 185
	const_int_cmp  goto 186
	const_int_shift  goto 187
	const_int_add  goto 188
	const_int_mul  goto 189
	const_int_unary  goto 190
	const_int_primary  goto 191

state 1132
	field:  ALIGNAS_SPEC type_specifier ID '[' const_int_expr.']' ';' 

	']'  shift 1375
	.  error


state 1133
	field:  STRUCT ID '*' ID '['.const_int_expr ']' ';' 

	NUM  shift 194
	ID  shift 198
	SIZEOF  shift 196
	ALIGNOF  shift 197
	'('  shift 195
	'&'  shift 199
	'-'  shift 192
	'!'  shift 193
	.  error

	const_int_expr  goto 1376
	const_int_ternary  goto 183
	const_int_or  goto 184
	const_int_and  goto 185
	const_int_cmp  goto 186
	const_int_shift  goto 187
	const_int_add  goto 188
	const_int_mul  goto 189
	const_int_unary  goto 190
	const_int_primary  goto 191

state 1134
	field:  STRUCT ID '*' ID ';'.    (634)

	.  reduce 634 (src line 1856)


state 1135
	field:  STRUCT ID '*' ID ','.ptr_id_list ';' 

	'*'  shift 1126
	.  error

	ptr_id_list  goto 1377

state 1136
	field:  STRUCT ID '*' CONST '*'.ID ';' 

	ID  shift 1378
	.  error


state 1137
	field:  STRUCT ID '*' '*' ID.';' 

	';'  shift 1379
	.  error


state 1138
	field:  STRUCT ID ID '[' const_int_expr.']' ';' 

	']'  shift 1380
	.  error


state 1139
	field:  STRUCT ID '{' field_list '}'.';' 
	field:  STRUCT ID '{' field_list '}'.ID ';' 
	field:  STRUCT ID '{' field_list '}'.'*' ID ';' 

	ID  shift 1382
	';'  shift 1381
	'*'  shift 1383
	.  error


state 1140
	field:  STRUCT '{' field_list '}' ';'.    (642)

	.  reduce 642 (src line 1872)


state 1141
	field:  STRUCT '{' field_list '}' ID.';' 
	field:  STRUCT '{' field_list '}' ID.'[' const_int_expr ']' ';' 

	';'  shift 1384
	'['  shift 1385
	.  error


state 1142
	field:  CONST type_specifier ID '[' const_int_expr.']' ';' 

	']'  shift 1386
	.  error


state 1143
	field:  CONST type_specifier '*' ID ';'.    (625)

	.  reduce 625 (src line 1837)


state 1144
	field:  CONST type_specifier '*' ID '['.const_int_expr ']' ';' 
	field:  CONST type_specifier '*' ID '['.']' ';' 

	NUM  shift 194
	ID  shift 198
	SIZEOF  shift 196
	ALIGNOF  shift 197
	'('  shift 195
	']'  shift 1388
	'&'  shift 199
	'-'  shift 192
	'!'  shift 193
	.  error

	const_int_expr  goto 1387
	const_int_ternary  goto 183
	const_int_or  goto 184
	const_int_and  goto 185
	const_int_cmp  goto 186
	const_int_shift  goto 187
	const_int_add  goto 188
	const_int_mul  goto 189
	const_int_unary  goto 190
	const_int_primary  goto 191

state 1145
	field:  CONST type_specifier '*' '*' ID.';' 

	';'  shift 1389
	.  error


state 1146
	field:  CONST type_specifier '*' '(' '*'.ID ')' '(' fp_param_types ')' ';' 

	ID  shift 1390
	.  error


state 1147
	field:  CONST type_specifier '(' '*' ID.')' '(' fp_param_types ')' ';' 

	')'  shift 1391
	.  error


state 1148
	field_list:  field_list.field 
	field_list:  field_list.STATIC_ASSERT '(' const_int_expr ',' STRING_LIT ')' ';' 
	field_list:  field_list.STATIC_ASSERT '(' const_int_expr ')' ';' 
	field:  CONST STRUCT ID '{' field_list.'}' '*' ID ';' 

	INT  shift 26
	VOID  shift 27
	CONST  shift 137
	CHAR  shift 28
	LONG  shift 29
	UNSIGNED  shift 31
	SHORT  shift 30
	FLOAT  shift 32
	DOUBLE  shift 33
	STRUCT  shift 136
	ENUM  shift 44
	UNION  shift 138
	TYPEOF  shift 37
	INT128  shift 35
	SIGNED  shift 34
	ALIGNAS_SPEC  shift 135
	STATIC_ASSERT  shift 303
	TYPENAME  shift 36
	'}'  shift 1392
	.  error

	field  goto 302
	type_specifier  goto 134

state 1149
	field:  UNION ID '*' ID ';'.    (641)

	.  reduce 641 (src line 1870)


state 1150
	field:  UNION ID '{' field_list '}'.ID ';' 
	field:  UNION ID '{' field_list '}'.';' 

	ID  shift 1393
	';'  shift 1394
	.  error


state 1151
	field:  UNION '{' field_list '}' ';'.    (643)

	.  reduce 643 (src line 1877)


state 1152
	field:  UNION '{' field_list '}' ID.';' 
	field:  UNION '{' field_list '}' ID.'[' const_int_expr ']' ';' 

	';'  shift 1395
	'['  shift 1396
	.  error


state 1153
	union_declaration:  UNION ID '{' field_list '}' ATTR_PACKED ';'.    (461)

	.  reduce 461 (src line 1325)


state 1154
	union_declaration:  UNION ID ATTR_PACKED '{' field_list '}' ';'.    (460)

	.  reduce 460 (src line 1323)


state 1155
	union_declaration:  UNION ATTR_PACKED ID '{' field_list '}' ';'.    (459)

	.  reduce 459 (src line 1321)


state 1156
	postfix_expr:  postfix_expr ARROW ID '(' args.')' 

	')'  shift 1397
	.  error


state 1157
	postfix_expr:  postfix_expr '.' ID '(' args.')' 

	')'  shift 1398
	.  error


state 1158
	postfix_expr:  postfix_expr '[' expression ']' '('.args ')' 
	args: .    (449)

	NUM  shift 168
	CHAR_LIT  shift 170
	FNUM  shift 169
	ID  shift 161
	STRING_LIT  shift 159
	SIZEOF  shift 178
	VA_ARG  shift 181
	ALIGNOF  shift 179
	GENERIC  shift 180
	INC  shift 174
	DEC  shift 175
	ANDAND  shift 177
	'('  shift 154
	'*'  shift 155
	'&'  shift 176
	'-'  shift 171
	'!'  shift 172
	'~'  shift 173
	.  reduce 449 (src line 1293)

	postfix_expr  goto 153
	expression  goto 152
	var  goto 157
	simple_expression  goto 156
	ternary_expression  goto 160
	logical_expression  goto 162
	comparison_expression  goto 163
	bitwise_expression  goto 164
	additive_expression  goto 165
	term  goto 166
	factor  goto 167
	call  goto 158
	args  goto 1399
	arg_list  goto 151

state 1159
	postfix_expr:  '(' expression ')' '.' ID.    (293)
	postfix_expr:  '(' expression ')' '.' ID.'(' args ')' 

	'('  shift 1400
	.  reduce 293 (src line 844)


state 1160
	postfix_expr:  '(' expression ')' ARROW ID.    (294)
	postfix_expr:  '(' expression ')' ARROW ID.'(' args ')' 

	'('  shift 1401
	.  reduce 294 (src line 847)


state 1161
	postfix_expr:  '(' expression ')' '[' expression.']' 

	']'  shift 1402
	.  error


state 1162
	postfix_expr:  '(' expression ')' '(' args.')' 

	')'  shift 1403
	.  error


state 1163
	expression:  '(' expression ')' '=' expression.    (306)

	.  reduce 306 (src line 885)


state 1164
	expression:  '(' expression ')' PLUSEQ expression.    (307)

	.  reduce 307 (src line 888)


state 1165
	expression:  '(' expression ')' MINUSEQ expression.    (308)

	.  reduce 308 (src line 890)


state 1166
	expression:  '(' expression ')' STAREQ expression.    (309)

	.  reduce 309 (src line 892)


state 1167
	expression:  '(' expression ')' ANDEQ expression.    (310)

	.  reduce 310 (src line 894)


state 1168
	expression:  '(' expression ')' OREQ expression.    (311)

	.  reduce 311 (src line 896)


state 1169
	expression:  '(' expression ')' XOREQ expression.    (312)

	.  reduce 312 (src line 898)


state 1170
	expression:  '(' expression ')' SHLEQ expression.    (313)

	.  reduce 313 (src line 900)


state 1171
	expression:  '(' expression ')' SHREQ expression.    (314)

	.  reduce 314 (src line 902)


state 1172
	expression:  '(' expression ')' DIVEQ expression.    (315)

	.  reduce 315 (src line 904)


state 1173
	expression:  '(' expression ')' MODEQ expression.    (316)

	.  reduce 316 (src line 906)


state 1174
	postfix_expr:  '(' comma_expr_list ')' ARROW ID.    (295)

	.  reduce 295 (src line 850)


state 1175
	postfix_expr:  '(' comma_expr_list ')' '.' ID.    (296)

	.  reduce 296 (src line 853)


state 1176
	init_list:  init_list.',' init_entry 
	factor:  '(' type_specifier ')' '{' init_list.'}' 
	factor:  '(' type_specifier ')' '{' init_list.',' '}' 

	','  shift 1404
	'}'  shift 1405
	.  error


state 1177
	factor:  '(' type_specifier ')' '{' '}'.    (432)

	.  reduce 432 (src line 1228)


state 1178
	factor:  '(' type_specifier '*' ')' factor.    (413)

	.  reduce 413 (src line 1156)


state 1179
	factor:  '(' type_specifier '*' ')' '{'.init_list '}' 
	factor:  '(' type_specifier '*' ')' '{'.init_list ',' '}' 

	NUM  shift 168
	CHAR_LIT  shift 170
	FNUM  shift 169
	ID  shift 161
	STRING_LIT  shift 159
	SIZEOF  shift 178
	VA_ARG  shift 181
	ALIGNOF  shift 179
	GENERIC  shift 180
	INC  shift 174
	DEC  shift 175
	ANDAND  shift 177
	'('  shift 154
	'*'  shift 155
	'['  shift 776
	'.'  shift 775
	'{'  shift 777
	'&'  shift 176
	'-'  shift 171
	'!'  shift 172
	'~'  shift 173
	.  error

	postfix_expr  goto 153
	init_list  goto 1406
	init_entry  goto 773
	assign_expr  goto 774
	expression  goto 778
	var  goto 157
	simple_expression  goto 156
	ternary_expression  goto 160
	logical_expression  goto 162
	comparison_expression  goto 163
	bitwise_expression  goto 164
	additive_expression  goto 165
	term  goto 166
	factor  goto 167
	call  goto 158

state 1180
	factor:  '(' type_specifier '*' '*' ')'.factor 

	NUM  shift 168
	CHAR_LIT  shift 170
	FNUM  shift 169
	ID  shift 161
	STRING_LIT  shift 159
	SIZEOF  shift 178
	VA_ARG  shift 181
	ALIGNOF  shift 179
	GENERIC  shift 180
	INC  shift 174
	DEC  shift 175
	ANDAND  shift 177
	'('  shift 353
	'*'  shift 355
	'&'  shift 176
	'-'  shift 171
	'!'  shift 172
	'~'  shift 173
	.  error

	postfix_expr  goto 354
	var  goto 157
	factor  goto 1407
	call  goto 158

state 1181
	factor:  '(' type_specifier '*' '(' '*'.')' '(' fp_param_types ')' ')' factor 

	')'  shift 1408
	.  error


state 1182
	factor:  '(' type_specifier '(' '*' ')'.'(' fp_param_types ')' ')' factor 

	'('  shift 1409
	.  error


state 1183
	factor:  '(' type_specifier '[' ']' ')'.'{' init_list '}' 
	factor:  '(' type_specifier '[' ']' ')'.'{' init_list ',' '}' 

	'{'  shift 1410
	.  error


state 1184
	factor:  '(' type_specifier '[' const_int_expr ']'.')' '{' init_list '}' 
	factor:  '(' type_specifier '[' const_int_expr ']'.')' '{' init_list ',' '}' 

	')'  shift 1411
	.  error


state 1185
	factor:  '(' CONST type_specifier '*' ')'.factor 

	NUM  shift 168
	CHAR_LIT  shift 170
	FNUM  shift 169
	ID  shift 161
	STRING_LIT  shift 159
	SIZEOF  shift 178
	VA_ARG  shift 181
	ALIGNOF  shift 179
	GENERIC  shift 180
	INC  shift 174
	DEC  shift 175
	ANDAND  shift 177
	'('  shift 353
	'*'  shift 355
	'&'  shift 176
	'-'  shift 171
	'!'  shift 172
	'~'  shift 173
	.  error

	postfix_expr  goto 354
	var  goto 157
	factor  goto 1412
	call  goto 158

state 1186
	factor:  '(' CONST type_specifier '*' '*'.')' factor 

	')'  shift 1413
	.  error


state 1187
	factor:  '(' STRUCT ID '*' ')'.factor 

	NUM  shift 168
	CHAR_LIT  shift 170
	FNUM  shift 169
	ID  shift 161
	STRING_LIT  shift 159
	SIZEOF  shift 178
	VA_ARG  shift 181
	ALIGNOF  shift 179
	GENERIC  shift 180
	INC  shift 174
	DEC  shift 175
	ANDAND  shift 177
	'('  shift 353
	'*'  shift 355
	'&'  shift 176
	'-'  shift 171
	'!'  shift 172
	'~'  shift 173
	.  error

	postfix_expr  goto 354
	var  goto 157
	factor  goto 1414
	call  goto 158

state 1188
	factor:  '(' STRUCT ID ')' factor.    (418)

	.  reduce 418 (src line 1166)


state 1189
	factor:  '(' STRUCT ID ')' '{'.init_list '}' 
	factor:  '(' STRUCT ID ')' '{'.init_list ',' '}' 
	factor:  '(' STRUCT ID ')' '{'.'}' 

	NUM  shift 168
	CHAR_LIT  shift 170
	FNUM  shift 169
	ID  shift 161
	STRING_LIT  shift 159
	SIZEOF  shift 178
	VA_ARG  shift 181
	ALIGNOF  shift 179
	GENERIC  shift 180
	INC  shift 174
	DEC  shift 175
	ANDAND  shift 177
	'('  shift 154
	'*'  shift 155
	'['  shift 776
	'.'  shift 775
	'{'  shift 777
	'}'  shift 1416
	'&'  shift 176
	'-'  shift 171
	'!'  shift 172
	'~'  shift 173
	.  error

	postfix_expr  goto 153
	init_list  goto 1415
	init_entry  goto 773
	assign_expr  goto 774
	expression  goto 778
	var  goto 157
	simple_expression  goto 156
	ternary_expression  goto 160
	logical_expression  goto 162
	comparison_expression  goto 163
	bitwise_expression  goto 164
	additive_expression  goto 165
	term  goto 166
	factor  goto 167
	call  goto 158

state 1190
	factor:  '(' STRUCT '{' field_list '}'.'*' ')' factor 
	factor:  '(' STRUCT '{' field_list '}'.')' factor 

	')'  shift 1418
	'*'  shift 1417
	.  error


state 1191
	factor:  '(' UNION ID ')' '{'.init_list '}' 
	factor:  '(' UNION ID ')' '{'.init_list ',' '}' 

	NUM  shift 168
	CHAR_LIT  shift 170
	FNUM  shift 169
	ID  shift 161
	STRING_LIT  shift 159
	SIZEOF  shift 178
	VA_ARG  shift 181
	ALIGNOF  shift 179
	GENERIC  shift 180
	INC  shift 174
	DEC  shift 175
	ANDAND  shift 177
	'('  shift 154
	'*'  shift 155
	'['  shift 776
	'.'  shift 775
	'{'  shift 777
	'&'  shift 176
	'-'  shift 171
	'!'  shift 172
	'~'  shift 173
	.  error

	postfix_expr  goto 153
	init_list  goto 1419
	init_entry  goto 773
	assign_expr  goto 774
	expression  goto 778
	var  goto 157
	simple_expression  goto 156
	ternary_expression  goto 160
	logical_expression  goto 162
	comparison_expression  goto 163
	bitwise_expression  goto 164
	additive_expression  goto 165
	term  goto 166
	factor  goto 167
	call  goto 158

state 1192
	factor:  '(' '{' block_item_list '}' ')'.    (440)

	.  reduce 440 (src line 1263)


state 1193
	var:  ID '[' expression ']' '['.expression ']' 

	NUM  shift 168
	CHAR_LIT  shift 170
	FNUM  shift 169
	ID  shift 161
	STRING_LIT  shift 159
	SIZEOF  shift 178
	VA_ARG  shift 181
	ALIGNOF  shift 179
	GENERIC  shift 180
	INC  shift 174
	DEC  shift 175
	ANDAND  shift 177
	'('  shift 154
	'*'  shift 155
	'&'  shift 176
	'-'  shift 171
	'!'  shift 172
	'~'  shift 173
	.  error

	postfix_expr  goto 153
	expression  goto 1420
	var  goto 157
	simple_expression  goto 156
	ternary_expression  goto 160
	logical_expression  goto 162
	comparison_expression  goto 163
	bitwise_expression  goto 164
	additive_expression  goto 165
	term  goto 166
	factor  goto 167
	call  goto 158

state 1194
	ternary_expression:  logical_expression QUESTION ternary_expression ':' ternary_expression.    (340)

	.  reduce 340 (src line 963)


 1195: reduce/reduce conflict  (red'ns 289 and 386) on ATTR_ALIAS
 1195: reduce/reduce conflict  (red'ns 289 and 386) on LE
 1195: reduce/reduce conflict  (red'ns 289 and 386) on GE
 1195: reduce/reduce conflict  (red'ns 289 and 386) on EQ
 1195: reduce/reduce conflict  (red'ns 289 and 386) on NE
 1195: reduce/reduce conflict  (red'ns 289 and 386) on LSHIFT
 1195: reduce/reduce conflict  (red'ns 289 and 386) on RSHIFT
 1195: reduce/reduce conflict  (red'ns 289 and 386) on PLUSEQ
 1195: reduce/reduce conflict  (red'ns 289 and 386) on MINUSEQ
 1195: reduce/reduce conflict  (red'ns 289 and 386) on STAREQ
 1195: reduce/reduce conflict  (red'ns 289 and 386) on ANDEQ
 1195: reduce/reduce conflict  (red'ns 289 and 386) on OREQ
 1195: reduce/reduce conflict  (red'ns 289 and 386) on SHLEQ
 1195: reduce/reduce conflict  (red'ns 289 and 386) on SHREQ
 1195: reduce/reduce conflict  (red'ns 289 and 386) on ANDAND
 1195: reduce/reduce conflict  (red'ns 289 and 386) on OROR
 1195: reduce/reduce conflict  (red'ns 289 and 386) on QUESTION
 1195: reduce/reduce conflict  (red'ns 289 and 386) on ';'
 1195: reduce/reduce conflict  (red'ns 289 and 386) on ')'
 1195: reduce/reduce conflict  (red'ns 289 and 386) on ','
 1195: reduce/reduce conflict  (red'ns 289 and 386) on '*'
 1195: reduce/reduce conflict  (red'ns 289 and 386) on ']'
 1195: reduce/reduce conflict  (red'ns 289 and 386) on '='
 1195: reduce/reduce conflict  (red'ns 289 and 386) on '}'
 1195: reduce/reduce conflict  (red'ns 289 and 386) on ':'
 1195: reduce/reduce conflict  (red'ns 289 and 386) on '&'
 1195: reduce/reduce conflict  (red'ns 289 and 386) on '|'
 1195: reduce/reduce conflict  (red'ns 289 and 386) on '^'
 1195: reduce/reduce conflict  (red'ns 289 and 386) on '<'
 1195: reduce/reduce conflict  (red'ns 289 and 386) on '>'
 1195: reduce/reduce conflict  (red'ns 289 and 386) on '+'
 1195: reduce/reduce conflict  (red'ns 289 and 386) on '-'
 1195: reduce/reduce conflict  (red'ns 289 and 386) on '/'
 1195: reduce/reduce conflict  (red'ns 289 and 386) on '%'
state 1195
	postfix_expr:  postfix_expr '[' expression ']'.    (289)
	postfix_expr:  postfix_expr '[' expression ']'.'(' args ')' 
	factor:  '&' postfix_expr '[' expression ']'.    (386)

	'('  shift 1158
	.  reduce 289 (src line 830)


state 1196
	postfix_expr:  '(' expression ')' '['.expression ']' 
	factor:  '&' '(' expression ')' '['.expression ']' 

	NUM  shift 168
	CHAR_LIT  shift 170
	FNUM  shift 169
	ID  shift 161
	STRING_LIT  shift 159
	SIZEOF  shift 178
	VA_ARG  shift 181
	ALIGNOF  shift 179
	GENERIC  shift 180
	INC  shift 174
	DEC  shift 175
	ANDAND  shift 177
	'('  shift 154
	'*'  shift 155
	'&'  shift 176
	'-'  shift 171
	'!'  shift 172
	'~'  shift 173
	.  error

	postfix_expr  goto 153
	expression  goto 1421
	var  goto 157
	simple_expression  goto 156
	ternary_expression  goto 160
	logical_expression  goto 162
	comparison_expression  goto 163
	bitwise_expression  goto 164
	additive_expression  goto 165
	term  goto 166
	factor  goto 167
	call  goto 158

state 1197
	factor:  '&' '(' STRUCT ID ')'.'{' init_list '}' 
	factor:  '&' '(' STRUCT ID ')'.'{' init_list ',' '}' 
	factor:  '&' '(' STRUCT ID ')'.'{' '}' 

	'{'  shift 1422
	.  error


 1198: reduce/reduce conflict  (red'ns 304 and 389) on ATTR_ALIAS
 1198: reduce/reduce conflict  (red'ns 304 and 389) on LE
 1198: reduce/reduce conflict  (red'ns 304 and 389) on GE
 1198: reduce/reduce conflict  (red'ns 304 and 389) on EQ
 1198: reduce/reduce conflict  (red'ns 304 and 389) on NE
 1198: reduce/reduce conflict  (red'ns 304 and 389) on LSHIFT
 1198: reduce/reduce conflict  (red'ns 304 and 389) on RSHIFT
 1198: reduce/reduce conflict  (red'ns 304 and 389) on PLUSEQ
 1198: reduce/reduce conflict  (red'ns 304 and 389) on MINUSEQ
 1198: reduce/reduce conflict  (red'ns 304 and 389) on STAREQ
 1198: reduce/reduce conflict  (red'ns 304 and 389) on ANDEQ
 1198: reduce/reduce conflict  (red'ns 304 and 389) on OREQ
 1198: reduce/reduce conflict  (red'ns 304 and 389) on SHLEQ
 1198: reduce/reduce conflict  (red'ns 304 and 389) on SHREQ
 1198: reduce/reduce conflict  (red'ns 304 and 389) on ANDAND
 1198: reduce/reduce conflict  (red'ns 304 and 389) on OROR
 1198: reduce/reduce conflict  (red'ns 304 and 389) on QUESTION
 1198: reduce/reduce conflict  (red'ns 304 and 389) on ';'
 1198: reduce/reduce conflict  (red'ns 304 and 389) on ')'
 1198: reduce/reduce conflict  (red'ns 304 and 389) on ','
 1198: reduce/reduce conflict  (red'ns 304 and 389) on '*'
 1198: reduce/reduce conflict  (red'ns 304 and 389) on ']'
 1198: reduce/reduce conflict  (red'ns 304 and 389) on '='
 1198: reduce/reduce conflict  (red'ns 304 and 389) on '}'
 1198: reduce/reduce conflict  (red'ns 304 and 389) on ':'
 1198: reduce/reduce conflict  (red'ns 304 and 389) on '&'
 1198: reduce/reduce conflict  (red'ns 304 and 389) on '|'
 1198: reduce/reduce conflict  (red'ns 304 and 389) on '^'
 1198: reduce/reduce conflict  (red'ns 304 and 389) on '<'
 1198: reduce/reduce conflict  (red'ns 304 and 389) on '>'
 1198: reduce/reduce conflict  (red'ns 304 and 389) on '+'
 1198: reduce/reduce conflict  (red'ns 304 and 389) on '-'
 1198: reduce/reduce conflict  (red'ns 304 and 389) on '/'
 1198: reduce/reduce conflict  (red'ns 304 and 389) on '%'
state 1198
	postfix_expr:  STRING_LIT '[' expression ']'.    (304)
	factor:  '&' STRING_LIT '[' expression ']'.    (389)

	.  reduce 304 (src line 877)


state 1199
	factor:  SIZEOF '(' type_specifier '*' ')'.    (392)

	.  reduce 392 (src line 1082)


state 1200
	factor:  SIZEOF '(' type_specifier '*' '*'.')' 

	')'  shift 1423
	.  error


state 1201
	factor:  SIZEOF '(' type_specifier '[' const_int_expr.']' ')' 

	']'  shift 1424
	.  error


state 1202
	factor:  SIZEOF '(' CONST type_specifier '*'.')' 

	')'  shift 1425
	.  error


state 1203
	factor:  SIZEOF '(' STRUCT ID ')'.    (396)

	.  reduce 396 (src line 1098)


state 1204
	factor:  SIZEOF '(' STRUCT ID '*'.')' 

	')'  shift 1426
	.  error


state 1205
	factor:  SIZEOF '(' UNION ID ')'.    (398)

	.  reduce 398 (src line 1102)


state 1206
	factor:  ALIGNOF '(' type_specifier '*' ')'.    (403)

	.  reduce 403 (src line 1112)


state 1207
	factor:  ALIGNOF '(' STRUCT ID ')'.    (404)

	.  reduce 404 (src line 1114)


state 1208
	factor:  GENERIC '(' expression ',' generic_assoc_list.')' 
	generic_assoc_list:  generic_assoc_list.',' generic_assoc 

	')'  shift 1427
	','  shift 1428
	.  error


state 1209
	generic_assoc_list:  generic_assoc.    (441)

	.  reduce 441 (src line 1267)


state 1210
	generic_assoc:  type_specifier.':' assign_expr 

	':'  shift 1429
	.  error


state 1211
	generic_assoc:  DEFAULT.':' assign_expr 

	':'  shift 1430
	.  error


state 1212
	factor:  VA_ARG '(' expression ',' type_specifier.')' 
	factor:  VA_ARG '(' expression ',' type_specifier.'*' ')' 
	factor:  VA_ARG '(' expression ',' type_specifier.'*' '*' ')' 

	')'  shift 1431
	'*'  shift 1432
	.  error


state 1213
	factor:  VA_ARG '(' expression ',' CONST.type_specifier '*' ')' 

	INT  shift 26
	VOID  shift 27
	CHAR  shift 28
	LONG  shift 29
	UNSIGNED  shift 31
	SHORT  shift 30
	FLOAT  shift 32
	DOUBLE  shift 33
	STRUCT  shift 92
	ENUM  shift 44
	UNION  shift 87
	TYPEOF  shift 37
	INT128  shift 35
	SIGNED  shift 34
	TYPENAME  shift 36
	.  error

	type_specifier  goto 1433

state 1214
	type_specifier:  STRUCT.ID 
	factor:  VA_ARG '(' expression ',' STRUCT.ID '*' ')' 

	ID  shift 1434
	.  error


state 1215
	declaration:  STATIC_ASSERT '(' const_int_expr ',' STRING_LIT ')' ';'.    (18)

	.  reduce 18 (src line 129)


state 1216
	const_int_ternary:  const_int_or QUESTION const_int_or ':' const_int_or.    (657)
	const_int_or:  const_int_or.OROR const_int_and 

	OROR  shift 404
	.  reduce 657 (src line 1952)


state 1217
	const_int_primary:  SIZEOF '(' type_specifier '*' ')'.    (687)

	.  reduce 687 (src line 2006)


state 1218
	const_int_primary:  SIZEOF '(' type_specifier '[' NUM.']' ')' 

	']'  shift 1435
	.  error


state 1219
	const_int_primary:  SIZEOF '(' CONST type_specifier '*'.')' 

	')'  shift 1436
	.  error


state 1220
	const_int_primary:  SIZEOF '(' ID '[' NUM.']' ')' 

	']'  shift 1437
	.  error


state 1221
	const_int_primary:  SIZEOF '(' ID '.' ID.')' 
	const_int_primary:  SIZEOF '(' ID '.' ID.'.' ID ')' 

	')'  shift 1438
	'.'  shift 1439
	.  error


state 1222
	const_int_primary:  SIZEOF '(' '(' ID ')'.'[' NUM ']' ')' 
	const_int_primary:  SIZEOF '(' '(' ID ')'.'[' const_int_expr ']' ')' 

	'['  shift 1440
	.  error


state 1223
	const_int_primary:  SIZEOF '(' '(' ID '.'.ID '.' ID ')' ')' 
	const_int_primary:  SIZEOF '(' '(' ID '.'.ID ')' ')' 

	ID  shift 1441
	.  error


state 1224
	const_int_primary:  SIZEOF '(' '(' '(' ID.'.' ID '.' ID ')' ')' '[' const_int_expr ']' ')' 
	const_int_primary:  SIZEOF '(' '(' '(' ID.'.' ID ')' ')' '[' const_int_expr ']' ')' 

	'.'  shift 1442
	.  error


state 1225
	const_int_primary:  ALIGNOF '(' type_specifier '*' ')'.    (701)

	.  reduce 701 (src line 2025)


state 1226
	const_int_primary:  ALIGNOF '(' STRUCT ID ')'.    (702)

	.  reduce 702 (src line 2026)


state 1227
	const_int_primary:  '&' '(' '(' type_specifier '*'.')' NUM ')' ARROW ID 
	const_int_primary:  '&' '(' '(' type_specifier '*'.')' NUM ')' '.' ID 

	')'  shift 1443
	.  error


state 1228
	block_item_list:  block_item_list declaration_specifiers local_fun_proto ';'.    (203)

	.  reduce 203 (src line 523)


state 1229
	block_item_list:  block_item_list declaration_specifiers local_fun_proto ATTR_WEAK.';' 

	';'  shift 1444
	.  error


state 1230
	block_item_list:  block_item_list declaration_specifiers local_fun_proto ATTR_SECTION.';' 

	';'  shift 1445
	.  error


state 1231
	block_item_list:  block_item_list declaration_specifiers local_fun_proto ATTR_ALIGNED.';' 

	';'  shift 1446
	.  error


state 1232
	local_fun_proto:  ID '('.local_params ')' 
	local_params: .    (529)

	INT  shift 26
	VOID  shift 27
	CONST  shift 1452
	CHAR  shift 28
	LONG  shift 29
	UNSIGNED  shift 31
	SHORT  shift 30
	FLOAT  shift 32
	DOUBLE  shift 33
	STRUCT  shift 1451
	ENUM  shift 44
	UNION  shift 87
	TYPEOF  shift 37
	INT128  shift 35
	SIGNED  shift 34
	TYPENAME  shift 36
	.  reduce 529 (src line 1670)

	type_specifier  goto 1450
	local_params  goto 1447
	local_param_list  goto 1448
	local_param  goto 1449

state 1233
	local_fun_proto:  gd_pointer ID.'(' local_params ')' 
	gd_declarator:  gd_pointer ID.    (766)
	gd_declarator:  gd_pointer ID.'[' const_int_expr ']' 
	gd_declarator:  gd_pointer ID.'[' ']' 

	'('  shift 1453
	'['  shift 471
	.  reduce 766 (src line 2229)


state 1234
	local_fun_proto:  gd_pointer CONST.ID '(' local_params ')' 
	gd_declarator:  gd_pointer CONST.ID 
	gd_declarator:  gd_pointer CONST.ID '[' const_int_expr ']' 
	gd_declarator:  gd_pointer CONST.ID '[' ']' 

	ID  shift 1454
	.  error


state 1235
	local_fun_proto:  '(' ID.')' '(' local_params ')' 

	')'  shift 1455
	.  error


state 1236
	block_item_list:  block_item_list STRUCT ID ';'.    (207)

	.  reduce 207 (src line 531)


state 1237
	block_item_list:  block_item_list UNION ID ';'.    (208)

	.  reduce 208 (src line 533)


state 1238
	block_item_list:  block_item_list ENUM ID ';'.    (209)

	.  reduce 209 (src line 535)


state 1239
	block_item_list:  block_item_list ENUM ID '{'.enum_list '}' ';' 

	ID  shift 149
	.  error

	enum_list  goto 1456
	enum_member  goto 148

state 1240
	block_item_list:  block_item_list ENUM '{' enum_list.'}' ';' 
	enum_list:  enum_list.',' enum_member 
	enum_list:  enum_list.',' 

	','  shift 325
	'}'  shift 1457
	.  error


state 1241
	block_item_list:  block_item_list ASM_KW '(' args.')' ';' 

	')'  shift 1458
	.  error


state 1242
	block_item_list:  block_item_list STATIC_ASSERT '(' const_int_expr.',' STRING_LIT ')' ';' 
	block_item_list:  block_item_list STATIC_ASSERT '(' const_int_expr.')' ';' 

	')'  shift 1460
	','  shift 1459
	.  error


state 1243
	statement:  ID ':' statement.    (250)

	.  reduce 250 (src line 671)


state 1244
	selection_stmt:  IF '(' expression.')' statement 
	selection_stmt:  IF '(' expression.')' statement ELSE statement 

	')'  shift 1461
	.  error


state 1245
	iteration_stmt:  WHILE '(' expression.')' statement 
	comma_expr_list:  expression.',' expression 

	')'  shift 1462
	','  shift 612
	.  error


state 1246
	iteration_stmt:  WHILE '(' comma_expr_list.')' statement 
	comma_expr_list:  comma_expr_list.',' expression 

	')'  shift 1463
	','  shift 614
	.  error


state 1247
	for_stmt:  FOR '(' opt_expression.';' opt_expression ';' opt_expression ')' statement 
	for_stmt:  FOR '(' opt_expression.';' opt_expression ';' expression ',' expression ')' statement 
	for_stmt:  FOR '(' opt_expression.';' opt_expression ';' expression ',' expression ',' expression ')' statement 

	';'  shift 1464
	.  error


state 1248
	for_stmt:  FOR '(' var_declaration.opt_expression ';' opt_expression ')' statement 
	for_stmt:  FOR '(' var_declaration.opt_expression ';' expression ',' expression ')' statement 
	for_stmt:  FOR '(' var_declaration.opt_expression ';' expression ',' expression ',' expression ')' statement 
	opt_expression: .    (279)

	NUM  shift 168
	CHAR_LIT  shift 170
	FNUM  shift 169
	ID  shift 161
	STRING_LIT  shift 159
	SIZEOF  shift 178
	VA_ARG  shift 181
	ALIGNOF  shift 179
	GENERIC  shift 180
	INC  shift 174
	DEC  shift 175
	ANDAND  shift 177
	'('  shift 154
	'*'  shift 155
	'&'  shift 176
	'-'  shift 171
	'!'  shift 172
	'~'  shift 173
	.  reduce 279 (src line 804)

	postfix_expr  goto 153
	opt_expression  goto 1465
	expression  goto 1466
	var  goto 157
	simple_expression  goto 156
	ternary_expression  goto 160
	logical_expression  goto 162
	comparison_expression  goto 163
	bitwise_expression  goto 164
	additive_expression  goto 165
	term  goto 166
	factor  goto 167
	call  goto 158

state 1249
	for_stmt:  FOR '(' expression.',' expression ';' opt_expression ';' opt_expression ')' statement 
	for_stmt:  FOR '(' expression.',' expression ',' expression ';' opt_expression ';' opt_expression ')' statement 
	for_stmt:  FOR '(' expression.',' expression ';' opt_expression ';' expression ',' expression ')' statement 
	for_stmt:  FOR '(' expression.',' expression ',' expression ';' opt_expression ';' expression ',' expression ')' statement 
	opt_expression:  expression.    (278)

	','  shift 1467
	.  reduce 278 (src line 802)


state 1250
	do_while_stmt:  DO statement WHILE.'(' expression ')' ';' 

	'('  shift 1468
	.  error


state 1251
	switch_stmt:  SWITCH '(' expression.')' '{' case_list '}' 

	')'  shift 1469
	.  error


state 1252
	return_stmt:  RETURN expression ';'.    (281)

	.  reduce 281 (src line 810)


state 1253
	goto_stmt:  GOTO ID ';'.    (274)

	.  reduce 274 (src line 785)


state 1254
	goto_stmt:  GOTO '*' expression.';' 

	';'  shift 1470
	.  error


state 1255
	declaration:  declaration_specifiers '(' '*' ID '[' ']' ')'.'(' fp_param_types ')' ';' 
	declaration:  declaration_specifiers '(' '*' ID '[' ']' ')'.'(' fp_param_types ')' ATTR_WEAK ';' 

	'('  shift 1471
	.  error


state 1256
	gd_declarator:  '(' '*' ID '[' const_int_expr ']'.')' '(' fp_param_types ')' 

	')'  shift 1472
	.  error


state 1257
	gd_declarator:  '(' '*' ID ')' '(' fp_param_types.')' 

	')'  shift 1473
	.  error


state 1258
	gd_declarator:  '(' '*' '*' ID ')' '('.fp_param_types ')' 
	fp_param_types: .    (562)

	ID  shift 786
	INT  shift 26
	VOID  shift 27
	CONST  shift 784
	CHAR  shift 28
	LONG  shift 29
	UNSIGNED  shift 31
	SHORT  shift 30
	FLOAT  shift 32
	DOUBLE  shift 33
	STRUCT  shift 783
	ENUM  shift 785
	UNION  shift 87
	TYPEOF  shift 37
	INT128  shift 35
	SIGNED  shift 34
	TYPENAME  shift 36
	.  reduce 562 (src line 1712)

	fp_param_types  goto 1474
	fp_param_type_list  goto 780
	fp_param_type  goto 781
	type_specifier  goto 782

state 1259
	gd_declarator:  '(' '*' '(' ID '[' const_int_expr.']' ')' ')' '(' fp_param_types ')' 

	']'  shift 1475
	.  error


state 1260
	gd_fun_declarator:  '(' ID ')' '(' params ')'.    (806)

	.  reduce 806 (src line 2326)


state 1261
	param_list:  param_list ','.param 
	param_list:  param_list ','.ELLIPSIS 
	gd_fun_declarator:  '(' ID ')' '(' param_list ','.ELLIPSIS ')' 

	ID  shift 459
	INT  shift 461
	VOID  shift 27
	CONST  shift 458
	CHAR  shift 462
	LONG  shift 463
	UNSIGNED  shift 467
	SHORT  shift 464
	FLOAT  shift 465
	DOUBLE  shift 466
	STRUCT  shift 457
	ENUM  shift 460
	UNION  shift 87
	TYPEOF  shift 37
	INT128  shift 469
	SIGNED  shift 468
	TYPENAME  shift 470
	ELLIPSIS  shift 1476
	.  error

	param  goto 1017
	type_specifier  goto 456

state 1262
	gd_declarator:  ID '[' const_int_expr ']' '[' const_int_expr.']' 

	']'  shift 1477
	.  error


state 1263
	gd_declarator:  ID '[' ']' '[' const_int_expr ']'.    (771)

	.  reduce 771 (src line 2239)


state 1264
	gd_fun_declarator:  ID '(' param_list ',' ELLIPSIS ')'.    (803)

	.  reduce 803 (src line 2317)


state 1265
	param:  type_specifier ID '[' const_int_expr.']' '[' const_int_expr ']' 
	param:  type_specifier ID '[' const_int_expr.']' 

	']'  shift 1478
	.  error


state 1266
	param:  type_specifier ID '[' STATIC.const_int_expr ']' 

	NUM  shift 194
	ID  shift 198
	SIZEOF  shift 196
	ALIGNOF  shift 197
	'('  shift 195
	'&'  shift 199
	'-'  shift 192
	'!'  shift 193
	.  error

	const_int_expr  goto 1479
	const_int_ternary  goto 183
	const_int_or  goto 184
	const_int_and  goto 185
	const_int_cmp  goto 186
	const_int_shift  goto 187
	const_int_add  goto 188
	const_int_mul  goto 189
	const_int_unary  goto 190
	const_int_primary  goto 191

state 1267
	param:  type_specifier ID '[' ']'.    (121)

	.  reduce 121 (src line 361)


state 1268
	param:  type_specifier '*' ID '['.']' 

	']'  shift 1480
	.  error


state 1269
	param:  type_specifier '*' '*' ID.    (124)

	.  reduce 124 (src line 367)


state 1270
	param:  type_specifier '*' '*' '*'.ID 

	ID  shift 1481
	.  error


state 1271
	param:  type_specifier '*' CONST ID.    (139)
	param:  type_specifier '*' CONST ID.'[' ']' 
	param:  type_specifier '*' CONST ID.'[' const_int_expr ']' 

	'['  shift 1482
	.  reduce 139 (src line 399)


state 1272
	param:  type_specifier '*' CONST '['.']' 

	']'  shift 1483
	.  error


state 1273
	param:  type_specifier '*' CONST '*'.    (148)
	param:  type_specifier '*' CONST '*'.ID 

	ID  shift 1484
	.  reduce 148 (src line 417)


state 1274
	param:  type_specifier '*' '(' '*'.ID ')' '(' fp_param_types ')' 
	param:  type_specifier '*' '(' '*'.')' '(' fp_param_types ')' 

	ID  shift 1485
	')'  shift 1486
	.  error


state 1275
	param:  type_specifier CONST '*' ID.    (137)

	.  reduce 137 (src line 393)


state 1276
	param:  type_specifier '(' '*' ID.')' '(' fp_param_types ')' 

	')'  shift 1487
	.  error


state 1277
	param:  type_specifier '(' '*' ')'.'(' fp_param_types ')' 

	'('  shift 1488
	.  error


state 1278
	param:  type_specifier '[' const_int_expr ']'.    (192)

	.  reduce 192 (src line 489)


state 1279
	param:  STRUCT ID '*' ID.    (132)

	.  reduce 132 (src line 383)


state 1280
	param:  STRUCT ID '*' '*'.ID 
	param:  STRUCT ID '*' '*'.    (158)
	param:  STRUCT ID '*' '*'.'*' 

	ID  shift 1489
	'*'  shift 1490
	.  reduce 158 (src line 438)


state 1281
	param:  STRUCT ID '*' CONST.'*' ID 
	param:  STRUCT ID '*' CONST.'*' 

	'*'  shift 1491
	.  error


state 1282
	param:  STRUCT ID '*' '('.'*' ID ')' '(' fp_param_types ')' 
	param:  STRUCT ID '*' '('.'*' ')' '(' fp_param_types ')' 

	'*'  shift 1492
	.  error


state 1283
	param:  CONST STRUCT ID ID.    (127)
	param:  CONST STRUCT ID ID.'[' const_int_expr ']' 

	'['  shift 1493
	.  reduce 127 (src line 373)


state 1284
	param:  CONST STRUCT ID '*'.ID 
	param:  CONST STRUCT ID '*'.    (129)
	param:  CONST STRUCT ID '*'.'*' 
	param:  CONST STRUCT ID '*'.'*' ID 

	ID  shift 1494
	'*'  shift 1495
	.  reduce 129 (src line 377)


state 1285
	param:  CONST STRUCT ID '['.const_int_expr ']' 

	NUM  shift 194
	ID  shift 198
	SIZEOF  shift 196
	ALIGNOF  shift 197
	'('  shift 195
	'&'  shift 199
	'-'  shift 192
	'!'  shift 193
	.  error

	const_int_expr  goto 1496
	const_int_ternary  goto 183
	const_int_or  goto 184
	const_int_and  goto 185
	const_int_cmp  goto 186
	const_int_shift  goto 187
	const_int_add  goto 188
	const_int_mul  goto 189
	const_int_unary  goto 190
	const_int_primary  goto 191

state 1286
	param:  CONST type_specifier '*' ID.    (136)

	.  reduce 136 (src line 391)


state 1287
	param:  CONST type_specifier '*' CONST.ID 
	param:  CONST type_specifier '*' CONST.ID '[' ']' 
	param:  CONST type_specifier '*' CONST.ID '[' const_int_expr ']' 
	param:  CONST type_specifier '*' CONST.    (143)
	param:  CONST type_specifier '*' CONST.'*' 
	param:  CONST type_specifier '*' CONST.'*' ID 

	ID  shift 1497
	'*'  shift 1498
	.  reduce 143 (src line 407)


state 1288
	param:  CONST type_specifier '*' '*'.    (151)
	param:  CONST type_specifier '*' '*'.ID 

	ID  shift 1499
	.  reduce 151 (src line 423)


state 1289
	param:  UNSIGNED SHORT '[' const_int_expr.']' 

	']'  shift 1500
	.  error


state 1290
	param:  UNSIGNED SHORT ID '['.const_int_expr ']' 

	NUM  shift 194
	ID  shift 198
	SIZEOF  shift 196
	ALIGNOF  shift 197
	'('  shift 195
	'&'  shift 199
	'-'  shift 192
	'!'  shift 193
	.  error

	const_int_expr  goto 1501
	const_int_ternary  goto 183
	const_int_or  goto 184
	const_int_and  goto 185
	const_int_cmp  goto 186
	const_int_shift  goto 187
	const_int_add  goto 188
	const_int_mul  goto 189
	const_int_unary  goto 190
	const_int_primary  goto 191

1291: shift/reduce conflict (shift 1502(0), red'n 115(0)) on ')'
state 1291
	param_list:  param_list ',' ELLIPSIS.    (115)
	gd_fun_declarator:  gd_pointer ID '(' param_list ',' ELLIPSIS.')' 

	')'  shift 1502
	.  reduce 115 (src line 344)


state 1292
	gd_declarator:  gd_pointer CONST ID '[' const_int_expr ']'.    (774)

	.  reduce 774 (src line 2245)


state 1293
	gd_fun_declarator:  gd_pointer CONST ID '(' params ')'.    (810)

	.  reduce 810 (src line 2336)


state 1294
	param_list:  param_list ','.param 
	param_list:  param_list ','.ELLIPSIS 
	gd_fun_declarator:  gd_pointer CONST ID '(' param_list ','.ELLIPSIS ')' 

	ID  shift 459
	INT  shift 461
	VOID  shift 27
	CONST  shift 458
	CHAR  shift 462
	LONG  shift 463
	UNSIGNED  shift 467
	SHORT  shift 464
	FLOAT  shift 465
	DOUBLE  shift 466
	STRUCT  shift 457
	ENUM  shift 460
	UNION  shift 87
	TYPEOF  shift 37
	INT128  shift 469
	SIGNED  shift 468
	TYPENAME  shift 470
	ELLIPSIS  shift 1503
	.  error

	param  goto 1017
	type_specifier  goto 456

state 1295
	gd_fun_declarator:  gd_pointer '(' ID ')' '(' params.')' 

	')'  shift 1504
	.  error


state 1296
	params:  param_list.    (111)
	param_list:  param_list.',' param 
	param_list:  param_list.',' ELLIPSIS 
	gd_fun_declarator:  gd_pointer '(' ID ')' '(' param_list.',' ELLIPSIS ')' 

	','  shift 1505
	.  reduce 111 (src line 335)


state 1297
	init_list:  init_list ',' init_entry.    (48)

	.  reduce 48 (src line 226)


state 1298
	gd_init_declarator:  gd_declarator '=' '{' init_list ',' '}'.    (784)

	.  reduce 784 (src line 2270)


state 1299
	init_entry:  '.' ID '='.assign_expr 
	init_entry:  '.' ID '='.'{' init_list '}' 
	init_entry:  '.' ID '='.'{' init_list ',' '}' 

	NUM  shift 168
	CHAR_LIT  shift 170
	FNUM  shift 169
	ID  shift 161
	STRING_LIT  shift 159
	SIZEOF  shift 178
	VA_ARG  shift 181
	ALIGNOF  shift 179
	GENERIC  shift 180
	INC  shift 174
	DEC  shift 175
	ANDAND  shift 177
	'('  shift 154
	'*'  shift 155
	'{'  shift 1507
	'&'  shift 176
	'-'  shift 171
	'!'  shift 172
	'~'  shift 173
	.  error

	postfix_expr  goto 153
	assign_expr  goto 1506
	expression  goto 778
	var  goto 157
	simple_expression  goto 156
	ternary_expression  goto 160
	logical_expression  goto 162
	comparison_expression  goto 163
	bitwise_expression  goto 164
	additive_expression  goto 165
	term  goto 166
	factor  goto 167
	call  goto 158

state 1300
	init_entry:  '.' ID '.'.ID '=' assign_expr 
	init_entry:  '.' ID '.'.ID '.' ID '=' assign_expr 

	ID  shift 1508
	.  error


state 1301
	init_entry:  '[' const_int_expr ']'.'=' assign_expr 
	init_entry:  '[' const_int_expr ']'.'=' '{' init_list '}' 

	'='  shift 1509
	.  error


state 1302
	init_list:  init_list ','.init_entry 
	init_entry:  '{' init_list ','.'}' 

	NUM  shift 168
	CHAR_LIT  shift 170
	FNUM  shift 169
	ID  shift 161
	STRING_LIT  shift 159
	SIZEOF  shift 178
	VA_ARG  shift 181
	ALIGNOF  shift 179
	GENERIC  shift 180
	INC  shift 174
	DEC  shift 175
	ANDAND  shift 177
	'('  shift 154
	'*'  shift 155
	'['  shift 776
	'.'  shift 775
	'{'  shift 777
	'}'  shift 1510
	'&'  shift 176
	'-'  shift 171
	'!'  shift 172
	'~'  shift 173
	.  error

	postfix_expr  goto 153
	init_entry  goto 1297
	assign_expr  goto 774
	expression  goto 778
	var  goto 157
	simple_expression  goto 156
	ternary_expression  goto 160
	logical_expression  goto 162
	comparison_expression  goto 163
	bitwise_expression  goto 164
	additive_expression  goto 165
	term  goto 166
	factor  goto 167
	call  goto 158

state 1303
	init_entry:  '{' init_list '}'.    (57)

	.  reduce 57 (src line 258)


state 1304
	typedef_declaration:  TYPEDEF type_specifier ID '(' fp_param_types ')' ';'.    (493)

	.  reduce 493 (src line 1491)


state 1305
	fp_param_type_list:  fp_param_type_list ',' fp_param_type.    (563)

	.  reduce 563 (src line 1715)


state 1306
	fp_param_type_list:  fp_param_type_list ',' ELLIPSIS.    (564)

	.  reduce 564 (src line 1718)


state 1307
	fp_param_type:  type_specifier '*' ID.    (569)

	.  reduce 569 (src line 1728)


state 1308
	fp_param_type:  type_specifier '*' '*'.    (590)
	fp_param_type:  type_specifier '*' '*'.ID 

	ID  shift 1511
	.  reduce 590 (src line 1750)


state 1309
	fp_param_type:  type_specifier '*' CONST.'*' 
	fp_param_type:  type_specifier '*' CONST.'*' ID 

	'*'  shift 1512
	.  error


state 1310
	fp_param_type:  type_specifier CONST '*'.    (578)
	fp_param_type:  type_specifier CONST '*'.ID 
	fp_param_type:  type_specifier CONST '*'.'*' 
	fp_param_type:  type_specifier CONST '*'.'*' ID 

	ID  shift 1513
	'*'  shift 1514
	.  reduce 578 (src line 1737)


state 1311
	fp_param_type:  type_specifier '[' const_int_expr.']' 

	']'  shift 1515
	.  error


state 1312
	fp_param_type:  type_specifier '[' ']'.    (581)

	.  reduce 581 (src line 1740)


state 1313
	fp_param_type:  STRUCT ID '*'.    (570)
	fp_param_type:  STRUCT ID '*'.ID 
	fp_param_type:  STRUCT ID '*'.'*' 
	fp_param_type:  STRUCT ID '*'.'*' ID 
	fp_param_type:  STRUCT ID '*'.'*' '*' 
	fp_param_type:  STRUCT ID '*'.'*' '*' ID 

	ID  shift 1516
	'*'  shift 1517
	.  reduce 570 (src line 1729)


state 1314
	fp_param_type:  CONST type_specifier '*'.    (576)
	fp_param_type:  CONST type_specifier '*'.ID 
	fp_param_type:  CONST type_specifier '*'.'*' 
	fp_param_type:  CONST type_specifier '*'.'*' ID 
	fp_param_type:  CONST type_specifier '*'.CONST '*' 
	fp_param_type:  CONST type_specifier '*'.CONST '*' ID 

	ID  shift 1518
	CONST  shift 1520
	'*'  shift 1519
	.  reduce 576 (src line 1735)


state 1315
	fp_param_type:  CONST type_specifier ID.    (582)

	.  reduce 582 (src line 1741)


1316: shift/reduce conflict (shift 1521(0), red'n 108(0)) on '*'
state 1316
	type_specifier:  STRUCT ID.    (108)
	fp_param_type:  CONST STRUCT ID.'*' 
	fp_param_type:  CONST STRUCT ID.'*' ID 
	fp_param_type:  CONST STRUCT ID.'*' '*' 
	fp_param_type:  CONST STRUCT ID.'*' '*' ID 
	fp_param_type:  CONST STRUCT ID.'[' const_int_expr ']' 
	fp_param_type:  CONST STRUCT ID.'[' ']' 

	'*'  shift 1521
	'['  shift 1522
	.  reduce 108 (src line 326)


state 1317
	fp_param_type:  ENUM ID ID.    (601)

	.  reduce 601 (src line 1763)


state 1318
	fp_param_type:  ID '*' ID.    (603)

	.  reduce 603 (src line 1766)


state 1319
	typedef_declaration:  TYPEDEF type_specifier ID '[' const_int_expr ']' ';'.    (519)

	.  reduce 519 (src line 1641)


state 1320
	typedef_declaration:  TYPEDEF type_specifier TYPENAME '[' const_int_expr ']' ';'.    (520)

	.  reduce 520 (src line 1643)


state 1321
	typedef_declaration:  TYPEDEF type_specifier '*' '(' '*' ID ')'.'(' fp_param_types ')' ';' 

	'('  shift 1523
	.  error


state 1322
	typedef_declaration:  TYPEDEF type_specifier '(' '*' ID ')' '('.fp_param_types ')' ';' 
	fp_param_types: .    (562)

	ID  shift 786
	INT  shift 26
	VOID  shift 27
	CONST  shift 784
	CHAR  shift 28
	LONG  shift 29
	UNSIGNED  shift 31
	SHORT  shift 30
	FLOAT  shift 32
	DOUBLE  shift 33
	STRUCT  shift 783
	ENUM  shift 785
	UNION  shift 87
	TYPEOF  shift 37
	INT128  shift 35
	SIGNED  shift 34
	TYPENAME  shift 36
	.  reduce 562 (src line 1712)

	fp_param_types  goto 1524
	fp_param_type_list  goto 780
	fp_param_type  goto 781
	type_specifier  goto 782

state 1323
	typedef_declaration:  TYPEDEF type_specifier '(' ID ')' '(' fp_param_types.')' ';' 

	')'  shift 1525
	.  error


state 1324
	typedef_declaration:  TYPEDEF CONST type_specifier '*' '*' ID ';'.    (479)

	.  reduce 479 (src line 1412)


state 1325
	typedef_declaration:  TYPEDEF CONST type_specifier '*' '*' TYPENAME ';'.    (480)

	.  reduce 480 (src line 1417)


state 1326
	typedef_declaration:  TYPEDEF CONST type_specifier '*' '(' '*' ID.')' '(' fp_param_types ')' ';' 

	')'  shift 1526
	.  error


state 1327
	typedef_declaration:  TYPEDEF CONST type_specifier '(' '*' ID ')'.'(' fp_param_types ')' ';' 

	'('  shift 1527
	.  error


state 1328
	typedef_declaration:  TYPEDEF STRUCT ID ID '[' const_int_expr ']'.';' 

	';'  shift 1528
	.  error


state 1329
	typedef_declaration:  TYPEDEF STRUCT ID TYPENAME '[' const_int_expr ']'.';' 

	';'  shift 1529
	.  error


state 1330
	typedef_declaration:  TYPEDEF STRUCT ID '{' field_list '}' ID.';' 

	';'  shift 1530
	.  error


state 1331
	typedef_declaration:  TYPEDEF STRUCT ID '{' field_list '}' ATTR_PACKED.ID ';' 
	typedef_declaration:  TYPEDEF STRUCT ID '{' field_list '}' ATTR_PACKED.';' 

	ID  shift 1531
	';'  shift 1532
	.  error


state 1332
	typedef_declaration:  TYPEDEF STRUCT ID '{' field_list '}' ';'.    (509)

	.  reduce 509 (src line 1596)


state 1333
	typedef_declaration:  TYPEDEF STRUCT ID ATTR_PACKED '{' field_list '}'.ID ';' 
	typedef_declaration:  TYPEDEF STRUCT ID ATTR_PACKED '{' field_list '}'.';' 

	ID  shift 1533
	';'  shift 1534
	.  error


state 1334
	typedef_declaration:  TYPEDEF STRUCT '{' field_list '}' ID ';'.    (494)

	.  reduce 494 (src line 1497)


state 1335
	typedef_declaration:  TYPEDEF STRUCT '{' field_list '}' ID '['.const_int_expr ']' ';' 

	NUM  shift 194
	ID  shift 198
	SIZEOF  shift 196
	ALIGNOF  shift 197
	'('  shift 195
	'&'  shift 199
	'-'  shift 192
	'!'  shift 193
	.  error

	const_int_expr  goto 1535
	const_int_ternary  goto 183
	const_int_or  goto 184
	const_int_and  goto 185
	const_int_cmp  goto 186
	const_int_shift  goto 187
	const_int_add  goto 188
	const_int_mul  goto 189
	const_int_unary  goto 190
	const_int_primary  goto 191

state 1336
	typedef_declaration:  TYPEDEF STRUCT '{' field_list '}' ATTR_PACKED ID.';' 

	';'  shift 1536
	.  error


state 1337
	typedef_declaration:  TYPEDEF STRUCT ATTR_PACKED '{' field_list '}' ID.';' 

	';'  shift 1537
	.  error


state 1338
	typedef_declaration:  TYPEDEF STRUCT ATTR_PACKED ID '{' field_list '}'.ID ';' 
	typedef_declaration:  TYPEDEF STRUCT ATTR_PACKED ID '{' field_list '}'.';' 

	ID  shift 1538
	';'  shift 1539
	.  error


state 1339
	typedef_declaration:  TYPEDEF UNION ID '{' field_list '}' ID.';' 

	';'  shift 1540
	.  error


state 1340
	typedef_declaration:  TYPEDEF UNION ID '{' field_list '}' ATTR_PACKED.ID ';' 
	typedef_declaration:  TYPEDEF UNION ID '{' field_list '}' ATTR_PACKED.';' 

	ID  shift 1541
	';'  shift 1542
	.  error


state 1341
	typedef_declaration:  TYPEDEF UNION ID '{' field_list '}' ';'.    (513)

	.  reduce 513 (src line 1616)


state 1342
	typedef_declaration:  TYPEDEF UNION ID ATTR_PACKED '{' field_list '}'.ID ';' 
	typedef_declaration:  TYPEDEF UNION ID ATTR_PACKED '{' field_list '}'.';' 

	ID  shift 1543
	';'  shift 1544
	.  error


state 1343
	typedef_declaration:  TYPEDEF UNION '{' field_list '}' ID ';'.    (498)

	.  reduce 498 (src line 1526)


state 1344
	typedef_declaration:  TYPEDEF UNION '{' field_list '}' ATTR_PACKED ID.';' 

	';'  shift 1545
	.  error


state 1345
	typedef_declaration:  TYPEDEF UNION ATTR_PACKED '{' field_list '}' ID.';' 

	';'  shift 1546
	.  error


state 1346
	typedef_declaration:  TYPEDEF UNION ATTR_PACKED ID '{' field_list '}'.ID ';' 
	typedef_declaration:  TYPEDEF UNION ATTR_PACKED ID '{' field_list '}'.';' 

	ID  shift 1547
	';'  shift 1548
	.  error


state 1347
	typedef_declaration:  TYPEDEF ENUM ID '{' enum_list '}' ID.';' 

	';'  shift 1549
	.  error


state 1348
	typedef_declaration:  TYPEDEF ENUM '{' enum_list '}' ID ';'.    (518)

	.  reduce 518 (src line 1638)


state 1349
	declaration_specifiers:  STATIC CONST STRUCT ID '{' field_list '}'.    (731)
	declaration_specifiers:  STATIC CONST STRUCT ID '{' field_list '}'.ATTR_PACKED 

	ATTR_PACKED  shift 1550
	.  reduce 731 (src line 2104)


state 1350
	field_list:  field_list.field 
	field_list:  field_list.STATIC_ASSERT '(' const_int_expr ',' STRING_LIT ')' ';' 
	field_list:  field_list.STATIC_ASSERT '(' const_int_expr ')' ';' 
	declaration_specifiers:  STATIC CONST STRUCT ATTR_PACKED ID '{' field_list.'}' 

	INT  shift 26
	VOID  shift 27
	CONST  shift 137
	CHAR  shift 28
	LONG  shift 29
	UNSIGNED  shift 31
	SHORT  shift 30
	FLOAT  shift 32
	DOUBLE  shift 33
	STRUCT  shift 136
	ENUM  shift 44
	UNION  shift 138
	TYPEOF  shift 37
	INT128  shift 35
	SIGNED  shift 34
	ALIGNAS_SPEC  shift 135
	STATIC_ASSERT  shift 303
	TYPENAME  shift 36
	'}'  shift 1551
	.  error

	field  goto 302
	type_specifier  goto 134

state 1351
	declaration_specifiers:  STATIC CONST STRUCT ATTR_PACKED '{' field_list '}'.    (750)

	.  reduce 750 (src line 2169)


state 1352
	declaration_specifiers:  STATIC CONST STRUCT '{' field_list '}' ATTR_PACKED.    (751)

	.  reduce 751 (src line 2173)


state 1353
	declaration_specifiers:  STATIC STRUCT ID '{' field_list '}' ATTR_PACKED.    (730)

	.  reduce 730 (src line 2101)


state 1354
	declaration_specifiers:  STATIC STRUCT ATTR_PACKED ID '{' field_list '}'.    (729)

	.  reduce 729 (src line 2098)


state 1355
	declaration_specifiers:  EXTERN CONST STRUCT ID '{' field_list '}'.    (737)
	declaration_specifiers:  EXTERN CONST STRUCT ID '{' field_list '}'.ATTR_PACKED 

	ATTR_PACKED  shift 1552
	.  reduce 737 (src line 2122)


state 1356
	field_list:  field_list.field 
	field_list:  field_list.STATIC_ASSERT '(' const_int_expr ',' STRING_LIT ')' ';' 
	field_list:  field_list.STATIC_ASSERT '(' const_int_expr ')' ';' 
	declaration_specifiers:  EXTERN CONST STRUCT ATTR_PACKED ID '{' field_list.'}' 

	INT  shift 26
	VOID  shift 27
	CONST  shift 137
	CHAR  shift 28
	LONG  shift 29
	UNSIGNED  shift 31
	SHORT  shift 30
	FLOAT  shift 32
	DOUBLE  shift 33
	STRUCT  shift 136
	ENUM  shift 44
	UNION  shift 138
	TYPEOF  shift 37
	INT128  shift 35
	SIGNED  shift 34
	ALIGNAS_SPEC  shift 135
	STATIC_ASSERT  shift 303
	TYPENAME  shift 36
	'}'  shift 1553
	.  error

	field  goto 302
	type_specifier  goto 134

state 1357
	declaration_specifiers:  EXTERN STRUCT ID '{' field_list '}' ATTR_PACKED.    (736)

	.  reduce 736 (src line 2119)


state 1358
	declaration_specifiers:  EXTERN STRUCT ATTR_PACKED ID '{' field_list '}'.    (735)

	.  reduce 735 (src line 2116)


state 1359
	declaration_specifiers:  CONST STRUCT ID '{' field_list '}' ATTR_PACKED.    (742)

	.  reduce 742 (src line 2137)


state 1360
	declaration_specifiers:  CONST STRUCT ATTR_PACKED ID '{' field_list '}'.    (741)

	.  reduce 741 (src line 2134)


state 1361
	field_list:  field_list STATIC_ASSERT '(' const_int_expr ',' STRING_LIT.')' ';' 

	')'  shift 1554
	.  error


state 1362
	field_list:  field_list STATIC_ASSERT '(' const_int_expr ')' ';'.    (607)

	.  reduce 607 (src line 1781)


state 1363
	field_list:  STATIC_ASSERT '(' const_int_expr ',' STRING_LIT ')'.';' 

	';'  shift 1555
	.  error


state 1364
	field:  type_specifier ID '[' const_int_expr ']' ';'.    (615)

	.  reduce 615 (src line 1817)


state 1365
	field:  type_specifier ID '[' const_int_expr ']' '['.const_int_expr ']' ';' 

	NUM  shift 194
	ID  shift 198
	SIZEOF  shift 196
	ALIGNOF  shift 197
	'('  shift 195
	'&'  shift 199
	'-'  shift 192
	'!'  shift 193
	.  error

	const_int_expr  goto 1556
	const_int_ternary  goto 183
	const_int_or  goto 184
	const_int_and  goto 185
	const_int_cmp  goto 186
	const_int_shift  goto 187
	const_int_add  goto 188
	const_int_mul  goto 189
	const_int_unary  goto 190
	const_int_primary  goto 191

state 1366
	id_list:  id_list ',' ID '[' const_int_expr.']' 

	']'  shift 1557
	.  error


state 1367
	id_list:  id_list ',' ID '=' expression.    (222)

	.  reduce 222 (src line 579)


state 1368
	ptr_id_list:  ptr_id_list ','.'*' ID 

	'*'  shift 1558
	.  error


state 1369
	field:  type_specifier '*' ID ',' ptr_id_list ';'.    (619)

	.  reduce 619 (src line 1825)


state 1370
	ptr_id_list:  '*' ID.    (224)

	.  reduce 224 (src line 587)


state 1371
	field:  type_specifier '*' ID '[' const_int_expr ']'.';' 
	field:  type_specifier '*' ID '[' const_int_expr ']'.'[' const_int_expr ']' ';' 

	';'  shift 1559
	'['  shift 1560
	.  error


state 1372
	field:  type_specifier '*' '(' '*' ID ')'.'(' fp_param_types ')' ';' 

	'('  shift 1561
	.  error


state 1373
	field:  type_specifier '(' '*' ID ')' '('.fp_param_types ')' ';' 
	fp_param_types: .    (562)

	ID  shift 786
	INT  shift 26
	VOID  shift 27
	CONST  shift 784
	CHAR  shift 28
	LONG  shift 29
	UNSIGNED  shift 31
	SHORT  shift 30
	FLOAT  shift 32
	DOUBLE  shift 33
	STRUCT  shift 783
	ENUM  shift 785
	UNION  shift 87
	TYPEOF  shift 37
	INT128  shift 35
	SIGNED  shift 34
	TYPENAME  shift 36
	.  reduce 562 (src line 1712)

	fp_param_types  goto 1562
	fp_param_type_list  goto 780
	fp_param_type  goto 781
	type_specifier  goto 782

state 1374
	field:  type_specifier '(' '*' ID '[' const_int_expr.']' ')' '(' fp_param_types ')' ';' 

	']'  shift 1563
	.  error


state 1375
	field:  ALIGNAS_SPEC type_specifier ID '[' const_int_expr ']'.';' 

	';'  shift 1564
	.  error


state 1376
	field:  STRUCT ID '*' ID '[' const_int_expr.']' ';' 

	']'  shift 1565
	.  error


state 1377
	ptr_id_list:  ptr_id_list.',' '*' ID 
	field:  STRUCT ID '*' ID ',' ptr_id_list.';' 

	';'  shift 1566
	','  shift 1368
	.  error


state 1378
	field:  STRUCT ID '*' CONST '*' ID.';' 

	';'  shift 1567
	.  error


state 1379
	field:  STRUCT ID '*' '*' ID ';'.    (637)

	.  reduce 637 (src line 1862)


state 1380
	field:  STRUCT ID ID '[' const_int_expr ']'.';' 

	';'  shift 1568
	.  error


state 1381
	field:  STRUCT ID '{' field_list '}' ';'.    (646)

	.  reduce 646 (src line 1892)


state 1382
	field:  STRUCT ID '{' field_list '}' ID.';' 

	';'  shift 1569
	.  error


state 1383
	field:  STRUCT ID '{' field_list '}' '*'.ID ';' 

	ID  shift 1570
	.  error


state 1384
	field:  STRUCT '{' field_list '}' ID ';'.    (645)

	.  reduce 645 (src line 1887)


state 1385
	field:  STRUCT '{' field_list '}' ID '['.const_int_expr ']' ';' 

	NUM  shift 194
	ID  shift 198
	SIZEOF  shift 196
	ALIGNOF  shift 197
	'('  shift 195
	'&'  shift 199
	'-'  shift 192
	'!'  shift 193
	.  error

	const_int_expr  goto 1571
	const_int_ternary  goto 183
	const_int_or  goto 184
	const_int_and  goto 185
	const_int_cmp  goto 186
	const_int_shift  goto 187
	const_int_add  goto 188
	const_int_mul  goto 189
	const_int_unary  goto 190
	const_int_primary  goto 191

state 1386
	field:  CONST type_specifier ID '[' const_int_expr ']'.';' 

	';'  shift 1572
	.  error


state 1387
	field:  CONST type_specifier '*' ID '[' const_int_expr.']' ';' 

	']'  shift 1573
	.  error


state 1388
	field:  CONST type_specifier '*' ID '[' ']'.';' 

	';'  shift 1574
	.  error


state 1389
	field:  CONST type_specifier '*' '*' ID ';'.    (626)

	.  reduce 626 (src line 1839)


state 1390
	field:  CONST type_specifier '*' '(' '*' ID.')' '(' fp_param_types ')' ';' 

	')'  shift 1575
	.  error


state 1391
	field:  CONST type_specifier '(' '*' ID ')'.'(' fp_param_types ')' ';' 

	'('  shift 1576
	.  error


state 1392
	field:  CONST STRUCT ID '{' field_list '}'.'*' ID ';' 

	'*'  shift 1577
	.  error


state 1393
	field:  UNION ID '{' field_list '}' ID.';' 

	';'  shift 1578
	.  error


state 1394
	field:  UNION ID '{' field_list '}' ';'.    (651)

	.  reduce 651 (src line 1920)


state 1395
	field:  UNION '{' field_list '}' ID ';'.    (644)

	.  reduce 644 (src line 1882)


state 1396
	field:  UNION '{' field_list '}' ID '['.const_int_expr ']' ';' 

	NUM  shift 194
	ID  shift 198
	SIZEOF  shift 196
	ALIGNOF  shift 197
	'('  shift 195
	'&'  shift 199
	'-'  shift 192
	'!'  shift 193
	.  error

	const_int_expr  goto 1579
	const_int_ternary  goto 183
	const_int_or  goto 184
	const_int_and  goto 185
	const_int_cmp  goto 186
	const_int_shift  goto 187
	const_int_add  goto 188
	const_int_mul  goto 189
	const_int_unary  goto 190
	const_int_primary  goto 191

state 1397
	postfix_expr:  postfix_expr ARROW ID '(' args ')'.    (291)

	.  reduce 291 (src line 837)


state 1398
	postfix_expr:  postfix_expr '.' ID '(' args ')'.    (292)

	.  reduce 292 (src line 840)


state 1399
	postfix_expr:  postfix_expr '[' expression ']' '(' args.')' 

	')'  shift 1580
	.  error


state 1400
	postfix_expr:  '(' expression ')' '.' ID '('.args ')' 
	args: .    (449)

	NUM  shift 168
	CHAR_LIT  shift 170
	FNUM  shift 169
	ID  shift 161
	STRING_LIT  shift 159
	SIZEOF  shift 178
	VA_ARG  shift 181
	ALIGNOF  shift 179
	GENERIC  shift 180
	INC  shift 174
	DEC  shift 175
	ANDAND  shift 177
	'('  shift 154
	'*'  shift 155
	'&'  shift 176
	'-'  shift 171
	'!'  shift 172
	'~'  shift 173
	.  reduce 449 (src line 1293)

	postfix_expr  goto 153
	expression  goto 152
	var  goto 157
	simple_expression  goto 156
	ternary_expression  goto 160
	logical_expression  goto 162
	comparison_expression  goto 163
	bitwise_expression  goto 164
	additive_expression  goto 165
	term  goto 166
	factor  goto 167
	call  goto 158
	args  goto 1581
	arg_list  goto 151

state 1401
	postfix_expr:  '(' expression ')' ARROW ID '('.args ')' 
	args: .    (449)

	NUM  shift 168
	CHAR_LIT  shift 170
	FNUM  shift 169
	ID  shift 161
	STRING_LIT  shift 159
	SIZEOF  shift 178
	VA_ARG  shift 181
	ALIGNOF  shift 179
	GENERIC  shift 180
	INC  shift 174
	DEC  shift 175
	ANDAND  shift 177
	'('  shift 154
	'*'  shift 155
	'&'  shift 176
	'-'  shift 171
	'!'  shift 172
	'~'  shift 173
	.  reduce 449 (src line 1293)

	postfix_expr  goto 153
	expression  goto 152
	var  goto 157
	simple_expression  goto 156
	ternary_expression  goto 160
	logical_expression  goto 162
	comparison_expression  goto 163
	bitwise_expression  goto 164
	additive_expression  goto 165
	term  goto 166
	factor  goto 167
	call  goto 158
	args  goto 1582
	arg_list  goto 151

state 1402
	postfix_expr:  '(' expression ')' '[' expression ']'.    (299)

	.  reduce 299 (src line 863)


state 1403
	postfix_expr:  '(' expression ')' '(' args ')'.    (302)

	.  reduce 302 (src line 871)


state 1404
	init_list:  init_list ','.init_entry 
	factor:  '(' type_specifier ')' '{' init_list ','.'}' 

	NUM  shift 168
	CHAR_LIT  shift 170
	FNUM  shift 169
	ID  shift 161
	STRING_LIT  shift 159
	SIZEOF  shift 178
	VA_ARG  shift 181
	ALIGNOF  shift 179
	GENERIC  shift 180
	INC  shift 174
	DEC  shift 175
	ANDAND  shift 177
	'('  shift 154
	'*'  shift 155
	'['  shift 776
	'.'  shift 775
	'{'  shift 777
	'}'  shift 1583
	'&'  shift 176
	'-'  shift 171
	'!'  shift 172
	'~'  shift 173
	.  error

	postfix_expr  goto 153
	init_entry  goto 1297
	assign_expr  goto 774
	expression  goto 778
	var  goto 157
	simple_expression  goto 156
	ternary_expression  goto 160
	logical_expression  goto 162
	comparison_expression  goto 163
	bitwise_expression  goto 164
	additive_expression  goto 165
	term  goto 166
	factor  goto 167
	call  goto 158

state 1405
	factor:  '(' type_specifier ')' '{' init_list '}'.    (430)

	.  reduce 430 (src line 1220)


state 1406
	init_list:  init_list.',' init_entry 
	factor:  '(' type_specifier '*' ')' '{' init_list.'}' 
	factor:  '(' type_specifier '*' ')' '{' init_list.',' '}' 

	','  shift 1584
	'}'  shift 1585
	.  error


state 1407
	factor:  '(' type_specifier '*' '*' ')' factor.    (415)

	.  reduce 415 (src line 1160)


state 1408
	factor:  '(' type_specifier '*' '(' '*' ')'.'(' fp_param_types ')' ')' factor 

	'('  shift 1586
	.  error


state 1409
	factor:  '(' type_specifier '(' '*' ')' '('.fp_param_types ')' ')' factor 
	fp_param_types: .    (562)

	ID  shift 786
	INT  shift 26
	VOID  shift 27
	CONST  shift 784
	CHAR  shift 28
	LONG  shift 29
	UNSIGNED  shift 31
	SHORT  shift 30
	FLOAT  shift 32
	DOUBLE  shift 33
	STRUCT  shift 783
	ENUM  shift 785
	UNION  shift 87
	TYPEOF  shift 37
	INT128  shift 35
	SIGNED  shift 34
	TYPENAME  shift 36
	.  reduce 562 (src line 1712)

	fp_param_types  goto 1587
	fp_param_type_list  goto 780
	fp_param_type  goto 781
	type_specifier  goto 782

state 1410
	factor:  '(' type_specifier '[' ']' ')' '{'.init_list '}' 
	factor:  '(' type_specifier '[' ']' ')' '{'.init_list ',' '}' 

	NUM  shift 168
	CHAR_LIT  shift 170
	FNUM  shift 169
	ID  shift 161
	STRING_LIT  shift 159
	SIZEOF  shift 178
	VA_ARG  shift 181
	ALIGNOF  shift 179
	GENERIC  shift 180
	INC  shift 174
	DEC  shift 175
	ANDAND  shift 177
	'('  shift 154
	'*'  shift 155
	'['  shift 776
	'.'  shift 775
	'{'  shift 777
	'&'  shift 176
	'-'  shift 171
	'!'  shift 172
	'~'  shift 173
	.  error

	postfix_expr  goto 153
	init_list  goto 1588
	init_entry  goto 773
	assign_expr  goto 774
	expression  goto 778
	var  goto 157
	simple_expression  goto 156
	ternary_expression  goto 160
	logical_expression  goto 162
	comparison_expression  goto 163
	bitwise_expression  goto 164
	additive_expression  goto 165
	term  goto 166
	factor  goto 167
	call  goto 158

state 1411
	factor:  '(' type_specifier '[' const_int_expr ']' ')'.'{' init_list '}' 
	factor:  '(' type_specifier '[' const_int_expr ']' ')'.'{' init_list ',' '}' 

	'{'  shift 1589
	.  error


state 1412
	factor:  '(' CONST type_specifier '*' ')' factor.    (414)

	.  reduce 414 (src line 1158)


state 1413
	factor:  '(' CONST type_specifier '*' '*' ')'.factor 

	NUM  shift 168
	CHAR_LIT  shift 170
	FNUM  shift 169
	ID  shift 161
	STRING_LIT  shift 159
	SIZEOF  shift 178
	VA_ARG  shift 181
	ALIGNOF  shift 179
	GENERIC  shift 180
	INC  shift 174
	DEC  shift 175
	ANDAND  shift 177
	'('  shift 353
	'*'  shift 355
	'&'  shift 176
	'-'  shift 171
	'!'  shift 172
	'~'  shift 173
	.  error

	postfix_expr  goto 354
	var  goto 157
	factor  goto 1590
	call  goto 158

state 1414
	factor:  '(' STRUCT ID '*' ')' factor.    (417)

	.  reduce 417 (src line 1164)


state 1415
	init_list:  init_list.',' init_entry 
	factor:  '(' STRUCT ID ')' '{' init_list.'}' 
	factor:  '(' STRUCT ID ')' '{' init_list.',' '}' 

	','  shift 1591
	'}'  shift 1592
	.  error


state 1416
	factor:  '(' STRUCT ID ')' '{' '}'.    (437)

	.  reduce 437 (src line 1250)


state 1417
	factor:  '(' STRUCT '{' field_list '}' '*'.')' factor 

	')'  shift 1593
	.  error


state 1418
	factor:  '(' STRUCT '{' field_list '}' ')'.factor 

	NUM  shift 168
	CHAR_LIT  shift 170
	FNUM  shift 169
	ID  shift 161
	STRING_LIT  shift 159
	SIZEOF  shift 178
	VA_ARG  shift 181
	ALIGNOF  shift 179
	GENERIC  shift 180
	INC  shift 174
	DEC  shift 175
	ANDAND  shift 177
	'('  shift 353
	'*'  shift 355
	'&'  shift 176
	'-'  shift 171
	'!'  shift 172
	'~'  shift 173
	.  error

	postfix_expr  goto 354
	var  goto 157
	factor  goto 1594
	call  goto 158

state 1419
	init_list:  init_list.',' init_entry 
	factor:  '(' UNION ID ')' '{' init_list.'}' 
	factor:  '(' UNION ID ')' '{' init_list.',' '}' 

	','  shift 1595
	'}'  shift 1596
	.  error


state 1420
	var:  ID '[' expression ']' '[' expression.']' 

	']'  shift 1597
	.  error


state 1421
	postfix_expr:  '(' expression ')' '[' expression.']' 
	factor:  '&' '(' expression ')' '[' expression.']' 

	']'  shift 1598
	.  error


state 1422
	factor:  '&' '(' STRUCT ID ')' '{'.init_list '}' 
	factor:  '&' '(' STRUCT ID ')' '{'.init_list ',' '}' 
	factor:  '&' '(' STRUCT ID ')' '{'.'}' 

	NUM  shift 168
	CHAR_LIT  shift 170
	FNUM  shift 169
	ID  shift 161
	STRING_LIT  shift 159
	SIZEOF  shift 178
	VA_ARG  shift 181
	ALIGNOF  shift 179
	GENERIC  shift 180
	INC  shift 174
	DEC  shift 175
	ANDAND  shift 177
	'('  shift 154
	'*'  shift 155
	'['  shift 776
	'.'  shift 775
	'{'  shift 777
	'}'  shift 1600
	'&'  shift 176
	'-'  shift 171
	'!'  shift 172
	'~'  shift 173
	.  error

	postfix_expr  goto 153
	init_list  goto 1599
	init_entry  goto 773
	assign_expr  goto 774
	expression  goto 778
	var  goto 157
	simple_expression  goto 156
	ternary_expression  goto 160
	logical_expression  goto 162
	comparison_expression  goto 163
	bitwise_expression  goto 164
	additive_expression  goto 165
	term  goto 166
	factor  goto 167
	call  goto 158

state 1423
	factor:  SIZEOF '(' type_specifier '*' '*' ')'.    (394)

	.  reduce 394 (src line 1086)


state 1424
	factor:  SIZEOF '(' type_specifier '[' const_int_expr ']'.')' 

	')'  shift 1601
	.  error


state 1425
	factor:  SIZEOF '(' CONST type_specifier '*' ')'.    (393)

	.  reduce 393 (src line 1084)


state 1426
	factor:  SIZEOF '(' STRUCT ID '*' ')'.    (397)

	.  reduce 397 (src line 1100)


state 1427
	factor:  GENERIC '(' expression ',' generic_assoc_list ')'.    (406)

	.  reduce 406 (src line 1118)


state 1428
	generic_assoc_list:  generic_assoc_list ','.generic_assoc 

	INT  shift 26
	VOID  shift 27
	CHAR  shift 28
	LONG  shift 29
	UNSIGNED  shift 31
	SHORT  shift 30
	FLOAT  shift 32
	DOUBLE  shift 33
	STRUCT  shift 92
	ENUM  shift 44
	UNION  shift 87
	TYPEOF  shift 37
	INT128  shift 35
	SIGNED  shift 34
	DEFAULT  shift 1211
	TYPENAME  shift 36
	.  error

	generic_assoc  goto 1602
	type_specifier  goto 1210

state 1429
	generic_assoc:  type_specifier ':'.assign_expr 

	NUM  shift 168
	CHAR_LIT  shift 170
	FNUM  shift 169
	ID  shift 161
	STRING_LIT  shift 159
	SIZEOF  shift 178
	VA_ARG  shift 181
	ALIGNOF  shift 179
	GENERIC  shift 180
	INC  shift 174
	DEC  shift 175
	ANDAND  shift 177
	'('  shift 154
	'*'  shift 155
	'&'  shift 176
	'-'  shift 171
	'!'  shift 172
	'~'  shift 173
	.  error

	postfix_expr  goto 153
	assign_expr  goto 1603
	expression  goto 778
	var  goto 157
	simple_expression  goto 156
	ternary_expression  goto 160
	logical_expression  goto 162
	comparison_expression  goto 163
	bitwise_expression  goto 164
	additive_expression  goto 165
	term  goto 166
	factor  goto 167
	call  goto 158

state 1430
	generic_assoc:  DEFAULT ':'.assign_expr 

	NUM  shift 168
	CHAR_LIT  shift 170
	FNUM  shift 169
	ID  shift 161
	STRING_LIT  shift 159
	SIZEOF  shift 178
	VA_ARG  shift 181
	ALIGNOF  shift 179
	GENERIC  shift 180
	INC  shift 174
	DEC  shift 175
	ANDAND  shift 177
	'('  shift 154
	'*'  shift 155
	'&'  shift 176
	'-'  shift 171
	'!'  shift 172
	'~'  shift 173
	.  error

	postfix_expr  goto 153
	assign_expr  goto 1604
	expression  goto 778
	var  goto 157
	simple_expression  goto 156
	ternary_expression  goto 160
	logical_expression  goto 162
	comparison_expression  goto 163
	bitwise_expression  goto 164
	additive_expression  goto 165
	term  goto 166
	factor  goto 167
	call  goto 158

state 1431
	factor:  VA_ARG '(' expression ',' type_specifier ')'.    (407)

	.  reduce 407 (src line 1120)


state 1432
	factor:  VA_ARG '(' expression ',' type_specifier '*'.')' 
	factor:  VA_ARG '(' expression ',' type_specifier '*'.'*' ')' 

	')'  shift 1605
	'*'  shift 1606
	.  error


state 1433
	factor:  VA_ARG '(' expression ',' CONST type_specifier.'*' ')' 

	'*'  shift 1607
	.  error


1434: shift/reduce conflict (shift 1608(0), red'n 108(0)) on '*'
state 1434
	type_specifier:  STRUCT ID.    (108)
	factor:  VA_ARG '(' expression ',' STRUCT ID.'*' ')' 

	'*'  shift 1608
	.  reduce 108 (src line 326)


state 1435
	const_int_primary:  SIZEOF '(' type_specifier '[' NUM ']'.')' 

	')'  shift 1609
	.  error


state 1436
	const_int_primary:  SIZEOF '(' CONST type_specifier '*' ')'.    (688)

	.  reduce 688 (src line 2007)


state 1437
	const_int_primary:  SIZEOF '(' ID '[' NUM ']'.')' 

	')'  shift 1610
	.  error


state 1438
	const_int_primary:  SIZEOF '(' ID '.' ID ')'.    (694)

	.  reduce 694 (src line 2016)


state 1439
	const_int_primary:  SIZEOF '(' ID '.' ID '.'.ID ')' 

	ID  shift 1611
	.  error


state 1440
	const_int_primary:  SIZEOF '(' '(' ID ')' '['.NUM ']' ')' 
	const_int_primary:  SIZEOF '(' '(' ID ')' '['.const_int_expr ']' ')' 

	NUM  shift 1612
	ID  shift 198
	SIZEOF  shift 196
	ALIGNOF  shift 197
	'('  shift 195
	'&'  shift 199
	'-'  shift 192
	'!'  shift 193
	.  error

	const_int_expr  goto 1613
	const_int_ternary  goto 183
	const_int_or  goto 184
	const_int_and  goto 185
	const_int_cmp  goto 186
	const_int_shift  goto 187
	const_int_add  goto 188
	const_int_mul  goto 189
	const_int_unary  goto 190
	const_int_primary  goto 191

state 1441
	const_int_primary:  SIZEOF '(' '(' ID '.' ID.'.' ID ')' ')' 
	const_int_primary:  SIZEOF '(' '(' ID '.' ID.')' ')' 

	')'  shift 1615
	'.'  shift 1614
	.  error


state 1442
	const_int_primary:  SIZEOF '(' '(' '(' ID '.'.ID '.' ID ')' ')' '[' const_int_expr ']' ')' 
	const_int_primary:  SIZEOF '(' '(' '(' ID '.'.ID ')' ')' '[' const_int_expr ']' ')' 

	ID  shift 1616
	.  error


state 1443
	const_int_primary:  '&' '(' '(' type_specifier '*' ')'.NUM ')' ARROW ID 
	const_int_primary:  '&' '(' '(' type_specifier '*' ')'.NUM ')' '.' ID 

	NUM  shift 1617
	.  error


state 1444
	block_item_list:  block_item_list declaration_specifiers local_fun_proto ATTR_WEAK ';'.    (204)

	.  reduce 204 (src line 525)


state 1445
	block_item_list:  block_item_list declaration_specifiers local_fun_proto ATTR_SECTION ';'.    (205)

	.  reduce 205 (src line 527)


state 1446
	block_item_list:  block_item_list declaration_specifiers local_fun_proto ATTR_ALIGNED ';'.    (206)

	.  reduce 206 (src line 529)


state 1447
	local_fun_proto:  ID '(' local_params.')' 

	')'  shift 1618
	.  error


state 1448
	local_params:  local_param_list.    (527)
	local_params:  local_param_list.',' ELLIPSIS 
	local_param_list:  local_param_list.',' local_param 

	','  shift 1619
	.  reduce 527 (src line 1667)


state 1449
	local_param_list:  local_param.    (531)

	.  reduce 531 (src line 1675)


state 1450
	local_param:  type_specifier.    (532)
	local_param:  type_specifier.ID 
	local_param:  type_specifier.'*' 
	local_param:  type_specifier.'*' ID 
	local_param:  type_specifier.'*' '*' 
	local_param:  type_specifier.'*' '*' ID 
	local_param:  type_specifier.'*' CONST 
	local_param:  type_specifier.'*' CONST ID 
	local_param:  type_specifier.CONST '*' 
	local_param:  type_specifier.CONST '*' ID 
	local_param:  type_specifier.'(' '*' ID ')' '(' fp_param_types ')' 
	local_param:  type_specifier.'(' '*' ')' '(' fp_param_types ')' 

	ID  shift 1620
	CONST  shift 1622
	'('  shift 1623
	'*'  shift 1621
	.  reduce 532 (src line 1678)


state 1451
	type_specifier:  STRUCT.ID 
	local_param:  STRUCT.ID 
	local_param:  STRUCT.ID ID 
	local_param:  STRUCT.ID '*' 
	local_param:  STRUCT.ID '*' ID 
	local_param:  STRUCT.ID '*' '*' 
	local_param:  STRUCT.ID '*' '*' ID 

	ID  shift 1624
	.  error


state 1452
	local_param:  CONST.type_specifier 
	local_param:  CONST.type_specifier ID 
	local_param:  CONST.type_specifier '*' 
	local_param:  CONST.type_specifier '*' ID 
	local_param:  CONST.type_specifier '*' CONST 
	local_param:  CONST.type_specifier '*' CONST ID 
	local_param:  CONST.STRUCT ID '*' 
	local_param:  CONST.STRUCT ID '*' ID 
	local_param:  CONST.STRUCT ID '*' '*' 
	local_param:  CONST.STRUCT ID '*' '*' ID 
	local_param:  CONST.STRUCT ID ID 

	INT  shift 26
	VOID  shift 27
	CHAR  shift 28
	LONG  shift 29
	UNSIGNED  shift 31
	SHORT  shift 30
	FLOAT  shift 32
	DOUBLE  shift 33
	STRUCT  shift 1626
	ENUM  shift 44
	UNION  shift 87
	TYPEOF  shift 37
	INT128  shift 35
	SIGNED  shift 34
	TYPENAME  shift 36
	.  error

	type_specifier  goto 1625

state 1453
	local_fun_proto:  gd_pointer ID '('.local_params ')' 
	local_params: .    (529)

	INT  shift 26
	VOID  shift 27
	CONST  shift 1452
	CHAR  shift 28
	LONG  shift 29
	UNSIGNED  shift 31
	SHORT  shift 30
	FLOAT  shift 32
	DOUBLE  shift 33
	STRUCT  shift 1451
	ENUM  shift 44
	UNION  shift 87
	TYPEOF  shift 37
	INT128  shift 35
	SIGNED  shift 34
	TYPENAME  shift 36
	.  reduce 529 (src line 1670)

	type_specifier  goto 1450
	local_params  goto 1627
	local_param_list  goto 1448
	local_param  goto 1449

state 1454
	local_fun_proto:  gd_pointer CONST ID.'(' local_params ')' 
	gd_declarator:  gd_pointer CONST ID.    (767)
	gd_declarator:  gd_pointer CONST ID.'[' const_int_expr ']' 
	gd_declarator:  gd_pointer CONST ID.'[' ']' 

	'('  shift 1628
	'['  shift 768
	.  reduce 767 (src line 2231)


state 1455
	local_fun_proto:  '(' ID ')'.'(' local_params ')' 

	'('  shift 1629
	.  error


state 1456
	block_item_list:  block_item_list ENUM ID '{' enum_list.'}' ';' 
	enum_list:  enum_list.',' enum_member 
	enum_list:  enum_list.',' 

	','  shift 325
	'}'  shift 1630
	.  error


state 1457
	block_item_list:  block_item_list ENUM '{' enum_list '}'.';' 

	';'  shift 1631
	.  error


state 1458
	block_item_list:  block_item_list ASM_KW '(' args ')'.';' 

	';'  shift 1632
	.  error


state 1459
	block_item_list:  block_item_list STATIC_ASSERT '(' const_int_expr ','.STRING_LIT ')' ';' 

	STRING_LIT  shift 1633
	.  error


state 1460
	block_item_list:  block_item_list STATIC_ASSERT '(' const_int_expr ')'.';' 

	';'  shift 1634
	.  error


state 1461
	selection_stmt:  IF '(' expression ')'.statement 
	selection_stmt:  IF '(' expression ')'.statement ELSE statement 

	NUM  shift 168
	CHAR_LIT  shift 170
	FNUM  shift 169
	ID  shift 718
	STRING_LIT  shift 159
	IF  shift 722
	WHILE  shift 723
	RETURN  shift 727
	FOR  shift 724
	DO  shift 725
	BREAK  shift 728
	CONTINUE  shift 729
	GOTO  shift 730
	SIZEOF  shift 178
	VA_ARG  shift 181
	SWITCH  shift 726
	ALIGNOF  shift 179
	GENERIC  shift 180
	INC  shift 174
	DEC  shift 175
	ANDAND  shift 177
	';'  shift 721
	'('  shift 154
	'*'  shift 155
	'{'  shift 207
	'&'  shift 176
	'-'  shift 171
	'!'  shift 172
	'~'  shift 173
	.  error

	compound_stmt  goto 708
	postfix_expr  goto 153
	statement  goto 1635
	expression_stmt  goto 707
	selection_stmt  goto 709
	iteration_stmt  goto 710
	for_stmt  goto 711
	do_while_stmt  goto 712
	switch_stmt  goto 713
	return_stmt  goto 714
	break_stmt  goto 715
	continue_stmt  goto 716
	goto_stmt  goto 717
	expression  goto 719
	var  goto 157
	simple_expression  goto 156
	ternary_expression  goto 160
	logical_expression  goto 162
	comparison_expression  goto 163
	bitwise_expression  goto 164
	additive_expression  goto 165
	term  goto 166
	factor  goto 167
	call  goto 158
	comma_expr_list  goto 720

state 1462
	iteration_stmt:  WHILE '(' expression ')'.statement 

	NUM  shift 168
	CHAR_LIT  shift 170
	FNUM  shift 169
	ID  shift 718
	STRING_LIT  shift 159
	IF  shift 722
	WHILE  shift 723
	RETURN  shift 727
	FOR  shift 724
	DO  shift 725
	BREAK  shift 728
	CONTINUE  shift 729
	GOTO  shift 730
	SIZEOF  shift 178
	VA_ARG  shift 181
	SWITCH  shift 726
	ALIGNOF  shift 179
	GENERIC  shift 180
	INC  shift 174
	DEC  shift 175
	ANDAND  shift 177
	';'  shift 721
	'('  shift 154
	'*'  shift 155
	'{'  shift 207
	'&'  shift 176
	'-'  shift 171
	'!'  shift 172
	'~'  shift 173
	.  error

	compound_stmt  goto 708
	postfix_expr  goto 153
	statement  goto 1636
	expression_stmt  goto 707
	selection_stmt  goto 709
	iteration_stmt  goto 710
	for_stmt  goto 711
	do_while_stmt  goto 712
	switch_stmt  goto 713
	return_stmt  goto 714
	break_stmt  goto 715
	continue_stmt  goto 716
	goto_stmt  goto 717
	expression  goto 719
	var  goto 157
	simple_expression  goto 156
	ternary_expression  goto 160
	logical_expression  goto 162
	comparison_expression  goto 163
	bitwise_expression  goto 164
	additive_expression  goto 165
	term  goto 166
	factor  goto 167
	call  goto 158
	comma_expr_list  goto 720

state 1463
	iteration_stmt:  WHILE '(' comma_expr_list ')'.statement 

	NUM  shift 168
	CHAR_LIT  shift 170
	FNUM  shift 169
	ID  shift 718
	STRING_LIT  shift 159
	IF  shift 722
	WHILE  shift 723
	RETURN  shift 727
	FOR  shift 724
	DO  shift 725
	BREAK  shift 728
	CONTINUE  shift 729
	GOTO  shift 730
	SIZEOF  shift 178
	VA_ARG  shift 181
	SWITCH  shift 726
	ALIGNOF  shift 179
	GENERIC  shift 180
	INC  shift 174
	DEC  shift 175
	ANDAND  shift 177
	';'  shift 721
	'('  shift 154
	'*'  shift 155
	'{'  shift 207
	'&'  shift 176
	'-'  shift 171
	'!'  shift 172
	'~'  shift 173
	.  error

	compound_stmt  goto 708
	postfix_expr  goto 153
	statement  goto 1637
	expression_stmt  goto 707
	selection_stmt  goto 709
	iteration_stmt  goto 710
	for_stmt  goto 711
	do_while_stmt  goto 712
	switch_stmt  goto 713
	return_stmt  goto 714
	break_stmt  goto 715
	continue_stmt  goto 716
	goto_stmt  goto 717
	expression  goto 719
	var  goto 157
	simple_expression  goto 156
	ternary_expression  goto 160
	logical_expression  goto 162
	comparison_expression  goto 163
	bitwise_expression  goto 164
	additive_expression  goto 165
	term  goto 166
	factor  goto 167
	call  goto 158
	comma_expr_list  goto 720

state 1464
	for_stmt:  FOR '(' opt_expression ';'.opt_expression ';' opt_expression ')' statement 
	for_stmt:  FOR '(' opt_expression ';'.opt_expression ';' expression ',' expression ')' statement 
	for_stmt:  FOR '(' opt_expression ';'.opt_expression ';' expression ',' expression ',' expression ')' statement 
	opt_expression: .    (279)

	NUM  shift 168
	CHAR_LIT  shift 170
	FNUM  shift 169
	ID  shift 161
	STRING_LIT  shift 159
	SIZEOF  shift 178
	VA_ARG  shift 181
	ALIGNOF  shift 179
	GENERIC  shift 180
	INC  shift 174
	DEC  shift 175
	ANDAND  shift 177
	'('  shift 154
	'*'  shift 155
	'&'  shift 176
	'-'  shift 171
	'!'  shift 172
	'~'  shift 173
	.  reduce 279 (src line 804)

	postfix_expr  goto 153
	opt_expression  goto 1638
	expression  goto 1466
	var  goto 157
	simple_expression  goto 156
	ternary_expression  goto 160
	logical_expression  goto 162
	comparison_expression  goto 163
	bitwise_expression  goto 164
	additive_expression  goto 165
	term  goto 166
	factor  goto 167
	call  goto 158

state 1465
	for_stmt:  FOR '(' var_declaration opt_expression.';' opt_expression ')' statement 
	for_stmt:  FOR '(' var_declaration opt_expression.';' expression ',' expression ')' statement 
	for_stmt:  FOR '(' var_declaration opt_expression.';' expression ',' expression ',' expression ')' statement 

	';'  shift 1639
	.  error


state 1466
	opt_expression:  expression.    (278)

	.  reduce 278 (src line 802)


state 1467
	for_stmt:  FOR '(' expression ','.expression ';' opt_expression ';' opt_expression ')' statement 
	for_stmt:  FOR '(' expression ','.expression ',' expression ';' opt_expression ';' opt_expression ')' statement 
	for_stmt:  FOR '(' expression ','.expression ';' opt_expression ';' expression ',' expression ')' statement 
	for_stmt:  FOR '(' expression ','.expression ',' expression ';' opt_expression ';' expression ',' expression ')' statement 

	NUM  shift 168
	CHAR_LIT  shift 170
	FNUM  shift 169
	ID  shift 161
	STRING_LIT  shift 159
	SIZEOF  shift 178
	VA_ARG  shift 181
	ALIGNOF  shift 179
	GENERIC  shift 180
	INC  shift 174
	DEC  shift 175
	ANDAND  shift 177
	'('  shift 154
	'*'  shift 155
	'&'  shift 176
	'-'  shift 171
	'!'  shift 172
	'~'  shift 173
	.  error

	postfix_expr  goto 153
	expression  goto 1640
	var  goto 157
	simple_expression  goto 156
	ternary_expression  goto 160
	logical_expression  goto 162
	comparison_expression  goto 163
	bitwise_expression  goto 164
	additive_expression  goto 165
	term  goto 166
	factor  goto 167
	call  goto 158

state 1468
	do_while_stmt:  DO statement WHILE '('.expression ')' ';' 

	NUM  shift 168
	CHAR_LIT  shift 170
	FNUM  shift 169
	ID  shift 161
	STRING_LIT  shift 159
	SIZEOF  shift 178
	VA_ARG  shift 181
	ALIGNOF  shift 179
	GENERIC  shift 180
	INC  shift 174
	DEC  shift 175
	ANDAND  shift 177
	'('  shift 154
	'*'  shift 155
	'&'  shift 176
	'-'  shift 171
	'!'  shift 172
	'~'  shift 173
	.  error

	postfix_expr  goto 153
	expression  goto 1641
	var  goto 157
	simple_expression  goto 156
	ternary_expression  goto 160
	logical_expression  goto 162
	comparison_expression  goto 163
	bitwise_expression  goto 164
	additive_expression  goto 165
	term  goto 166
	factor  goto 167
	call  goto 158

state 1469
	switch_stmt:  SWITCH '(' expression ')'.'{' case_list '}' 

	'{'  shift 1642
	.  error


state 1470
	goto_stmt:  GOTO '*' expression ';'.    (275)

	.  reduce 275 (src line 788)


state 1471
	declaration:  declaration_specifiers '(' '*' ID '[' ']' ')' '('.fp_param_types ')' ';' 
	declaration:  declaration_specifiers '(' '*' ID '[' ']' ')' '('.fp_param_types ')' ATTR_WEAK ';' 
	fp_param_types: .    (562)

	ID  shift 786
	INT  shift 26
	VOID  shift 27
	CONST  shift 784
	CHAR  shift 28
	LONG  shift 29
	UNSIGNED  shift 31
	SHORT  shift 30
	FLOAT  shift 32
	DOUBLE  shift 33
	STRUCT  shift 783
	ENUM  shift 785
	UNION  shift 87
	TYPEOF  shift 37
	INT128  shift 35
	SIGNED  shift 34
	TYPENAME  shift 36
	.  reduce 562 (src line 1712)

	fp_param_types  goto 1643
	fp_param_type_list  goto 780
	fp_param_type  goto 781
	type_specifier  goto 782

state 1472
	gd_declarator:  '(' '*' ID '[' const_int_expr ']' ')'.'(' fp_param_types ')' 

	'('  shift 1644
	.  error


state 1473
	gd_declarator:  '(' '*' ID ')' '(' fp_param_types ')'.    (776)

	.  reduce 776 (src line 2249)


state 1474
	gd_declarator:  '(' '*' '*' ID ')' '(' fp_param_types.')' 

	')'  shift 1645
	.  error


state 1475
	gd_declarator:  '(' '*' '(' ID '[' const_int_expr ']'.')' ')' '(' fp_param_types ')' 

	')'  shift 1646
	.  error


1476: shift/reduce conflict (shift 1647(0), red'n 115(0)) on ')'
state 1476
	param_list:  param_list ',' ELLIPSIS.    (115)
	gd_fun_declarator:  '(' ID ')' '(' param_list ',' ELLIPSIS.')' 

	')'  shift 1647
	.  reduce 115 (src line 344)


state 1477
	gd_declarator:  ID '[' const_int_expr ']' '[' const_int_expr ']'.    (770)

	.  reduce 770 (src line 2237)


state 1478
	param:  type_specifier ID '[' const_int_expr ']'.'[' const_int_expr ']' 
	param:  type_specifier ID '[' const_int_expr ']'.    (119)

	'['  shift 1648
	.  reduce 119 (src line 355)


state 1479
	param:  type_specifier ID '[' STATIC const_int_expr.']' 

	']'  shift 1649
	.  error


state 1480
	param:  type_specifier '*' ID '[' ']'.    (122)

	.  reduce 122 (src line 363)


state 1481
	param:  type_specifier '*' '*' '*' ID.    (125)

	.  reduce 125 (src line 369)


state 1482
	param:  type_specifier '*' CONST ID '['.']' 
	param:  type_specifier '*' CONST ID '['.const_int_expr ']' 

	NUM  shift 194
	ID  shift 198
	SIZEOF  shift 196
	ALIGNOF  shift 197
	'('  shift 195
	']'  shift 1650
	'&'  shift 199
	'-'  shift 192
	'!'  shift 193
	.  error

	const_int_expr  goto 1651
	const_int_ternary  goto 183
	const_int_or  goto 184
	const_int_and  goto 185
	const_int_cmp  goto 186
	const_int_shift  goto 187
	const_int_add  goto 188
	const_int_mul  goto 189
	const_int_unary  goto 190
	const_int_primary  goto 191

state 1483
	param:  type_specifier '*' CONST '[' ']'.    (145)

	.  reduce 145 (src line 411)


state 1484
	param:  type_specifier '*' CONST '*' ID.    (149)

	.  reduce 149 (src line 419)


state 1485
	param:  type_specifier '*' '(' '*' ID.')' '(' fp_param_types ')' 

	')'  shift 1652
	.  error


state 1486
	param:  type_specifier '*' '(' '*' ')'.'(' fp_param_types ')' 

	'('  shift 1653
	.  error


state 1487
	param:  type_specifier '(' '*' ID ')'.'(' fp_param_types ')' 

	'('  shift 1654
	.  error


state 1488
	param:  type_specifier '(' '*' ')' '('.fp_param_types ')' 
	fp_param_types: .    (562)

	ID  shift 786
	INT  shift 26
	VOID  shift 27
	CONST  shift 784
	CHAR  shift 28
	LONG  shift 29
	UNSIGNED  shift 31
	SHORT  shift 30
	FLOAT  shift 32
	DOUBLE  shift 33
	STRUCT  shift 783
	ENUM  shift 785
	UNION  shift 87
	TYPEOF  shift 37
	INT128  shift 35
	SIGNED  shift 34
	TYPENAME  shift 36
	.  reduce 562 (src line 1712)

	fp_param_types  goto 1655
	fp_param_type_list  goto 780
	fp_param_type  goto 781
	type_specifier  goto 782

state 1489
	param:  STRUCT ID '*' '*' ID.    (133)

	.  reduce 133 (src line 385)


state 1490
	param:  STRUCT ID '*' '*' '*'.    (159)

	.  reduce 159 (src line 440)


state 1491
	param:  STRUCT ID '*' CONST '*'.ID 
	param:  STRUCT ID '*' CONST '*'.    (135)

	ID  shift 1656
	.  reduce 135 (src line 389)


state 1492
	param:  STRUCT ID '*' '(' '*'.ID ')' '(' fp_param_types ')' 
	param:  STRUCT ID '*' '(' '*'.')' '(' fp_param_types ')' 

	ID  shift 1657
	')'  shift 1658
	.  error


state 1493
	param:  CONST STRUCT ID ID '['.const_int_expr ']' 

	NUM  shift 194
	ID  shift 198
	SIZEOF  shift 196
	ALIGNOF  shift 197
	'('  shift 195
	'&'  shift 199
	'-'  shift 192
	'!'  shift 193
	.  error

	const_int_expr  goto 1659
	const_int_ternary  goto 183
	const_int_or  goto 184
	const_int_and  goto 185
	const_int_cmp  goto 186
	const_int_shift  goto 187
	const_int_add  goto 188
	const_int_mul  goto 189
	const_int_unary  goto 190
	const_int_primary  goto 191

state 1494
	param:  CONST STRUCT ID '*' ID.    (128)

	.  reduce 128 (src line 375)


state 1495
	param:  CONST STRUCT ID '*' '*'.    (130)
	param:  CONST STRUCT ID '*' '*'.ID 

	ID  shift 1660
	.  reduce 130 (src line 379)


state 1496
	param:  CONST STRUCT ID '[' const_int_expr.']' 

	']'  shift 1661
	.  error


state 1497
	param:  CONST type_specifier '*' CONST ID.    (140)
	param:  CONST type_specifier '*' CONST ID.'[' ']' 
	param:  CONST type_specifier '*' CONST ID.'[' const_int_expr ']' 

	'['  shift 1662
	.  reduce 140 (src line 401)


state 1498
	param:  CONST type_specifier '*' CONST '*'.    (153)
	param:  CONST type_specifier '*' CONST '*'.ID 

	ID  shift 1663
	.  reduce 153 (src line 427)


state 1499
	param:  CONST type_specifier '*' '*' ID.    (152)

	.  reduce 152 (src line 425)


state 1500
	param:  UNSIGNED SHORT '[' const_int_expr ']'.    (177)

	.  reduce 177 (src line 460)


state 1501
	param:  UNSIGNED SHORT ID '[' const_int_expr.']' 

	']'  shift 1664
	.  error


state 1502
	gd_fun_declarator:  gd_pointer ID '(' param_list ',' ELLIPSIS ')'.    (805)

	.  reduce 805 (src line 2322)


1503: shift/reduce conflict (shift 1665(0), red'n 115(0)) on ')'
state 1503
	param_list:  param_list ',' ELLIPSIS.    (115)
	gd_fun_declarator:  gd_pointer CONST ID '(' param_list ',' ELLIPSIS.')' 

	')'  shift 1665
	.  reduce 115 (src line 344)


state 1504
	gd_fun_declarator:  gd_pointer '(' ID ')' '(' params ')'.    (808)

	.  reduce 808 (src line 2331)


state 1505
	param_list:  param_list ','.param 
	param_list:  param_list ','.ELLIPSIS 
	gd_fun_declarator:  gd_pointer '(' ID ')' '(' param_list ','.ELLIPSIS ')' 

	ID  shift 459
	INT  shift 461
	VOID  shift 27
	CONST  shift 458
	CHAR  shift 462
	LONG  shift 463
	UNSIGNED  shift 467
	SHORT  shift 464
	FLOAT  shift 465
	DOUBLE  shift 466
	STRUCT  shift 457
	ENUM  shift 460
	UNION  shift 87
	TYPEOF  shift 37
	INT128  shift 469
	SIGNED  shift 468
	TYPENAME  shift 470
	ELLIPSIS  shift 1666
	.  error

	param  goto 1017
	type_specifier  goto 456

state 1506
	init_entry:  '.' ID '=' assign_expr.    (50)

	.  reduce 50 (src line 233)


state 1507
	init_entry:  '.' ID '=' '{'.init_list '}' 
	init_entry:  '.' ID '=' '{'.init_list ',' '}' 

	NUM  shift 168
	CHAR_LIT  shift 170
	FNUM  shift 169
	ID  shift 161
	STRING_LIT  shift 159
	SIZEOF  shift 178
	VA_ARG  shift 181
	ALIGNOF  shift 179
	GENERIC  shift 180
	INC  shift 174
	DEC  shift 175
	ANDAND  shift 177
	'('  shift 154
	'*'  shift 155
	'['  shift 776
	'.'  shift 775
	'{'  shift 777
	'&'  shift 176
	'-'  shift 171
	'!'  shift 172
	'~'  shift 173
	.  error

	postfix_expr  goto 153
	init_list  goto 1667
	init_entry  goto 773
	assign_expr  goto 774
	expression  goto 778
	var  goto 157
	simple_expression  goto 156
	ternary_expression  goto 160
	logical_expression  goto 162
	comparison_expression  goto 163
	bitwise_expression  goto 164
	additive_expression  goto 165
	term  goto 166
	factor  goto 167
	call  goto 158

state 1508
	init_entry:  '.' ID '.' ID.'=' assign_expr 
	init_entry:  '.' ID '.' ID.'.' ID '=' assign_expr 

	'.'  shift 1669
	'='  shift 1668
	.  error


state 1509
	init_entry:  '[' const_int_expr ']' '='.assign_expr 
	init_entry:  '[' const_int_expr ']' '='.'{' init_list '}' 

	NUM  shift 168
	CHAR_LIT  shift 170
	FNUM  shift 169
	ID  shift 161
	STRING_LIT  shift 159
	SIZEOF  shift 178
	VA_ARG  shift 181
	ALIGNOF  shift 179
	GENERIC  shift 180
	INC  shift 174
	DEC  shift 175
	ANDAND  shift 177
	'('  shift 154
	'*'  shift 155
	'{'  shift 1671
	'&'  shift 176
	'-'  shift 171
	'!'  shift 172
	'~'  shift 173
	.  error

	postfix_expr  goto 153
	assign_expr  goto 1670
	expression  goto 778
	var  goto 157
	simple_expression  goto 156
	ternary_expression  goto 160
	logical_expression  goto 162
	comparison_expression  goto 163
	bitwise_expression  goto 164
	additive_expression  goto 165
	term  goto 166
	factor  goto 167
	call  goto 158

state 1510
	init_entry:  '{' init_list ',' '}'.    (58)

	.  reduce 58 (src line 261)


state 1511
	fp_param_type:  type_specifier '*' '*' ID.    (591)

	.  reduce 591 (src line 1751)


state 1512
	fp_param_type:  type_specifier '*' CONST '*'.    (598)
	fp_param_type:  type_specifier '*' CONST '*'.ID 

	ID  shift 1672
	.  reduce 598 (src line 1759)


state 1513
	fp_param_type:  type_specifier CONST '*' ID.    (579)

	.  reduce 579 (src line 1738)


state 1514
	fp_param_type:  type_specifier CONST '*' '*'.    (594)
	fp_param_type:  type_specifier CONST '*' '*'.ID 

	ID  shift 1673
	.  reduce 594 (src line 1754)


state 1515
	fp_param_type:  type_specifier '[' const_int_expr ']'.    (580)

	.  reduce 580 (src line 1739)


state 1516
	fp_param_type:  STRUCT ID '*' ID.    (571)

	.  reduce 571 (src line 1730)


state 1517
	fp_param_type:  STRUCT ID '*' '*'.    (572)
	fp_param_type:  STRUCT ID '*' '*'.ID 
	fp_param_type:  STRUCT ID '*' '*'.'*' 
	fp_param_type:  STRUCT ID '*' '*'.'*' ID 

	ID  shift 1674
	'*'  shift 1675
	.  reduce 572 (src line 1731)


state 1518
	fp_param_type:  CONST type_specifier '*' ID.    (577)

	.  reduce 577 (src line 1736)


state 1519
	fp_param_type:  CONST type_specifier '*' '*'.    (592)
	fp_param_type:  CONST type_specifier '*' '*'.ID 

	ID  shift 1676
	.  reduce 592 (src line 1752)


state 1520
	fp_param_type:  CONST type_specifier '*' CONST.'*' 
	fp_param_type:  CONST type_specifier '*' CONST.'*' ID 

	'*'  shift 1677
	.  error


state 1521
	fp_param_type:  CONST STRUCT ID '*'.    (584)
	fp_param_type:  CONST STRUCT ID '*'.ID 
	fp_param_type:  CONST STRUCT ID '*'.'*' 
	fp_param_type:  CONST STRUCT ID '*'.'*' ID 

	ID  shift 1678
	'*'  shift 1679
	.  reduce 584 (src line 1743)


state 1522
	fp_param_type:  CONST STRUCT ID '['.const_int_expr ']' 
	fp_param_type:  CONST STRUCT ID '['.']' 

	NUM  shift 194
	ID  shift 198
	SIZEOF  shift 196
	ALIGNOF  shift 197
	'('  shift 195
	']'  shift 1681
	'&'  shift 199
	'-'  shift 192
	'!'  shift 193
	.  error

	const_int_expr  goto 1680
	const_int_ternary  goto 183
	const_int_or  goto 184
	const_int_and  goto 185
	const_int_cmp  goto 186
	const_int_shift  goto 187
	const_int_add  goto 188
	const_int_mul  goto 189
	const_int_unary  goto 190
	const_int_primary  goto 191

state 1523
	typedef_declaration:  TYPEDEF type_specifier '*' '(' '*' ID ')' '('.fp_param_types ')' ';' 
	fp_param_types: .    (562)

	ID  shift 786
	INT  shift 26
	VOID  shift 27
	CONST  shift 784
	CHAR  shift 28
	LONG  shift 29
	UNSIGNED  shift 31
	SHORT  shift 30
	FLOAT  shift 32
	DOUBLE  shift 33
	STRUCT  shift 783
	ENUM  shift 785
	UNION  shift 87
	TYPEOF  shift 37
	INT128  shift 35
	SIGNED  shift 34
	TYPENAME  shift 36
	.  reduce 562 (src line 1712)

	fp_param_types  goto 1682
	fp_param_type_list  goto 780
	fp_param_type  goto 781
	type_specifier  goto 782

state 1524
	typedef_declaration:  TYPEDEF type_specifier '(' '*' ID ')' '(' fp_param_types.')' ';' 

	')'  shift 1683
	.  error


state 1525
	typedef_declaration:  TYPEDEF type_specifier '(' ID ')' '(' fp_param_types ')'.';' 

	';'  shift 1684
	.  error


state 1526
	typedef_declaration:  TYPEDEF CONST type_specifier '*' '(' '*' ID ')'.'(' fp_param_types ')' ';' 

	'('  shift 1685
	.  error


state 1527
	typedef_declaration:  TYPEDEF CONST type_specifier '(' '*' ID ')' '('.fp_param_types ')' ';' 
	fp_param_types: .    (562)

	ID  shift 786
	INT  shift 26
	VOID  shift 27
	CONST  shift 784
	CHAR  shift 28
	LONG  shift 29
	UNSIGNED  shift 31
	SHORT  shift 30
	FLOAT  shift 32
	DOUBLE  shift 33
	STRUCT  shift 783
	ENUM  shift 785
	UNION  shift 87
	TYPEOF  shift 37
	INT128  shift 35
	SIGNED  shift 34
	TYPENAME  shift 36
	.  reduce 562 (src line 1712)

	fp_param_types  goto 1686
	fp_param_type_list  goto 780
	fp_param_type  goto 781
	type_specifier  goto 782

state 1528
	typedef_declaration:  TYPEDEF STRUCT ID ID '[' const_int_expr ']' ';'.    (521)

	.  reduce 521 (src line 1646)


state 1529
	typedef_declaration:  TYPEDEF STRUCT ID TYPENAME '[' const_int_expr ']' ';'.    (522)

	.  reduce 522 (src line 1648)


state 1530
	typedef_declaration:  TYPEDEF STRUCT ID '{' field_list '}' ID ';'.    (501)

	.  reduce 501 (src line 1548)


state 1531
	typedef_declaration:  TYPEDEF STRUCT ID '{' field_list '}' ATTR_PACKED ID.';' 

	';'  shift 1687
	.  error


state 1532
	typedef_declaration:  TYPEDEF STRUCT ID '{' field_list '}' ATTR_PACKED ';'.    (512)

	.  reduce 512 (src line 1611)


state 1533
	typedef_declaration:  TYPEDEF STRUCT ID ATTR_PACKED '{' field_list '}' ID.';' 

	';'  shift 1688
	.  error


state 1534
	typedef_declaration:  TYPEDEF STRUCT ID ATTR_PACKED '{' field_list '}' ';'.    (511)

	.  reduce 511 (src line 1606)


state 1535
	typedef_declaration:  TYPEDEF STRUCT '{' field_list '}' ID '[' const_int_expr.']' ';' 

	']'  shift 1689
	.  error


state 1536
	typedef_declaration:  TYPEDEF STRUCT '{' field_list '}' ATTR_PACKED ID ';'.    (497)

	.  reduce 497 (src line 1519)


state 1537
	typedef_declaration:  TYPEDEF STRUCT ATTR_PACKED '{' field_list '}' ID ';'.    (496)

	.  reduce 496 (src line 1512)


state 1538
	typedef_declaration:  TYPEDEF STRUCT ATTR_PACKED ID '{' field_list '}' ID.';' 

	';'  shift 1690
	.  error


state 1539
	typedef_declaration:  TYPEDEF STRUCT ATTR_PACKED ID '{' field_list '}' ';'.    (510)

	.  reduce 510 (src line 1601)


state 1540
	typedef_declaration:  TYPEDEF UNION ID '{' field_list '}' ID ';'.    (505)

	.  reduce 505 (src line 1572)


state 1541
	typedef_declaration:  TYPEDEF UNION ID '{' field_list '}' ATTR_PACKED ID.';' 

	';'  shift 1691
	.  error


state 1542
	typedef_declaration:  TYPEDEF UNION ID '{' field_list '}' ATTR_PACKED ';'.    (516)

	.  reduce 516 (src line 1631)


state 1543
	typedef_declaration:  TYPEDEF UNION ID ATTR_PACKED '{' field_list '}' ID.';' 

	';'  shift 1692
	.  error


state 1544
	typedef_declaration:  TYPEDEF UNION ID ATTR_PACKED '{' field_list '}' ';'.    (515)

	.  reduce 515 (src line 1626)


state 1545
	typedef_declaration:  TYPEDEF UNION '{' field_list '}' ATTR_PACKED ID ';'.    (500)

	.  reduce 500 (src line 1540)


state 1546
	typedef_declaration:  TYPEDEF UNION ATTR_PACKED '{' field_list '}' ID ';'.    (499)

	.  reduce 499 (src line 1533)


state 1547
	typedef_declaration:  TYPEDEF UNION ATTR_PACKED ID '{' field_list '}' ID.';' 

	';'  shift 1693
	.  error


state 1548
	typedef_declaration:  TYPEDEF UNION ATTR_PACKED ID '{' field_list '}' ';'.    (514)

	.  reduce 514 (src line 1621)


state 1549
	typedef_declaration:  TYPEDEF ENUM ID '{' enum_list '}' ID ';'.    (517)

	.  reduce 517 (src line 1636)


state 1550
	declaration_specifiers:  STATIC CONST STRUCT ID '{' field_list '}' ATTR_PACKED.    (733)

	.  reduce 733 (src line 2110)


state 1551
	declaration_specifiers:  STATIC CONST STRUCT ATTR_PACKED ID '{' field_list '}'.    (732)

	.  reduce 732 (src line 2107)


state 1552
	declaration_specifiers:  EXTERN CONST STRUCT ID '{' field_list '}' ATTR_PACKED.    (739)

	.  reduce 739 (src line 2128)


state 1553
	declaration_specifiers:  EXTERN CONST STRUCT ATTR_PACKED ID '{' field_list '}'.    (738)

	.  reduce 738 (src line 2125)


state 1554
	field_list:  field_list STATIC_ASSERT '(' const_int_expr ',' STRING_LIT ')'.';' 

	';'  shift 1694
	.  error


state 1555
	field_list:  STATIC_ASSERT '(' const_int_expr ',' STRING_LIT ')' ';'.    (608)

	.  reduce 608 (src line 1788)


state 1556
	field:  type_specifier ID '[' const_int_expr ']' '[' const_int_expr.']' ';' 

	']'  shift 1695
	.  error


state 1557
	id_list:  id_list ',' ID '[' const_int_expr ']'.    (221)

	.  reduce 221 (src line 576)


state 1558
	ptr_id_list:  ptr_id_list ',' '*'.ID 

	ID  shift 1696
	.  error


state 1559
	field:  type_specifier '*' ID '[' const_int_expr ']' ';'.    (621)

	.  reduce 621 (src line 1829)


state 1560
	field:  type_specifier '*' ID '[' const_int_expr ']' '['.const_int_expr ']' ';' 

	NUM  shift 194
	ID  shift 198
	SIZEOF  shift 196
	ALIGNOF  shift 197
	'('  shift 195
	'&'  shift 199
	'-'  shift 192
	'!'  shift 193
	.  error

	const_int_expr  goto 1697
	const_int_ternary  goto 183
	const_int_or  goto 184
	const_int_and  goto 185
	const_int_cmp  goto 186
	const_int_shift  goto 187
	const_int_add  goto 188
	const_int_mul  goto 189
	const_int_unary  goto 190
	const_int_primary  goto 191

state 1561
	field:  type_specifier '*' '(' '*' ID ')' '('.fp_param_types ')' ';' 
	fp_param_types: .    (562)

	ID  shift 786
	INT  shift 26
	VOID  shift 27
	CONST  shift 784
	CHAR  shift 28
	LONG  shift 29
	UNSIGNED  shift 31
	SHORT  shift 30
	FLOAT  shift 32
	DOUBLE  shift 33
	STRUCT  shift 783
	ENUM  shift 785
	UNION  shift 87
	TYPEOF  shift 37
	INT128  shift 35
	SIGNED  shift 34
	TYPENAME  shift 36
	.  reduce 562 (src line 1712)

	fp_param_types  goto 1698
	fp_param_type_list  goto 780
	fp_param_type  goto 781
	type_specifier  goto 782

state 1562
	field:  type_specifier '(' '*' ID ')' '(' fp_param_types.')' ';' 

	')'  shift 1699
	.  error


state 1563
	field:  type_specifier '(' '*' ID '[' const_int_expr ']'.')' '(' fp_param_types ')' ';' 

	')'  shift 1700
	.  error


state 1564
	field:  ALIGNAS_SPEC type_specifier ID '[' const_int_expr ']' ';'.    (611)

	.  reduce 611 (src line 1804)


state 1565
	field:  STRUCT ID '*' ID '[' const_int_expr ']'.';' 

	';'  shift 1701
	.  error


state 1566
	field:  STRUCT ID '*' ID ',' ptr_id_list ';'.    (635)

	.  reduce 635 (src line 1858)


state 1567
	field:  STRUCT ID '*' CONST '*' ID ';'.    (636)

	.  reduce 636 (src line 1860)


state 1568
	field:  STRUCT ID ID '[' const_int_expr ']' ';'.    (639)

	.  reduce 639 (src line 1866)


state 1569
	field:  STRUCT ID '{' field_list '}' ID ';'.    (647)

	.  reduce 647 (src line 1898)


state 1570
	field:  STRUCT ID '{' field_list '}' '*' ID.';' 

	';'  shift 1702
	.  error


state 1571
	field:  STRUCT '{' field_list '}' ID '[' const_int_expr.']' ';' 

	']'  shift 1703
	.  error


state 1572
	field:  CONST type_specifier ID '[' const_int_expr ']' ';'.    (629)

	.  reduce 629 (src line 1845)


state 1573
	field:  CONST type_specifier '*' ID '[' const_int_expr ']'.';' 

	';'  shift 1704
	.  error


state 1574
	field:  CONST type_specifier '*' ID '[' ']' ';'.    (628)

	.  reduce 628 (src line 1843)


state 1575
	field:  CONST type_specifier '*' '(' '*' ID ')'.'(' fp_param_types ')' ';' 

	'('  shift 1705
	.  error


state 1576
	field:  CONST type_specifier '(' '*' ID ')' '('.fp_param_types ')' ';' 
	fp_param_types: .    (562)

	ID  shift 786
	INT  shift 26
	VOID  shift 27
	CONST  shift 784
	CHAR  shift 28
	LONG  shift 29
	UNSIGNED  shift 31
	SHORT  shift 30
	FLOAT  shift 32
	DOUBLE  shift 33
	STRUCT  shift 783
	ENUM  shift 785
	UNION  shift 87
	TYPEOF  shift 37
	INT128  shift 35
	SIGNED  shift 34
	TYPENAME  shift 36
	.  reduce 562 (src line 1712)

	fp_param_types  goto 1706
	fp_param_type_list  goto 780
	fp_param_type  goto 781
	type_specifier  goto 782

state 1577
	field:  CONST STRUCT ID '{' field_list '}' '*'.ID ';' 

	ID  shift 1707
	.  error


state 1578
	field:  UNION ID '{' field_list '}' ID ';'.    (650)

	.  reduce 650 (src line 1916)


state 1579
	field:  UNION '{' field_list '}' ID '[' const_int_expr.']' ';' 

	']'  shift 1708
	.  error


state 1580
	postfix_expr:  postfix_expr '[' expression ']' '(' args ')'.    (290)

	.  reduce 290 (src line 833)


state 1581
	postfix_expr:  '(' expression ')' '.' ID '(' args.')' 

	')'  shift 1709
	.  error


state 1582
	postfix_expr:  '(' expression ')' ARROW ID '(' args.')' 

	')'  shift 1710
	.  error


state 1583
	factor:  '(' type_specifier ')' '{' init_list ',' '}'.    (431)

	.  reduce 431 (src line 1224)


state 1584
	init_list:  init_list ','.init_entry 
	factor:  '(' type_specifier '*' ')' '{' init_list ','.'}' 

	NUM  shift 168
	CHAR_LIT  shift 170
	FNUM  shift 169
	ID  shift 161
	STRING_LIT  shift 159
	SIZEOF  shift 178
	VA_ARG  shift 181
	ALIGNOF  shift 179
	GENERIC  shift 180
	INC  shift 174
	DEC  shift 175
	ANDAND  shift 177
	'('  shift 154
	'*'  shift 155
	'['  shift 776
	'.'  shift 775
	'{'  shift 777
	'}'  shift 1711
	'&'  shift 176
	'-'  shift 171
	'!'  shift 172
	'~'  shift 173
	.  error

	postfix_expr  goto 153
	init_entry  goto 1297
	assign_expr  goto 774
	expression  goto 778
	var  goto 157
	simple_expression  goto 156
	ternary_expression  goto 160
	logical_expression  goto 162
	comparison_expression  goto 163
	bitwise_expression  goto 164
	additive_expression  goto 165
	term  goto 166
	factor  goto 167
	call  goto 158

state 1585
	factor:  '(' type_specifier '*' ')' '{' init_list '}'.    (433)

	.  reduce 433 (src line 1232)


state 1586
	factor:  '(' type_specifier '*' '(' '*' ')' '('.fp_param_types ')' ')' factor 
	fp_param_types: .    (562)

	ID  shift 786
	INT  shift 26
	VOID  shift 27
	CONST  shift 784
	CHAR  shift 28
	LONG  shift 29
	UNSIGNED  shift 31
	SHORT  shift 30
	FLOAT  shift 32
	DOUBLE  shift 33
	STRUCT  shift 783
	ENUM  shift 785
	UNION  shift 87
	TYPEOF  shift 37
	INT128  shift 35
	SIGNED  shift 34
	TYPENAME  shift 36
	.  reduce 562 (src line 1712)

	fp_param_types  goto 1712
	fp_param_type_list  goto 780
	fp_param_type  goto 781
	type_specifier  goto 782

state 1587
	factor:  '(' type_specifier '(' '*' ')' '(' fp_param_types.')' ')' factor 

	')'  shift 1713
	.  error


state 1588
	init_list:  init_list.',' init_entry 
	factor:  '(' type_specifier '[' ']' ')' '{' init_list.'}' 
	factor:  '(' type_specifier '[' ']' ')' '{' init_list.',' '}' 

	','  shift 1714
	'}'  shift 1715
	.  error


state 1589
	factor:  '(' type_specifier '[' const_int_expr ']' ')' '{'.init_list '}' 
	factor:  '(' type_specifier '[' const_int_expr ']' ')' '{'.init_list ',' '}' 

	NUM  shift 168
	CHAR_LIT  shift 170
	FNUM  shift 169
	ID  shift 161
	STRING_LIT  shift 159
	SIZEOF  shift 178
	VA_ARG  shift 181
	ALIGNOF  shift 179
	GENERIC  shift 180
	INC  shift 174
	DEC  shift 175
	ANDAND  shift 177
	'('  shift 154
	'*'  shift 155
	'['  shift 776
	'.'  shift 775
	'{'  shift 777
	'&'  shift 176
	'-'  shift 171
	'!'  shift 172
	'~'  shift 173
	.  error

	postfix_expr  goto 153
	init_list  goto 1716
	init_entry  goto 773
	assign_expr  goto 774
	expression  goto 778
	var  goto 157
	simple_expression  goto 156
	ternary_expression  goto 160
	logical_expression  goto 162
	comparison_expression  goto 163
	bitwise_expression  goto 164
	additive_expression  goto 165
	term  goto 166
	factor  goto 167
	call  goto 158

state 1590
	factor:  '(' CONST type_specifier '*' '*' ')' factor.    (416)

	.  reduce 416 (src line 1162)


state 1591
	init_list:  init_list ','.init_entry 
	factor:  '(' STRUCT ID ')' '{' init_list ','.'}' 

	NUM  shift 168
	CHAR_LIT  shift 170
	FNUM  shift 169
	ID  shift 161
	STRING_LIT  shift 159
	SIZEOF  shift 178
	VA_ARG  shift 181
	ALIGNOF  shift 179
	GENERIC  shift 180
	INC  shift 174
	DEC  shift 175
	ANDAND  shift 177
	'('  shift 154
	'*'  shift 155
	'['  shift 776
	'.'  shift 775
	'{'  shift 777
	'}'  shift 1717
	'&'  shift 176
	'-'  shift 171
	'!'  shift 172
	'~'  shift 173
	.  error

	postfix_expr  goto 153
	init_entry  goto 1297
	assign_expr  goto 774
	expression  goto 778
	var  goto 157
	simple_expression  goto 156
	ternary_expression  goto 160
	logical_expression  goto 162
	comparison_expression  goto 163
	bitwise_expression  goto 164
	additive_expression  goto 165
	term  goto 166
	factor  goto 167
	call  goto 158

state 1592
	factor:  '(' STRUCT ID ')' '{' init_list '}'.    (435)

	.  reduce 435 (src line 1242)


state 1593
	factor:  '(' STRUCT '{' field_list '}' '*' ')'.factor 

	NUM  shift 168
	CHAR_LIT  shift 170
	FNUM  shift 169
	ID  shift 161
	STRING_LIT  shift 159
	SIZEOF  shift 178
	VA_ARG  shift 181
	ALIGNOF  shift 179
	GENERIC  shift 180
	INC  shift 174
	DEC  shift 175
	ANDAND  shift 177
	'('  shift 353
	'*'  shift 355
	'&'  shift 176
	'-'  shift 171
	'!'  shift 172
	'~'  shift 173
	.  error

	postfix_expr  goto 354
	var  goto 157
	factor  goto 1718
	call  goto 158

state 1594
	factor:  '(' STRUCT '{' field_list '}' ')' factor.    (420)

	.  reduce 420 (src line 1174)


state 1595
	init_list:  init_list ','.init_entry 
	factor:  '(' UNION ID ')' '{' init_list ','.'}' 

	NUM  shift 168
	CHAR_LIT  shift 170
	FNUM  shift 169
	ID  shift 161
	STRING_LIT  shift 159
	SIZEOF  shift 178
	VA_ARG  shift 181
	ALIGNOF  shift 179
	GENERIC  shift 180
	INC  shift 174
	DEC  shift 175
	ANDAND  shift 177
	'('  shift 154
	'*'  shift 155
	'['  shift 776
	'.'  shift 775
	'{'  shift 777
	'}'  shift 1719
	'&'  shift 176
	'-'  shift 171
	'!'  shift 172
	'~'  shift 173
	.  error

	postfix_expr  goto 153
	init_entry  goto 1297
	assign_expr  goto 774
	expression  goto 778
	var  goto 157
	simple_expression  goto 156
	ternary_expression  goto 160
	logical_expression  goto 162
	comparison_expression  goto 163
	bitwise_expression  goto 164
	additive_expression  goto 165
	term  goto 166
	factor  goto 167
	call  goto 158

state 1596
	factor:  '(' UNION ID ')' '{' init_list '}'.    (438)

	.  reduce 438 (src line 1254)


state 1597
	var:  ID '[' expression ']' '[' expression ']'.    (337)

	.  reduce 337 (src line 952)


 1598: reduce/reduce conflict  (red'ns 299 and 385) on ATTR_ALIAS
 1598: reduce/reduce conflict  (red'ns 299 and 385) on LE
 1598: reduce/reduce conflict  (red'ns 299 and 385) on GE
 1598: reduce/reduce conflict  (red'ns 299 and 385) on EQ
 1598: reduce/reduce conflict  (red'ns 299 and 385) on NE
 1598: reduce/reduce conflict  (red'ns 299 and 385) on LSHIFT
 1598: reduce/reduce conflict  (red'ns 299 and 385) on RSHIFT
 1598: reduce/reduce conflict  (red'ns 299 and 385) on PLUSEQ
 1598: reduce/reduce conflict  (red'ns 299 and 385) on MINUSEQ
 1598: reduce/reduce conflict  (red'ns 299 and 385) on STAREQ
 1598: reduce/reduce conflict  (red'ns 299 and 385) on ANDEQ
 1598: reduce/reduce conflict  (red'ns 299 and 385) on OREQ
 1598: reduce/reduce conflict  (red'ns 299 and 385) on SHLEQ
 1598: reduce/reduce conflict  (red'ns 299 and 385) on SHREQ
 1598: reduce/reduce conflict  (red'ns 299 and 385) on ANDAND
 1598: reduce/reduce conflict  (red'ns 299 and 385) on OROR
 1598: reduce/reduce conflict  (red'ns 299 and 385) on QUESTION
 1598: reduce/reduce conflict  (red'ns 299 and 385) on ';'
 1598: reduce/reduce conflict  (red'ns 299 and 385) on ')'
 1598: reduce/reduce conflict  (red'ns 299 and 385) on ','
 1598: reduce/reduce conflict  (red'ns 299 and 385) on '*'
 1598: reduce/reduce conflict  (red'ns 299 and 385) on ']'
 1598: reduce/reduce conflict  (red'ns 299 and 385) on '='
 1598: reduce/reduce conflict  (red'ns 299 and 385) on '}'
 1598: reduce/reduce conflict  (red'ns 299 and 385) on ':'
 1598: reduce/reduce conflict  (red'ns 299 and 385) on '&'
 1598: reduce/reduce conflict  (red'ns 299 and 385) on '|'
 1598: reduce/reduce conflict  (red'ns 299 and 385) on '^'
 1598: reduce/reduce conflict  (red'ns 299 and 385) on '<'
 1598: reduce/reduce conflict  (red'ns 299 and 385) on '>'
 1598: reduce/reduce conflict  (red'ns 299 and 385) on '+'
 1598: reduce/reduce conflict  (red'ns 299 and 385) on '-'
 1598: reduce/reduce conflict  (red'ns 299 and 385) on '/'
 1598: reduce/reduce conflict  (red'ns 299 and 385) on '%'
state 1598
	postfix_expr:  '(' expression ')' '[' expression ']'.    (299)
	factor:  '&' '(' expression ')' '[' expression ']'.    (385)

	.  reduce 299 (src line 863)


state 1599
	init_list:  init_list.',' init_entry 
	factor:  '&' '(' STRUCT ID ')' '{' init_list.'}' 
	factor:  '&' '(' STRUCT ID ')' '{' init_list.',' '}' 

	','  shift 1720
	'}'  shift 1721
	.  error


state 1600
	factor:  '&' '(' STRUCT ID ')' '{' '}'.    (425)

	.  reduce 425 (src line 1197)


state 1601
	factor:  SIZEOF '(' type_specifier '[' const_int_expr ']' ')'.    (395)

	.  reduce 395 (src line 1088)


state 1602
	generic_assoc_list:  generic_assoc_list ',' generic_assoc.    (442)

	.  reduce 442 (src line 1269)


state 1603
	generic_assoc:  type_specifier ':' assign_expr.    (443)

	.  reduce 443 (src line 1272)


state 1604
	generic_assoc:  DEFAULT ':' assign_expr.    (444)

	.  reduce 444 (src line 1275)


state 1605
	factor:  VA_ARG '(' expression ',' type_specifier '*' ')'.    (408)

	.  reduce 408 (src line 1126)


state 1606
	factor:  VA_ARG '(' expression ',' type_specifier '*' '*'.')' 

	')'  shift 1722
	.  error


state 1607
	factor:  VA_ARG '(' expression ',' CONST type_specifier '*'.')' 

	')'  shift 1723
	.  error


state 1608
	factor:  VA_ARG '(' expression ',' STRUCT ID '*'.')' 

	')'  shift 1724
	.  error


state 1609
	const_int_primary:  SIZEOF '(' type_specifier '[' NUM ']' ')'.    (689)

	.  reduce 689 (src line 2008)


state 1610
	const_int_primary:  SIZEOF '(' ID '[' NUM ']' ')'.    (691)

	.  reduce 691 (src line 2010)


state 1611
	const_int_primary:  SIZEOF '(' ID '.' ID '.' ID.')' 

	')'  shift 1725
	.  error


1612: shift/reduce conflict (shift 1726(0), red'n 682(0)) on ']'
state 1612
	const_int_primary:  NUM.    (682)
	const_int_primary:  SIZEOF '(' '(' ID ')' '[' NUM.']' ')' 

	']'  shift 1726
	.  reduce 682 (src line 2000)


state 1613
	const_int_primary:  SIZEOF '(' '(' ID ')' '[' const_int_expr.']' ')' 

	']'  shift 1727
	.  error


state 1614
	const_int_primary:  SIZEOF '(' '(' ID '.' ID '.'.ID ')' ')' 

	ID  shift 1728
	.  error


state 1615
	const_int_primary:  SIZEOF '(' '(' ID '.' ID ')'.')' 

	')'  shift 1729
	.  error


state 1616
	const_int_primary:  SIZEOF '(' '(' '(' ID '.' ID.'.' ID ')' ')' '[' const_int_expr ']' ')' 
	const_int_primary:  SIZEOF '(' '(' '(' ID '.' ID.')' ')' '[' const_int_expr ']' ')' 

	')'  shift 1731
	'.'  shift 1730
	.  error


state 1617
	const_int_primary:  '&' '(' '(' type_specifier '*' ')' NUM.')' ARROW ID 
	const_int_primary:  '&' '(' '(' type_specifier '*' ')' NUM.')' '.' ID 

	')'  shift 1732
	.  error


state 1618
	local_fun_proto:  ID '(' local_params ')'.    (523)

	.  reduce 523 (src line 1656)


state 1619
	local_params:  local_param_list ','.ELLIPSIS 
	local_param_list:  local_param_list ','.local_param 

	INT  shift 26
	VOID  shift 27
	CONST  shift 1452
	CHAR  shift 28
	LONG  shift 29
	UNSIGNED  shift 31
	SHORT  shift 30
	FLOAT  shift 32
	DOUBLE  shift 33
	STRUCT  shift 1451
	ENUM  shift 44
	UNION  shift 87
	TYPEOF  shift 37
	INT128  shift 35
	SIGNED  shift 34
	TYPENAME  shift 36
	ELLIPSIS  shift 1733
	.  error

	type_specifier  goto 1450
	local_param  goto 1734

state 1620
	local_param:  type_specifier ID.    (533)

	.  reduce 533 (src line 1680)


state 1621
	local_param:  type_specifier '*'.    (534)
	local_param:  type_specifier '*'.ID 
	local_param:  type_specifier '*'.'*' 
	local_param:  type_specifier '*'.'*' ID 
	local_param:  type_specifier '*'.CONST 
	local_param:  type_specifier '*'.CONST ID 

	ID  shift 1735
	CONST  shift 1737
	'*'  shift 1736
	.  reduce 534 (src line 1681)


state 1622
	local_param:  type_specifier CONST.'*' 
	local_param:  type_specifier CONST.'*' ID 

	'*'  shift 1738
	.  error


state 1623
	local_param:  type_specifier '('.'*' ID ')' '(' fp_param_types ')' 
	local_param:  type_specifier '('.'*' ')' '(' fp_param_types ')' 

	'*'  shift 1739
	.  error


1624: shift/reduce conflict (shift 1740(0), red'n 108(0)) on ID
1624: shift/reduce conflict (shift 1741(0), red'n 108(0)) on '*'
 1624: reduce/reduce conflict  (red'ns 108 and 542) on ')'
 1624: reduce/reduce conflict  (red'ns 108 and 542) on ','
state 1624
	type_specifier:  STRUCT ID.    (108)
	local_param:  STRUCT ID.    (542)
	local_param:  STRUCT ID.ID 
	local_param:  STRUCT ID.'*' 
	local_param:  STRUCT ID.'*' ID 
	local_param:  STRUCT ID.'*' '*' 
	local_param:  STRUCT ID.'*' '*' ID 

	ID  shift 1740
	'*'  shift 1741
	.  reduce 108 (src line 326)


state 1625
	local_param:  CONST type_specifier.    (548)
	local_param:  CONST type_specifier.ID 
	local_param:  CONST type_specifier.'*' 
	local_param:  CONST type_specifier.'*' ID 
	local_param:  CONST type_specifier.'*' CONST 
	local_param:  CONST type_specifier.'*' CONST ID 

	ID  shift 1742
	'*'  shift 1743
	.  reduce 548 (src line 1695)


state 1626
	type_specifier:  STRUCT.ID 
	local_param:  CONST STRUCT.ID '*' 
	local_param:  CONST STRUCT.ID '*' ID 
	local_param:  CONST STRUCT.ID '*' '*' 
	local_param:  CONST STRUCT.ID '*' '*' ID 
	local_param:  CONST STRUCT.ID ID 

	ID  shift 1744
	.  error


state 1627
	local_fun_proto:  gd_pointer ID '(' local_params.')' 

	')'  shift 1745
	.  error


state 1628
	local_fun_proto:  gd_pointer CONST ID '('.local_params ')' 
	local_params: .    (529)

	INT  shift 26
	VOID  shift 27
	CONST  shift 1452
	CHAR  shift 28
	LONG  shift 29
	UNSIGNED  shift 31
	SHORT  shift 30
	FLOAT  shift 32
	DOUBLE  shift 33
	STRUCT  shift 1451
	ENUM  shift 44
	UNION  shift 87
	TYPEOF  shift 37
	INT128  shift 35
	SIGNED  shift 34
	TYPENAME  shift 36
	.  reduce 529 (src line 1670)

	type_specifier  goto 1450
	local_params  goto 1746
	local_param_list  goto 1448
	local_param  goto 1449

state 1629
	local_fun_proto:  '(' ID ')' '('.local_params ')' 
	local_params: .    (529)

	INT  shift 26
	VOID  shift 27
	CONST  shift 1452
	CHAR  shift 28
	LONG  shift 29
	UNSIGNED  shift 31
	SHORT  shift 30
	FLOAT  shift 32
	DOUBLE  shift 33
	STRUCT  shift 1451
	ENUM  shift 44
	UNION  shift 87
	TYPEOF  shift 37
	INT128  shift 35
	SIGNED  shift 34
	TYPENAME  shift 36
	.  reduce 529 (src line 1670)

	type_specifier  goto 1450
	local_params  goto 1747
	local_param_list  goto 1448
	local_param  goto 1449

state 1630
	block_item_list:  block_item_list ENUM ID '{' enum_list '}'.';' 

	';'  shift 1748
	.  error


state 1631
	block_item_list:  block_item_list ENUM '{' enum_list '}' ';'.    (210)

	.  reduce 210 (src line 538)


state 1632
	block_item_list:  block_item_list ASM_KW '(' args ')' ';'.    (215)

	.  reduce 215 (src line 551)


state 1633
	block_item_list:  block_item_list STATIC_ASSERT '(' const_int_expr ',' STRING_LIT.')' ';' 

	')'  shift 1749
	.  error


state 1634
	block_item_list:  block_item_list STATIC_ASSERT '(' const_int_expr ')' ';'.    (218)

	.  reduce 218 (src line 562)


state 1635
	selection_stmt:  IF '(' expression ')' statement.    (254)
	selection_stmt:  IF '(' expression ')' statement.ELSE statement 

	ELSE  shift 1750
	.  reduce 254 (src line 682)


state 1636
	iteration_stmt:  WHILE '(' expression ')' statement.    (256)

	.  reduce 256 (src line 689)


state 1637
	iteration_stmt:  WHILE '(' comma_expr_list ')' statement.    (257)

	.  reduce 257 (src line 692)


state 1638
	for_stmt:  FOR '(' opt_expression ';' opt_expression.';' opt_expression ')' statement 
	for_stmt:  FOR '(' opt_expression ';' opt_expression.';' expression ',' expression ')' statement 
	for_stmt:  FOR '(' opt_expression ';' opt_expression.';' expression ',' expression ',' expression ')' statement 

	';'  shift 1751
	.  error


state 1639
	for_stmt:  FOR '(' var_declaration opt_expression ';'.opt_expression ')' statement 
	for_stmt:  FOR '(' var_declaration opt_expression ';'.expression ',' expression ')' statement 
	for_stmt:  FOR '(' var_declaration opt_expression ';'.expression ',' expression ',' expression ')' statement 
	opt_expression: .    (279)

	NUM  shift 168
	CHAR_LIT  shift 170
	FNUM  shift 169
	ID  shift 161
	STRING_LIT  shift 159
	SIZEOF  shift 178
	VA_ARG  shift 181
	ALIGNOF  shift 179
	GENERIC  shift 180
	INC  shift 174
	DEC  shift 175
	ANDAND  shift 177
	'('  shift 154
	'*'  shift 155
	'&'  shift 176
	'-'  shift 171
	'!'  shift 172
	'~'  shift 173
	.  reduce 279 (src line 804)

	postfix_expr  goto 153
	opt_expression  goto 1752
	expression  goto 1753
	var  goto 157
	simple_expression  goto 156
	ternary_expression  goto 160
	logical_expression  goto 162
	comparison_expression  goto 163
	bitwise_expression  goto 164
	additive_expression  goto 165
	term  goto 166
	factor  goto 167
	call  goto 158

state 1640
	for_stmt:  FOR '(' expression ',' expression.';' opt_expression ';' opt_expression ')' statement 
	for_stmt:  FOR '(' expression ',' expression.',' expression ';' opt_expression ';' opt_expression ')' statement 
	for_stmt:  FOR '(' expression ',' expression.';' opt_expression ';' expression ',' expression ')' statement 
	for_stmt:  FOR '(' expression ',' expression.',' expression ';' opt_expression ';' expression ',' expression ')' statement 

	';'  shift 1754
	','  shift 1755
	.  error


state 1641
	do_while_stmt:  DO statement WHILE '(' expression.')' ';' 

	')'  shift 1756
	.  error


state 1642
	switch_stmt:  SWITCH '(' expression ')' '{'.case_list '}' 
	case_list: .    (271)

	.  reduce 271 (src line 774)

	case_list  goto 1757

state 1643
	declaration:  declaration_specifiers '(' '*' ID '[' ']' ')' '(' fp_param_types.')' ';' 
	declaration:  declaration_specifiers '(' '*' ID '[' ']' ')' '(' fp_param_types.')' ATTR_WEAK ';' 

	')'  shift 1758
	.  error


state 1644
	gd_declarator:  '(' '*' ID '[' const_int_expr ']' ')' '('.fp_param_types ')' 
	fp_param_types: .    (562)

	ID  shift 786
	INT  shift 26
	VOID  shift 27
	CONST  shift 784
	CHAR  shift 28
	LONG  shift 29
	UNSIGNED  shift 31
	SHORT  shift 30
	FLOAT  shift 32
	DOUBLE  shift 33
	STRUCT  shift 783
	ENUM  shift 785
	UNION  shift 87
	TYPEOF  shift 37
	INT128  shift 35
	SIGNED  shift 34
	TYPENAME  shift 36
	.  reduce 562 (src line 1712)

	fp_param_types  goto 1759
	fp_param_type_list  goto 780
	fp_param_type  goto 781
	type_specifier  goto 782

state 1645
	gd_declarator:  '(' '*' '*' ID ')' '(' fp_param_types ')'.    (777)

	.  reduce 777 (src line 2252)


state 1646
	gd_declarator:  '(' '*' '(' ID '[' const_int_expr ']' ')'.')' '(' fp_param_types ')' 

	')'  shift 1760
	.  error


state 1647
	gd_fun_declarator:  '(' ID ')' '(' param_list ',' ELLIPSIS ')'.    (807)

	.  reduce 807 (src line 2328)


state 1648
	param:  type_specifier ID '[' const_int_expr ']' '['.const_int_expr ']' 

	NUM  shift 194
	ID  shift 198
	SIZEOF  shift 196
	ALIGNOF  shift 197
	'('  shift 195
	'&'  shift 199
	'-'  shift 192
	'!'  shift 193
	.  error

	const_int_expr  goto 1761
	const_int_ternary  goto 183
	const_int_or  goto 184
	const_int_and  goto 185
	const_int_cmp  goto 186
	const_int_shift  goto 187
	const_int_add  goto 188
	const_int_mul  goto 189
	const_int_unary  goto 190
	const_int_primary  goto 191

state 1649
	param:  type_specifier ID '[' STATIC const_int_expr ']'.    (120)

	.  reduce 120 (src line 359)


state 1650
	param:  type_specifier '*' CONST ID '[' ']'.    (144)

	.  reduce 144 (src line 409)


state 1651
	param:  type_specifier '*' CONST ID '[' const_int_expr.']' 

	']'  shift 1762
	.  error


state 1652
	param:  type_specifier '*' '(' '*' ID ')'.'(' fp_param_types ')' 

	'('  shift 1763
	.  error


state 1653
	param:  type_specifier '*' '(' '*' ')' '('.fp_param_types ')' 
	fp_param_types: .    (562)

	ID  shift 786
	INT  shift 26
	VOID  shift 27
	CONST  shift 784
	CHAR  shift 28
	LONG  shift 29
	UNSIGNED  shift 31
	SHORT  shift 30
	FLOAT  shift 32
	DOUBLE  shift 33
	STRUCT  shift 783
	ENUM  shift 785
	UNION  shift 87
	TYPEOF  shift 37
	INT128  shift 35
	SIGNED  shift 34
	TYPENAME  shift 36
	.  reduce 562 (src line 1712)

	fp_param_types  goto 1764
	fp_param_type_list  goto 780
	fp_param_type  goto 781
	type_specifier  goto 782

state 1654
	param:  type_specifier '(' '*' ID ')' '('.fp_param_types ')' 
	fp_param_types: .    (562)

	ID  shift 786
	INT  shift 26
	VOID  shift 27
	CONST  shift 784
	CHAR  shift 28
	LONG  shift 29
	UNSIGNED  shift 31
	SHORT  shift 30
	FLOAT  shift 32
	DOUBLE  shift 33
	STRUCT  shift 783
	ENUM  shift 785
	UNION  shift 87
	TYPEOF  shift 37
	INT128  shift 35
	SIGNED  shift 34
	TYPENAME  shift 36
	.  reduce 562 (src line 1712)

	fp_param_types  goto 1765
	fp_param_type_list  goto 780
	fp_param_type  goto 781
	type_specifier  goto 782

state 1655
	param:  type_specifier '(' '*' ')' '(' fp_param_types.')' 

	')'  shift 1766
	.  error


state 1656
	param:  STRUCT ID '*' CONST '*' ID.    (134)

	.  reduce 134 (src line 387)


state 1657
	param:  STRUCT ID '*' '(' '*' ID.')' '(' fp_param_types ')' 

	')'  shift 1767
	.  error


state 1658
	param:  STRUCT ID '*' '(' '*' ')'.'(' fp_param_types ')' 

	'('  shift 1768
	.  error


state 1659
	param:  CONST STRUCT ID ID '[' const_int_expr.']' 

	']'  shift 1769
	.  error


state 1660
	param:  CONST STRUCT ID '*' '*' ID.    (131)

	.  reduce 131 (src line 381)


state 1661
	param:  CONST STRUCT ID '[' const_int_expr ']'.    (196)

	.  reduce 196 (src line 499)


state 1662
	param:  CONST type_specifier '*' CONST ID '['.']' 
	param:  CONST type_specifier '*' CONST ID '['.const_int_expr ']' 

	NUM  shift 194
	ID  shift 198
	SIZEOF  shift 196
	ALIGNOF  shift 197
	'('  shift 195
	']'  shift 1770
	'&'  shift 199
	'-'  shift 192
	'!'  shift 193
	.  error

	const_int_expr  goto 1771
	const_int_ternary  goto 183
	const_int_or  goto 184
	const_int_and  goto 185
	const_int_cmp  goto 186
	const_int_shift  goto 187
	const_int_add  goto 188
	const_int_mul  goto 189
	const_int_unary  goto 190
	const_int_primary  goto 191

state 1663
	param:  CONST type_specifier '*' CONST '*' ID.    (154)

	.  reduce 154 (src line 429)


state 1664
	param:  UNSIGNED SHORT ID '[' const_int_expr ']'.    (178)

	.  reduce 178 (src line 461)


state 1665
	gd_fun_declarator:  gd_pointer CONST ID '(' param_list ',' ELLIPSIS ')'.    (811)

	.  reduce 811 (src line 2338)


1666: shift/reduce conflict (shift 1772(0), red'n 115(0)) on ')'
state 1666
	param_list:  param_list ',' ELLIPSIS.    (115)
	gd_fun_declarator:  gd_pointer '(' ID ')' '(' param_list ',' ELLIPSIS.')' 

	')'  shift 1772
	.  reduce 115 (src line 344)


state 1667
	init_list:  init_list.',' init_entry 
	init_entry:  '.' ID '=' '{' init_list.'}' 
	init_entry:  '.' ID '=' '{' init_list.',' '}' 

	','  shift 1773
	'}'  shift 1774
	.  error


state 1668
	init_entry:  '.' ID '.' ID '='.assign_expr 

	NUM  shift 168
	CHAR_LIT  shift 170
	FNUM  shift 169
	ID  shift 161
	STRING_LIT  shift 159
	SIZEOF  shift 178
	VA_ARG  shift 181
	ALIGNOF  shift 179
	GENERIC  shift 180
	INC  shift 174
	DEC  shift 175
	ANDAND  shift 177
	'('  shift 154
	'*'  shift 155
	'&'  shift 176
	'-'  shift 171
	'!'  shift 172
	'~'  shift 173
	.  error

	postfix_expr  goto 153
	assign_expr  goto 1775
	expression  goto 778
	var  goto 157
	simple_expression  goto 156
	ternary_expression  goto 160
	logical_expression  goto 162
	comparison_expression  goto 163
	bitwise_expression  goto 164
	additive_expression  goto 165
	term  goto 166
	factor  goto 167
	call  goto 158

state 1669
	init_entry:  '.' ID '.' ID '.'.ID '=' assign_expr 

	ID  shift 1776
	.  error


state 1670
	init_entry:  '[' const_int_expr ']' '=' assign_expr.    (55)

	.  reduce 55 (src line 253)


state 1671
	init_entry:  '[' const_int_expr ']' '=' '{'.init_list '}' 

	NUM  shift 168
	CHAR_LIT  shift 170
	FNUM  shift 169
	ID  shift 161
	STRING_LIT  shift 159
	SIZEOF  shift 178
	VA_ARG  shift 181
	ALIGNOF  shift 179
	GENERIC  shift 180
	INC  shift 174
	DEC  shift 175
	ANDAND  shift 177
	'('  shift 154
	'*'  shift 155
	'['  shift 776
	'.'  shift 775
	'{'  shift 777
	'&'  shift 176
	'-'  shift 171
	'!'  shift 172
	'~'  shift 173
	.  error

	postfix_expr  goto 153
	init_list  goto 1777
	init_entry  goto 773
	assign_expr  goto 774
	expression  goto 778
	var  goto 157
	simple_expression  goto 156
	ternary_expression  goto 160
	logical_expression  goto 162
	comparison_expression  goto 163
	bitwise_expression  goto 164
	additive_expression  goto 165
	term  goto 166
	factor  goto 167
	call  goto 158

state 1672
	fp_param_type:  type_specifier '*' CONST '*' ID.    (599)

	.  reduce 599 (src line 1760)


state 1673
	fp_param_type:  type_specifier CONST '*' '*' ID.    (595)

	.  reduce 595 (src line 1755)


state 1674
	fp_param_type:  STRUCT ID '*' '*' ID.    (573)

	.  reduce 573 (src line 1732)


state 1675
	fp_param_type:  STRUCT ID '*' '*' '*'.    (574)
	fp_param_type:  STRUCT ID '*' '*' '*'.ID 

	ID  shift 1778
	.  reduce 574 (src line 1733)


state 1676
	fp_param_type:  CONST type_specifier '*' '*' ID.    (593)

	.  reduce 593 (src line 1753)


state 1677
	fp_param_type:  CONST type_specifier '*' CONST '*'.    (596)
	fp_param_type:  CONST type_specifier '*' CONST '*'.ID 

	ID  shift 1779
	.  reduce 596 (src line 1757)


state 1678
	fp_param_type:  CONST STRUCT ID '*' ID.    (585)

	.  reduce 585 (src line 1744)


state 1679
	fp_param_type:  CONST STRUCT ID '*' '*'.    (586)
	fp_param_type:  CONST STRUCT ID '*' '*'.ID 

	ID  shift 1780
	.  reduce 586 (src line 1745)


state 1680
	fp_param_type:  CONST STRUCT ID '[' const_int_expr.']' 

	']'  shift 1781
	.  error


state 1681
	fp_param_type:  CONST STRUCT ID '[' ']'.    (589)

	.  reduce 589 (src line 1748)


state 1682
	typedef_declaration:  TYPEDEF type_specifier '*' '(' '*' ID ')' '(' fp_param_types.')' ';' 

	')'  shift 1782
	.  error


state 1683
	typedef_declaration:  TYPEDEF type_specifier '(' '*' ID ')' '(' fp_param_types ')'.';' 

	';'  shift 1783
	.  error


state 1684
	typedef_declaration:  TYPEDEF type_specifier '(' ID ')' '(' fp_param_types ')' ';'.    (489)

	.  reduce 489 (src line 1465)


state 1685
	typedef_declaration:  TYPEDEF CONST type_specifier '*' '(' '*' ID ')' '('.fp_param_types ')' ';' 
	fp_param_types: .    (562)

	ID  shift 786
	INT  shift 26
	VOID  shift 27
	CONST  shift 784
	CHAR  shift 28
	LONG  shift 29
	UNSIGNED  shift 31
	SHORT  shift 30
	FLOAT  shift 32
	DOUBLE  shift 33
	STRUCT  shift 783
	ENUM  shift 785
	UNION  shift 87
	TYPEOF  shift 37
	INT128  shift 35
	SIGNED  shift 34
	TYPENAME  shift 36
	.  reduce 562 (src line 1712)

	fp_param_types  goto 1784
	fp_param_type_list  goto 780
	fp_param_type  goto 781
	type_specifier  goto 782

state 1686
	typedef_declaration:  TYPEDEF CONST type_specifier '(' '*' ID ')' '(' fp_param_types.')' ';' 

	')'  shift 1785
	.  error


state 1687
	typedef_declaration:  TYPEDEF STRUCT ID '{' field_list '}' ATTR_PACKED ID ';'.    (504)

	.  reduce 504 (src line 1566)


state 1688
	typedef_declaration:  TYPEDEF STRUCT ID ATTR_PACKED '{' field_list '}' ID ';'.    (503)

	.  reduce 503 (src line 1560)


state 1689
	typedef_declaration:  TYPEDEF STRUCT '{' field_list '}' ID '[' const_int_expr ']'.';' 

	';'  shift 1786
	.  error


state 1690
	typedef_declaration:  TYPEDEF STRUCT ATTR_PACKED ID '{' field_list '}' ID ';'.    (502)

	.  reduce 502 (src line 1554)


state 1691
	typedef_declaration:  TYPEDEF UNION ID '{' field_list '}' ATTR_PACKED ID ';'.    (508)

	.  reduce 508 (src line 1590)


state 1692
	typedef_declaration:  TYPEDEF UNION ID ATTR_PACKED '{' field_list '}' ID ';'.    (507)

	.  reduce 507 (src line 1584)


state 1693
	typedef_declaration:  TYPEDEF UNION ATTR_PACKED ID '{' field_list '}' ID ';'.    (506)

	.  reduce 506 (src line 1578)


state 1694
	field_list:  field_list STATIC_ASSERT '(' const_int_expr ',' STRING_LIT ')' ';'.    (606)

	.  reduce 606 (src line 1774)


state 1695
	field:  type_specifier ID '[' const_int_expr ']' '[' const_int_expr ']'.';' 

	';'  shift 1787
	.  error


state 1696
	ptr_id_list:  ptr_id_list ',' '*' ID.    (225)

	.  reduce 225 (src line 590)


state 1697
	field:  type_specifier '*' ID '[' const_int_expr ']' '[' const_int_expr.']' ';' 

	']'  shift 1788
	.  error


state 1698
	field:  type_specifier '*' '(' '*' ID ')' '(' fp_param_types.')' ';' 

	')'  shift 1789
	.  error


state 1699
	field:  type_specifier '(' '*' ID ')' '(' fp_param_types ')'.';' 

	';'  shift 1790
	.  error


state 1700
	field:  type_specifier '(' '*' ID '[' const_int_expr ']' ')'.'(' fp_param_types ')' ';' 

	'('  shift 1791
	.  error


state 1701
	field:  STRUCT ID '*' ID '[' const_int_expr ']' ';'.    (623)

	.  reduce 623 (src line 1833)


state 1702
	field:  STRUCT ID '{' field_list '}' '*' ID ';'.    (648)

	.  reduce 648 (src line 1903)


state 1703
	field:  STRUCT '{' field_list '}' ID '[' const_int_expr ']'.';' 

	';'  shift 1792
	.  error


state 1704
	field:  CONST type_specifier '*' ID '[' const_int_expr ']' ';'.    (627)

	.  reduce 627 (src line 1841)


state 1705
	field:  CONST type_specifier '*' '(' '*' ID ')' '('.fp_param_types ')' ';' 
	fp_param_types: .    (562)

	ID  shift 786
	INT  shift 26
	VOID  shift 27
	CONST  shift 784
	CHAR  shift 28
	LONG  shift 29
	UNSIGNED  shift 31
	SHORT  shift 30
	FLOAT  shift 32
	DOUBLE  shift 33
	STRUCT  shift 783
	ENUM  shift 785
	UNION  shift 87
	TYPEOF  shift 37
	INT128  shift 35
	SIGNED  shift 34
	TYPENAME  shift 36
	.  reduce 562 (src line 1712)

	fp_param_types  goto 1793
	fp_param_type_list  goto 780
	fp_param_type  goto 781
	type_specifier  goto 782

state 1706
	field:  CONST type_specifier '(' '*' ID ')' '(' fp_param_types.')' ';' 

	')'  shift 1794
	.  error


state 1707
	field:  CONST STRUCT ID '{' field_list '}' '*' ID.';' 

	';'  shift 1795
	.  error


state 1708
	field:  UNION '{' field_list '}' ID '[' const_int_expr ']'.';' 

	';'  shift 1796
	.  error


state 1709
	postfix_expr:  '(' expression ')' '.' ID '(' args ')'.    (298)

	.  reduce 298 (src line 859)


state 1710
	postfix_expr:  '(' expression ')' ARROW ID '(' args ')'.    (297)

	.  reduce 297 (src line 856)


state 1711
	factor:  '(' type_specifier '*' ')' '{' init_list ',' '}'.    (434)

	.  reduce 434 (src line 1237)


state 1712
	factor:  '(' type_specifier '*' '(' '*' ')' '(' fp_param_types.')' ')' factor 

	')'  shift 1797
	.  error


state 1713
	factor:  '(' type_specifier '(' '*' ')' '(' fp_param_types ')'.')' factor 

	')'  shift 1798
	.  error


state 1714
	init_list:  init_list ','.init_entry 
	factor:  '(' type_specifier '[' ']' ')' '{' init_list ','.'}' 

	NUM  shift 168
	CHAR_LIT  shift 170
	FNUM  shift 169
	ID  shift 161
	STRING_LIT  shift 159
	SIZEOF  shift 178
	VA_ARG  shift 181
	ALIGNOF  shift 179
	GENERIC  shift 180
	INC  shift 174
	DEC  shift 175
	ANDAND  shift 177
	'('  shift 154
	'*'  shift 155
	'['  shift 776
	'.'  shift 775
	'{'  shift 777
	'}'  shift 1799
	'&'  shift 176
	'-'  shift 171
	'!'  shift 172
	'~'  shift 173
	.  error

	postfix_expr  goto 153
	init_entry  goto 1297
	assign_expr  goto 774
	expression  goto 778
	var  goto 157
	simple_expression  goto 156
	ternary_expression  goto 160
	logical_expression  goto 162
	comparison_expression  goto 163
	bitwise_expression  goto 164
	additive_expression  goto 165
	term  goto 166
	factor  goto 167
	call  goto 158

state 1715
	factor:  '(' type_specifier '[' ']' ')' '{' init_list '}'.    (426)

	.  reduce 426 (src line 1203)


state 1716
	init_list:  init_list.',' init_entry 
	factor:  '(' type_specifier '[' const_int_expr ']' ')' '{' init_list.'}' 
	factor:  '(' type_specifier '[' const_int_expr ']' ')' '{' init_list.',' '}' 

	','  shift 1800
	'}'  shift 1801
	.  error


state 1717
	factor:  '(' STRUCT ID ')' '{' init_list ',' '}'.    (436)

	.  reduce 436 (src line 1246)


state 1718
	factor:  '(' STRUCT '{' field_list '}' '*' ')' factor.    (419)

	.  reduce 419 (src line 1169)


state 1719
	factor:  '(' UNION ID ')' '{' init_list ',' '}'.    (439)

	.  reduce 439 (src line 1258)


state 1720
	init_list:  init_list ','.init_entry 
	factor:  '&' '(' STRUCT ID ')' '{' init_list ','.'}' 

	NUM  shift 168
	CHAR_LIT  shift 170
	FNUM  shift 169
	ID  shift 161
	STRING_LIT  shift 159
	SIZEOF  shift 178
	VA_ARG  shift 181
	ALIGNOF  shift 179
	GENERIC  shift 180
	INC  shift 174
	DEC  shift 175
	ANDAND  shift 177
	'('  shift 154
	'*'  shift 155
	'['  shift 776
	'.'  shift 775
	'{'  shift 777
	'}'  shift 1802
	'&'  shift 176
	'-'  shift 171
	'!'  shift 172
	'~'  shift 173
	.  error

	postfix_expr  goto 153
	init_entry  goto 1297
	assign_expr  goto 774
	expression  goto 778
	var  goto 157
	simple_expression  goto 156
	ternary_expression  goto 160
	logical_expression  goto 162
	comparison_expression  goto 163
	bitwise_expression  goto 164
	additive_expression  goto 165
	term  goto 166
	factor  goto 167
	call  goto 158

state 1721
	factor:  '&' '(' STRUCT ID ')' '{' init_list '}'.    (423)

	.  reduce 423 (src line 1187)


state 1722
	factor:  VA_ARG '(' expression ',' type_specifier '*' '*' ')'.    (410)

	.  reduce 410 (src line 1140)


state 1723
	factor:  VA_ARG '(' expression ',' CONST type_specifier '*' ')'.    (409)

	.  reduce 409 (src line 1133)


state 1724
	factor:  VA_ARG '(' expression ',' STRUCT ID '*' ')'.    (411)

	.  reduce 411 (src line 1147)


state 1725
	const_int_primary:  SIZEOF '(' ID '.' ID '.' ID ')'.    (695)

	.  reduce 695 (src line 2017)


state 1726
	const_int_primary:  SIZEOF '(' '(' ID ')' '[' NUM ']'.')' 

	')'  shift 1803
	.  error


state 1727
	const_int_primary:  SIZEOF '(' '(' ID ')' '[' const_int_expr ']'.')' 

	')'  shift 1804
	.  error


state 1728
	const_int_primary:  SIZEOF '(' '(' ID '.' ID '.' ID.')' ')' 

	')'  shift 1805
	.  error


state 1729
	const_int_primary:  SIZEOF '(' '(' ID '.' ID ')' ')'.    (697)

	.  reduce 697 (src line 2020)


state 1730
	const_int_primary:  SIZEOF '(' '(' '(' ID '.' ID '.'.ID ')' ')' '[' const_int_expr ']' ')' 

	ID  shift 1806
	.  error


state 1731
	const_int_primary:  SIZEOF '(' '(' '(' ID '.' ID ')'.')' '[' const_int_expr ']' ')' 

	')'  shift 1807
	.  error


state 1732
	const_int_primary:  '&' '(' '(' type_specifier '*' ')' NUM ')'.ARROW ID 
	const_int_primary:  '&' '(' '(' type_specifier '*' ')' NUM ')'.'.' ID 

	ARROW  shift 1808
	'.'  shift 1809
	.  error


state 1733
	local_params:  local_param_list ',' ELLIPSIS.    (528)

	.  reduce 528 (src line 1669)


state 1734
	local_param_list:  local_param_list ',' local_param.    (530)

	.  reduce 530 (src line 1673)


state 1735
	local_param:  type_specifier '*' ID.    (535)

	.  reduce 535 (src line 1682)


state 1736
	local_param:  type_specifier '*' '*'.    (536)
	local_param:  type_specifier '*' '*'.ID 

	ID  shift 1810
	.  reduce 536 (src line 1683)


state 1737
	local_param:  type_specifier '*' CONST.    (538)
	local_param:  type_specifier '*' CONST.ID 

	ID  shift 1811
	.  reduce 538 (src line 1685)


state 1738
	local_param:  type_specifier CONST '*'.    (540)
	local_param:  type_specifier CONST '*'.ID 

	ID  shift 1812
	.  reduce 540 (src line 1687)


state 1739
	local_param:  type_specifier '(' '*'.ID ')' '(' fp_param_types ')' 
	local_param:  type_specifier '(' '*'.')' '(' fp_param_types ')' 

	ID  shift 1813
	')'  shift 1814
	.  error


state 1740
	local_param:  STRUCT ID ID.    (543)

	.  reduce 543 (src line 1690)


state 1741
	local_param:  STRUCT ID '*'.    (544)
	local_param:  STRUCT ID '*'.ID 
	local_param:  STRUCT ID '*'.'*' 
	local_param:  STRUCT ID '*'.'*' ID 

	ID  shift 1815
	'*'  shift 1816
	.  reduce 544 (src line 1691)


state 1742
	local_param:  CONST type_specifier ID.    (549)

	.  reduce 549 (src line 1696)


state 1743
	local_param:  CONST type_specifier '*'.    (550)
	local_param:  CONST type_specifier '*'.ID 
	local_param:  CONST type_specifier '*'.CONST 
	local_param:  CONST type_specifier '*'.CONST ID 

	ID  shift 1817
	CONST  shift 1818
	.  reduce 550 (src line 1697)


1744: shift/reduce conflict (shift 1820(0), red'n 108(0)) on ID
1744: shift/reduce conflict (shift 1819(0), red'n 108(0)) on '*'
state 1744
	type_specifier:  STRUCT ID.    (108)
	local_param:  CONST STRUCT ID.'*' 
	local_param:  CONST STRUCT ID.'*' ID 
	local_param:  CONST STRUCT ID.'*' '*' 
	local_param:  CONST STRUCT ID.'*' '*' ID 
	local_param:  CONST STRUCT ID.ID 

	ID  shift 1820
	'*'  shift 1819
	.  reduce 108 (src line 326)


state 1745
	local_fun_proto:  gd_pointer ID '(' local_params ')'.    (524)

	.  reduce 524 (src line 1659)


state 1746
	local_fun_proto:  gd_pointer CONST ID '(' local_params.')' 

	')'  shift 1821
	.  error


state 1747
	local_fun_proto:  '(' ID ')' '(' local_params.')' 

	')'  shift 1822
	.  error


state 1748
	block_item_list:  block_item_list ENUM ID '{' enum_list '}' ';'.    (211)

	.  reduce 211 (src line 540)


state 1749
	block_item_list:  block_item_list STATIC_ASSERT '(' const_int_expr ',' STRING_LIT ')'.';' 

	';'  shift 1823
	.  error


state 1750
	selection_stmt:  IF '(' expression ')' statement ELSE.statement 

	NUM  shift 168
	CHAR_LIT  shift 170
	FNUM  shift 169
	ID  shift 718
	STRING_LIT  shift 159
	IF  shift 722
	WHILE  shift 723
	RETURN  shift 727
	FOR  shift 724
	DO  shift 725
	BREAK  shift 728
	CONTINUE  shift 729
	GOTO  shift 730
	SIZEOF  shift 178
	VA_ARG  shift 181
	SWITCH  shift 726
	ALIGNOF  shift 179
	GENERIC  shift 180
	INC  shift 174
	DEC  shift 175
	ANDAND  shift 177
	';'  shift 721
	'('  shift 154
	'*'  shift 155
	'{'  shift 207
	'&'  shift 176
	'-'  shift 171
	'!'  shift 172
	'~'  shift 173
	.  error

	compound_stmt  goto 708
	postfix_expr  goto 153
	statement  goto 1824
	expression_stmt  goto 707
	selection_stmt  goto 709
	iteration_stmt  goto 710
	for_stmt  goto 711
	do_while_stmt  goto 712
	switch_stmt  goto 713
	return_stmt  goto 714
	break_stmt  goto 715
	continue_stmt  goto 716
	goto_stmt  goto 717
	expression  goto 719
	var  goto 157
	simple_expression  goto 156
	ternary_expression  goto 160
	logical_expression  goto 162
	comparison_expression  goto 163
	bitwise_expression  goto 164
	additive_expression  goto 165
	term  goto 166
	factor  goto 167
	call  goto 158
	comma_expr_list  goto 720

state 1751
	for_stmt:  FOR '(' opt_expression ';' opt_expression ';'.opt_expression ')' statement 
	for_stmt:  FOR '(' opt_expression ';' opt_expression ';'.expression ',' expression ')' statement 
	for_stmt:  FOR '(' opt_expression ';' opt_expression ';'.expression ',' expression ',' expression ')' statement 
	opt_expression: .    (279)

	NUM  shift 168
	CHAR_LIT  shift 170
	FNUM  shift 169
	ID  shift 161
	STRING_LIT  shift 159
	SIZEOF  shift 178
	VA_ARG  shift 181
	ALIGNOF  shift 179
	GENERIC  shift 180
	INC  shift 174
	DEC  shift 175
	ANDAND  shift 177
	'('  shift 154
	'*'  shift 155
	'&'  shift 176
	'-'  shift 171
	'!'  shift 172
	'~'  shift 173
	.  reduce 279 (src line 804)

	postfix_expr  goto 153
	opt_expression  goto 1825
	expression  goto 1826
	var  goto 157
	simple_expression  goto 156
	ternary_expression  goto 160
	logical_expression  goto 162
	comparison_expression  goto 163
	bitwise_expression  goto 164
	additive_expression  goto 165
	term  goto 166
	factor  goto 167
	call  goto 158

state 1752
	for_stmt:  FOR '(' var_declaration opt_expression ';' opt_expression.')' statement 

	')'  shift 1827
	.  error


state 1753
	for_stmt:  FOR '(' var_declaration opt_expression ';' expression.',' expression ')' statement 
	for_stmt:  FOR '(' var_declaration opt_expression ';' expression.',' expression ',' expression ')' statement 
	opt_expression:  expression.    (278)

	','  shift 1828
	.  reduce 278 (src line 802)


state 1754
	for_stmt:  FOR '(' expression ',' expression ';'.opt_expression ';' opt_expression ')' statement 
	for_stmt:  FOR '(' expression ',' expression ';'.opt_expression ';' expression ',' expression ')' statement 
	opt_expression: .    (279)

	NUM  shift 168
	CHAR_LIT  shift 170
	FNUM  shift 169
	ID  shift 161
	STRING_LIT  shift 159
	SIZEOF  shift 178
	VA_ARG  shift 181
	ALIGNOF  shift 179
	GENERIC  shift 180
	INC  shift 174
	DEC  shift 175
	ANDAND  shift 177
	'('  shift 154
	'*'  shift 155
	'&'  shift 176
	'-'  shift 171
	'!'  shift 172
	'~'  shift 173
	.  reduce 279 (src line 804)

	postfix_expr  goto 153
	opt_expression  goto 1829
	expression  goto 1466
	var  goto 157
	simple_expression  goto 156
	ternary_expression  goto 160
	logical_expression  goto 162
	comparison_expression  goto 163
	bitwise_expression  goto 164
	additive_expression  goto 165
	term  goto 166
	factor  goto 167
	call  goto 158

state 1755
	for_stmt:  FOR '(' expression ',' expression ','.expression ';' opt_expression ';' opt_expression ')' statement 
	for_stmt:  FOR '(' expression ',' expression ','.expression ';' opt_expression ';' expression ',' expression ')' statement 

	NUM  shift 168
	CHAR_LIT  shift 170
	FNUM  shift 169
	ID  shift 161
	STRING_LIT  shift 159
	SIZEOF  shift 178
	VA_ARG  shift 181
	ALIGNOF  shift 179
	GENERIC  shift 180
	INC  shift 174
	DEC  shift 175
	ANDAND  shift 177
	'('  shift 154
	'*'  shift 155
	'&'  shift 176
	'-'  shift 171
	'!'  shift 172
	'~'  shift 173
	.  error

	postfix_expr  goto 153
	expression  goto 1830
	var  goto 157
	simple_expression  goto 156
	ternary_expression  goto 160
	logical_expression  goto 162
	comparison_expression  goto 163
	bitwise_expression  goto 164
	additive_expression  goto 165
	term  goto 166
	factor  goto 167
	call  goto 158

state 1756
	do_while_stmt:  DO statement WHILE '(' expression ')'.';' 

	';'  shift 1831
	.  error


state 1757
	switch_stmt:  SWITCH '(' expression ')' '{' case_list.'}' 
	case_list:  case_list.case_item 

	CASE  shift 1834
	DEFAULT  shift 1835
	'}'  shift 1832
	.  error

	case_item  goto 1833

state 1758
	declaration:  declaration_specifiers '(' '*' ID '[' ']' ')' '(' fp_param_types ')'.';' 
	declaration:  declaration_specifiers '(' '*' ID '[' ']' ')' '(' fp_param_types ')'.ATTR_WEAK ';' 

	ATTR_WEAK  shift 1837
	';'  shift 1836
	.  error


state 1759
	gd_declarator:  '(' '*' ID '[' const_int_expr ']' ')' '(' fp_param_types.')' 

	')'  shift 1838
	.  error


state 1760
	gd_declarator:  '(' '*' '(' ID '[' const_int_expr ']' ')' ')'.'(' fp_param_types ')' 

	'('  shift 1839
	.  error


state 1761
	param:  type_specifier ID '[' const_int_expr ']' '[' const_int_expr.']' 

	']'  shift 1840
	.  error


state 1762
	param:  type_specifier '*' CONST ID '[' const_int_expr ']'.    (146)

	.  reduce 146 (src line 413)


state 1763
	param:  type_specifier '*' '(' '*' ID ')' '('.fp_param_types ')' 
	fp_param_types: .    (562)

	ID  shift 786
	INT  shift 26
	VOID  shift 27
	CONST  shift 784
	CHAR  shift 28
	LONG  shift 29
	UNSIGNED  shift 31
	SHORT  shift 30
	FLOAT  shift 32
	DOUBLE  shift 33
	STRUCT  shift 783
	ENUM  shift 785
	UNION  shift 87
	TYPEOF  shift 37
	INT128  shift 35
	SIGNED  shift 34
	TYPENAME  shift 36
	.  reduce 562 (src line 1712)

	fp_param_types  goto 1841
	fp_param_type_list  goto 780
	fp_param_type  goto 781
	type_specifier  goto 782

state 1764
	param:  type_specifier '*' '(' '*' ')' '(' fp_param_types.')' 

	')'  shift 1842
	.  error


state 1765
	param:  type_specifier '(' '*' ID ')' '(' fp_param_types.')' 

	')'  shift 1843
	.  error


state 1766
	param:  type_specifier '(' '*' ')' '(' fp_param_types ')'.    (187)

	.  reduce 187 (src line 475)


state 1767
	param:  STRUCT ID '*' '(' '*' ID ')'.'(' fp_param_types ')' 

	'('  shift 1844
	.  error


state 1768
	param:  STRUCT ID '*' '(' '*' ')' '('.fp_param_types ')' 
	fp_param_types: .    (562)

	ID  shift 786
	INT  shift 26
	VOID  shift 27
	CONST  shift 784
	CHAR  shift 28
	LONG  shift 29
	UNSIGNED  shift 31
	SHORT  shift 30
	FLOAT  shift 32
	DOUBLE  shift 33
	STRUCT  shift 783
	ENUM  shift 785
	UNION  shift 87
	TYPEOF  shift 37
	INT128  shift 35
	SIGNED  shift 34
	TYPENAME  shift 36
	.  reduce 562 (src line 1712)

	fp_param_types  goto 1845
	fp_param_type_list  goto 780
	fp_param_type  goto 781
	type_specifier  goto 782

state 1769
	param:  CONST STRUCT ID ID '[' const_int_expr ']'.    (197)

	.  reduce 197 (src line 501)


state 1770
	param:  CONST type_specifier '*' CONST ID '[' ']'.    (141)

	.  reduce 141 (src line 403)


state 1771
	param:  CONST type_specifier '*' CONST ID '[' const_int_expr.']' 

	']'  shift 1846
	.  error


state 1772
	gd_fun_declarator:  gd_pointer '(' ID ')' '(' param_list ',' ELLIPSIS ')'.    (809)

	.  reduce 809 (src line 2333)


state 1773
	init_list:  init_list ','.init_entry 
	init_entry:  '.' ID '=' '{' init_list ','.'}' 

	NUM  shift 168
	CHAR_LIT  shift 170
	FNUM  shift 169
	ID  shift 161
	STRING_LIT  shift 159
	SIZEOF  shift 178
	VA_ARG  shift 181
	ALIGNOF  shift 179
	GENERIC  shift 180
	INC  shift 174
	DEC  shift 175
	ANDAND  shift 177
	'('  shift 154
	'*'  shift 155
	'['  shift 776
	'.'  shift 775
	'{'  shift 777
	'}'  shift 1847
	'&'  shift 176
	'-'  shift 171
	'!'  shift 172
	'~'  shift 173
	.  error

	postfix_expr  goto 153
	init_entry  goto 1297
	assign_expr  goto 774
	expression  goto 778
	var  goto 157
	simple_expression  goto 156
	ternary_expression  goto 160
	logical_expression  goto 162
	comparison_expression  goto 163
	bitwise_expression  goto 164
	additive_expression  goto 165
	term  goto 166
	factor  goto 167
	call  goto 158

state 1774
	init_entry:  '.' ID '=' '{' init_list '}'.    (53)

	.  reduce 53 (src line 247)


state 1775
	init_entry:  '.' ID '.' ID '=' assign_expr.    (51)

	.  reduce 51 (src line 235)


state 1776
	init_entry:  '.' ID '.' ID '.' ID.'=' assign_expr 

	'='  shift 1848
	.  error


state 1777
	init_list:  init_list.',' init_entry 
	init_entry:  '[' const_int_expr ']' '=' '{' init_list.'}' 

	','  shift 1849
	'}'  shift 1850
	.  error


state 1778
	fp_param_type:  STRUCT ID '*' '*' '*' ID.    (575)

	.  reduce 575 (src line 1734)


state 1779
	fp_param_type:  CONST type_specifier '*' CONST '*' ID.    (597)

	.  reduce 597 (src line 1758)


state 1780
	fp_param_type:  CONST STRUCT ID '*' '*' ID.    (587)

	.  reduce 587 (src line 1746)


state 1781
	fp_param_type:  CONST STRUCT ID '[' const_int_expr ']'.    (588)

	.  reduce 588 (src line 1747)


state 1782
	typedef_declaration:  TYPEDEF type_specifier '*' '(' '*' ID ')' '(' fp_param_types ')'.';' 

	';'  shift 1851
	.  error


state 1783
	typedef_declaration:  TYPEDEF type_specifier '(' '*' ID ')' '(' fp_param_types ')' ';'.    (488)

	.  reduce 488 (src line 1458)


state 1784
	typedef_declaration:  TYPEDEF CONST type_specifier '*' '(' '*' ID ')' '(' fp_param_types.')' ';' 

	')'  shift 1852
	.  error


state 1785
	typedef_declaration:  TYPEDEF CONST type_specifier '(' '*' ID ')' '(' fp_param_types ')'.';' 

	';'  shift 1853
	.  error


state 1786
	typedef_declaration:  TYPEDEF STRUCT '{' field_list '}' ID '[' const_int_expr ']' ';'.    (495)

	.  reduce 495 (src line 1505)


state 1787
	field:  type_specifier ID '[' const_int_expr ']' '[' const_int_expr ']' ';'.    (616)

	.  reduce 616 (src line 1819)


state 1788
	field:  type_specifier '*' ID '[' const_int_expr ']' '[' const_int_expr ']'.';' 

	';'  shift 1854
	.  error


state 1789
	field:  type_specifier '*' '(' '*' ID ')' '(' fp_param_types ')'.';' 

	';'  shift 1855
	.  error


state 1790
	field:  type_specifier '(' '*' ID ')' '(' fp_param_types ')' ';'.    (630)

	.  reduce 630 (src line 1847)


state 1791
	field:  type_specifier '(' '*' ID '[' const_int_expr ']' ')' '('.fp_param_types ')' ';' 
	fp_param_types: .    (562)

	ID  shift 786
	INT  shift 26
	VOID  shift 27
	CONST  shift 784
	CHAR  shift 28
	LONG  shift 29
	UNSIGNED  shift 31
	SHORT  shift 30
	FLOAT  shift 32
	DOUBLE  shift 33
	STRUCT  shift 783
	ENUM  shift 785
	UNION  shift 87
	TYPEOF  shift 37
	INT128  shift 35
	SIGNED  shift 34
	TYPENAME  shift 36
	.  reduce 562 (src line 1712)

	fp_param_types  goto 1856
	fp_param_type_list  goto 780
	fp_param_type  goto 781
	type_specifier  goto 782

state 1792
	field:  STRUCT '{' field_list '}' ID '[' const_int_expr ']' ';'.    (652)

	.  reduce 652 (src line 1926)


state 1793
	field:  CONST type_specifier '*' '(' '*' ID ')' '(' fp_param_types.')' ';' 

	')'  shift 1857
	.  error


state 1794
	field:  CONST type_specifier '(' '*' ID ')' '(' fp_param_types ')'.';' 

	';'  shift 1858
	.  error


state 1795
	field:  CONST STRUCT ID '{' field_list '}' '*' ID ';'.    (649)

	.  reduce 649 (src line 1910)


state 1796
	field:  UNION '{' field_list '}' ID '[' const_int_expr ']' ';'.    (653)

	.  reduce 653 (src line 1934)


state 1797
	factor:  '(' type_specifier '*' '(' '*' ')' '(' fp_param_types ')'.')' factor 

	')'  shift 1859
	.  error


state 1798
	factor:  '(' type_specifier '(' '*' ')' '(' fp_param_types ')' ')'.factor 

	NUM  shift 168
	CHAR_LIT  shift 170
	FNUM  shift 169
	ID  shift 161
	STRING_LIT  shift 159
	SIZEOF  shift 178
	VA_ARG  shift 181
	ALIGNOF  shift 179
	GENERIC  shift 180
	INC  shift 174
	DEC  shift 175
	ANDAND  shift 177
	'('  shift 353
	'*'  shift 355
	'&'  shift 176
	'-'  shift 171
	'!'  shift 172
	'~'  shift 173
	.  error

	postfix_expr  goto 354
	var  goto 157
	factor  goto 1860
	call  goto 158

state 1799
	factor:  '(' type_specifier '[' ']' ')' '{' init_list ',' '}'.    (427)

	.  reduce 427 (src line 1207)


state 1800
	init_list:  init_list ','.init_entry 
	factor:  '(' type_specifier '[' const_int_expr ']' ')' '{' init_list ','.'}' 

	NUM  shift 168
	CHAR_LIT  shift 170
	FNUM  shift 169
	ID  shift 161
	STRING_LIT  shift 159
	SIZEOF  shift 178
	VA_ARG  shift 181
	ALIGNOF  shift 179
	GENERIC  shift 180
	INC  shift 174
	DEC  shift 175
	ANDAND  shift 177
	'('  shift 154
	'*'  shift 155
	'['  shift 776
	'.'  shift 775
	'{'  shift 777
	'}'  shift 1861
	'&'  shift 176
	'-'  shift 171
	'!'  shift 172
	'~'  shift 173
	.  error

	postfix_expr  goto 153
	init_entry  goto 1297
	assign_expr  goto 774
	expression  goto 778
	var  goto 157
	simple_expression  goto 156
	ternary_expression  goto 160
	logical_expression  goto 162
	comparison_expression  goto 163
	bitwise_expression  goto 164
	additive_expression  goto 165
	term  goto 166
	factor  goto 167
	call  goto 158

state 1801
	factor:  '(' type_specifier '[' const_int_expr ']' ')' '{' init_list '}'.    (428)

	.  reduce 428 (src line 1211)


state 1802
	factor:  '&' '(' STRUCT ID ')' '{' init_list ',' '}'.    (424)

	.  reduce 424 (src line 1192)


state 1803
	const_int_primary:  SIZEOF '(' '(' ID ')' '[' NUM ']' ')'.    (692)

	.  reduce 692 (src line 2012)


state 1804
	const_int_primary:  SIZEOF '(' '(' ID ')' '[' const_int_expr ']' ')'.    (693)

	.  reduce 693 (src line 2014)


state 1805
	const_int_primary:  SIZEOF '(' '(' ID '.' ID '.' ID ')'.')' 

	')'  shift 1862
	.  error


state 1806
	const_int_primary:  SIZEOF '(' '(' '(' ID '.' ID '.' ID.')' ')' '[' const_int_expr ']' ')' 

	')'  shift 1863
	.  error


state 1807
	const_int_primary:  SIZEOF '(' '(' '(' ID '.' ID ')' ')'.'[' const_int_expr ']' ')' 

	'['  shift 1864
	.  error


state 1808
	const_int_primary:  '&' '(' '(' type_specifier '*' ')' NUM ')' ARROW.ID 

	ID  shift 1865
	.  error


state 1809
	const_int_primary:  '&' '(' '(' type_specifier '*' ')' NUM ')' '.'.ID 

	ID  shift 1866
	.  error


state 1810
	local_param:  type_specifier '*' '*' ID.    (537)

	.  reduce 537 (src line 1684)


state 1811
	local_param:  type_specifier '*' CONST ID.    (539)

	.  reduce 539 (src line 1686)


state 1812
	local_param:  type_specifier CONST '*' ID.    (541)

	.  reduce 541 (src line 1688)


state 1813
	local_param:  type_specifier '(' '*' ID.')' '(' fp_param_types ')' 

	')'  shift 1867
	.  error


state 1814
	local_param:  type_specifier '(' '*' ')'.'(' fp_param_types ')' 

	'('  shift 1868
	.  error


state 1815
	local_param:  STRUCT ID '*' ID.    (545)

	.  reduce 545 (src line 1692)


state 1816
	local_param:  STRUCT ID '*' '*'.    (546)
	local_param:  STRUCT ID '*' '*'.ID 

	ID  shift 1869
	.  reduce 546 (src line 1693)


state 1817
	local_param:  CONST type_specifier '*' ID.    (551)

	.  reduce 551 (src line 1698)


state 1818
	local_param:  CONST type_specifier '*' CONST.    (552)
	local_param:  CONST type_specifier '*' CONST.ID 

	ID  shift 1870
	.  reduce 552 (src line 1699)


state 1819
	local_param:  CONST STRUCT ID '*'.    (554)
	local_param:  CONST STRUCT ID '*'.ID 
	local_param:  CONST STRUCT ID '*'.'*' 
	local_param:  CONST STRUCT ID '*'.'*' ID 

	ID  shift 1871
	'*'  shift 1872
	.  reduce 554 (src line 1701)


state 1820
	local_param:  CONST STRUCT ID ID.    (558)

	.  reduce 558 (src line 1705)


state 1821
	local_fun_proto:  gd_pointer CONST ID '(' local_params ')'.    (525)

	.  reduce 525 (src line 1661)


state 1822
	local_fun_proto:  '(' ID ')' '(' local_params ')'.    (526)

	.  reduce 526 (src line 1663)


state 1823
	block_item_list:  block_item_list STATIC_ASSERT '(' const_int_expr ',' STRING_LIT ')' ';'.    (217)

	.  reduce 217 (src line 555)


state 1824
	selection_stmt:  IF '(' expression ')' statement ELSE statement.    (255)

	.  reduce 255 (src line 685)


state 1825
	for_stmt:  FOR '(' opt_expression ';' opt_expression ';' opt_expression.')' statement 

	')'  shift 1873
	.  error


state 1826
	for_stmt:  FOR '(' opt_expression ';' opt_expression ';' expression.',' expression ')' statement 
	for_stmt:  FOR '(' opt_expression ';' opt_expression ';' expression.',' expression ',' expression ')' statement 
	opt_expression:  expression.    (278)

	','  shift 1874
	.  reduce 278 (src line 802)


state 1827
	for_stmt:  FOR '(' var_declaration opt_expression ';' opt_expression ')'.statement 

	NUM  shift 168
	CHAR_LIT  shift 170
	FNUM  shift 169
	ID  shift 718
	STRING_LIT  shift 159
	IF  shift 722
	WHILE  shift 723
	RETURN  shift 727
	FOR  shift 724
	DO  shift 725
	BREAK  shift 728
	CONTINUE  shift 729
	GOTO  shift 730
	SIZEOF  shift 178
	VA_ARG  shift 181
	SWITCH  shift 726
	ALIGNOF  shift 179
	GENERIC  shift 180
	INC  shift 174
	DEC  shift 175
	ANDAND  shift 177
	';'  shift 721
	'('  shift 154
	'*'  shift 155
	'{'  shift 207
	'&'  shift 176
	'-'  shift 171
	'!'  shift 172
	'~'  shift 173
	.  error

	compound_stmt  goto 708
	postfix_expr  goto 153
	statement  goto 1875
	expression_stmt  goto 707
	selection_stmt  goto 709
	iteration_stmt  goto 710
	for_stmt  goto 711
	do_while_stmt  goto 712
	switch_stmt  goto 713
	return_stmt  goto 714
	break_stmt  goto 715
	continue_stmt  goto 716
	goto_stmt  goto 717
	expression  goto 719
	var  goto 157
	simple_expression  goto 156
	ternary_expression  goto 160
	logical_expression  goto 162
	comparison_expression  goto 163
	bitwise_expression  goto 164
	additive_expression  goto 165
	term  goto 166
	factor  goto 167
	call  goto 158
	comma_expr_list  goto 720

state 1828
	for_stmt:  FOR '(' var_declaration opt_expression ';' expression ','.expression ')' statement 
	for_stmt:  FOR '(' var_declaration opt_expression ';' expression ','.expression ',' expression ')' statement 

	NUM  shift 168
	CHAR_LIT  shift 170
	FNUM  shift 169
	ID  shift 161
	STRING_LIT  shift 159
	SIZEOF  shift 178
	VA_ARG  shift 181
	ALIGNOF  shift 179
	GENERIC  shift 180
	INC  shift 174
	DEC  shift 175
	ANDAND  shift 177
	'('  shift 154
	'*'  shift 155
	'&'  shift 176
	'-'  shift 171
	'!'  shift 172
	'~'  shift 173
	.  error

	postfix_expr  goto 153
	expression  goto 1876
	var  goto 157
	simple_expression  goto 156
	ternary_expression  goto 160
	logical_expression  goto 162
	comparison_expression  goto 163
	bitwise_expression  goto 164
	additive_expression  goto 165
	term  goto 166
	factor  goto 167
	call  goto 158

state 1829
	for_stmt:  FOR '(' expression ',' expression ';' opt_expression.';' opt_expression ')' statement 
	for_stmt:  FOR '(' expression ',' expression ';' opt_expression.';' expression ',' expression ')' statement 

	';'  shift 1877
	.  error


state 1830
	for_stmt:  FOR '(' expression ',' expression ',' expression.';' opt_expression ';' opt_expression ')' statement 
	for_stmt:  FOR '(' expression ',' expression ',' expression.';' opt_expression ';' expression ',' expression ')' statement 

	';'  shift 1878
	.  error


state 1831
	do_while_stmt:  DO statement WHILE '(' expression ')' ';'.    (268)

	.  reduce 268 (src line 761)


state 1832
	switch_stmt:  SWITCH '(' expression ')' '{' case_list '}'.    (269)

	.  reduce 269 (src line 766)


state 1833
	case_list:  case_list case_item.    (270)

	.  reduce 270 (src line 771)


state 1834
	case_item:  CASE.expression ':' block_item_list 

	NUM  shift 168
	CHAR_LIT  shift 170
	FNUM  shift 169
	ID  shift 161
	STRING_LIT  shift 159
	SIZEOF  shift 178
	VA_ARG  shift 181
	ALIGNOF  shift 179
	GENERIC  shift 180
	INC  shift 174
	DEC  shift 175
	ANDAND  shift 177
	'('  shift 154
	'*'  shift 155
	'&'  shift 176
	'-'  shift 171
	'!'  shift 172
	'~'  shift 173
	.  error

	postfix_expr  goto 153
	expression  goto 1879
	var  goto 157
	simple_expression  goto 156
	ternary_expression  goto 160
	logical_expression  goto 162
	comparison_expression  goto 163
	bitwise_expression  goto 164
	additive_expression  goto 165
	term  goto 166
	factor  goto 167
	call  goto 158

state 1835
	case_item:  DEFAULT.':' block_item_list 

	':'  shift 1880
	.  error


state 1836
	declaration:  declaration_specifiers '(' '*' ID '[' ']' ')' '(' fp_param_types ')' ';'.    (44)

	.  reduce 44 (src line 205)


state 1837
	declaration:  declaration_specifiers '(' '*' ID '[' ']' ')' '(' fp_param_types ')' ATTR_WEAK.';' 

	';'  shift 1881
	.  error


state 1838
	gd_declarator:  '(' '*' ID '[' const_int_expr ']' ')' '(' fp_param_types ')'.    (778)

	.  reduce 778 (src line 2254)


state 1839
	gd_declarator:  '(' '*' '(' ID '[' const_int_expr ']' ')' ')' '('.fp_param_types ')' 
	fp_param_types: .    (562)

	ID  shift 786
	INT  shift 26
	VOID  shift 27
	CONST  shift 784
	CHAR  shift 28
	LONG  shift 29
	UNSIGNED  shift 31
	SHORT  shift 30
	FLOAT  shift 32
	DOUBLE  shift 33
	STRUCT  shift 783
	ENUM  shift 785
	UNION  shift 87
	TYPEOF  shift 37
	INT128  shift 35
	SIGNED  shift 34
	TYPENAME  shift 36
	.  reduce 562 (src line 1712)

	fp_param_types  goto 1882
	fp_param_type_list  goto 780
	fp_param_type  goto 781
	type_specifier  goto 782

state 1840
	param:  type_specifier ID '[' const_int_expr ']' '[' const_int_expr ']'.    (118)

	.  reduce 118 (src line 353)


state 1841
	param:  type_specifier '*' '(' '*' ID ')' '(' fp_param_types.')' 

	')'  shift 1883
	.  error


state 1842
	param:  type_specifier '*' '(' '*' ')' '(' fp_param_types ')'.    (189)

	.  reduce 189 (src line 481)


state 1843
	param:  type_specifier '(' '*' ID ')' '(' fp_param_types ')'.    (186)

	.  reduce 186 (src line 473)


state 1844
	param:  STRUCT ID '*' '(' '*' ID ')' '('.fp_param_types ')' 
	fp_param_types: .    (562)

	ID  shift 786
	INT  shift 26
	VOID  shift 27
	CONST  shift 784
	CHAR  shift 28
	LONG  shift 29
	UNSIGNED  shift 31
	SHORT  shift 30
	FLOAT  shift 32
	DOUBLE  shift 33
	STRUCT  shift 783
	ENUM  shift 785
	UNION  shift 87
	TYPEOF  shift 37
	INT128  shift 35
	SIGNED  shift 34
	TYPENAME  shift 36
	.  reduce 562 (src line 1712)

	fp_param_types  goto 1884
	fp_param_type_list  goto 780
	fp_param_type  goto 781
	type_specifier  goto 782

state 1845
	param:  STRUCT ID '*' '(' '*' ')' '(' fp_param_types.')' 

	')'  shift 1885
	.  error


state 1846
	param:  CONST type_specifier '*' CONST ID '[' const_int_expr ']'.    (142)

	.  reduce 142 (src line 405)


state 1847
	init_entry:  '.' ID '=' '{' init_list ',' '}'.    (54)

	.  reduce 54 (src line 250)


state 1848
	init_entry:  '.' ID '.' ID '.' ID '='.assign_expr 

	NUM  shift 168
	CHAR_LIT  shift 170
	FNUM  shift 169
	ID  shift 161
	STRING_LIT  shift 159
	SIZEOF  shift 178
	VA_ARG  shift 181
	ALIGNOF  shift 179
	GENERIC  shift 180
	INC  shift 174
	DEC  shift 175
	ANDAND  shift 177
	'('  shift 154
	'*'  shift 155
	'&'  shift 176
	'-'  shift 171
	'!'  shift 172
	'~'  shift 173
	.  error

	postfix_expr  goto 153
	assign_expr  goto 1886
	expression  goto 778
	var  goto 157
	simple_expression  goto 156
	ternary_expression  goto 160
	logical_expression  goto 162
	comparison_expression  goto 163
	bitwise_expression  goto 164
	additive_expression  goto 165
	term  goto 166
	factor  goto 167
	call  goto 158

state 1849
	init_list:  init_list ','.init_entry 

	NUM  shift 168
	CHAR_LIT  shift 170
	FNUM  shift 169
	ID  shift 161
	STRING_LIT  shift 159
	SIZEOF  shift 178
	VA_ARG  shift 181
	ALIGNOF  shift 179
	GENERIC  shift 180
	INC  shift 174
	DEC  shift 175
	ANDAND  shift 177
	'('  shift 154
	'*'  shift 155
	'['  shift 776
	'.'  shift 775
	'{'  shift 777
	'&'  shift 176
	'-'  shift 171
	'!'  shift 172
	'~'  shift 173
	.  error

	postfix_expr  goto 153
	init_entry  goto 1297
	assign_expr  goto 774
	expression  goto 778
	var  goto 157
	simple_expression  goto 156
	ternary_expression  goto 160
	logical_expression  goto 162
	comparison_expression  goto 163
	bitwise_expression  goto 164
	additive_expression  goto 165
	term  goto 166
	factor  goto 167
	call  goto 158

state 1850
	init_entry:  '[' const_int_expr ']' '=' '{' init_list '}'.    (56)

	.  reduce 56 (src line 255)


state 1851
	typedef_declaration:  TYPEDEF type_specifier '*' '(' '*' ID ')' '(' fp_param_types ')' ';'.    (490)

	.  reduce 490 (src line 1471)


state 1852
	typedef_declaration:  TYPEDEF CONST type_specifier '*' '(' '*' ID ')' '(' fp_param_types ')'.';' 

	';'  shift 1887
	.  error


state 1853
	typedef_declaration:  TYPEDEF CONST type_specifier '(' '*' ID ')' '(' fp_param_types ')' ';'.    (492)

	.  reduce 492 (src line 1483)


state 1854
	field:  type_specifier '*' ID '[' const_int_expr ']' '[' const_int_expr ']' ';'.    (622)

	.  reduce 622 (src line 1831)


state 1855
	field:  type_specifier '*' '(' '*' ID ')' '(' fp_param_types ')' ';'.    (631)

	.  reduce 631 (src line 1849)


state 1856
	field:  type_specifier '(' '*' ID '[' const_int_expr ']' ')' '(' fp_param_types.')' ';' 

	')'  shift 1888
	.  error


state 1857
	field:  CONST type_specifier '*' '(' '*' ID ')' '(' fp_param_types ')'.';' 

	';'  shift 1889
	.  error


state 1858
	field:  CONST type_specifier '(' '*' ID ')' '(' fp_param_types ')' ';'.    (654)

	.  reduce 654 (src line 1942)


state 1859
	factor:  '(' type_specifier '*' '(' '*' ')' '(' fp_param_types ')' ')'.factor 

	NUM  shift 168
	CHAR_LIT  shift 170
	FNUM  shift 169
	ID  shift 161
	STRING_LIT  shift 159
	SIZEOF  shift 178
	VA_ARG  shift 181
	ALIGNOF  shift 179
	GENERIC  shift 180
	INC  shift 174
	DEC  shift 175
	ANDAND  shift 177
	'('  shift 353
	'*'  shift 355
	'&'  shift 176
	'-'  shift 171
	'!'  shift 172
	'~'  shift 173
	.  error

	postfix_expr  goto 354
	var  goto 157
	factor  goto 1890
	call  goto 158

state 1860
	factor:  '(' type_specifier '(' '*' ')' '(' fp_param_types ')' ')' factor.    (421)

	.  reduce 421 (src line 1180)


state 1861
	factor:  '(' type_specifier '[' const_int_expr ']' ')' '{' init_list ',' '}'.    (429)

	.  reduce 429 (src line 1215)


state 1862
	const_int_primary:  SIZEOF '(' '(' ID '.' ID '.' ID ')' ')'.    (696)

	.  reduce 696 (src line 2019)


state 1863
	const_int_primary:  SIZEOF '(' '(' '(' ID '.' ID '.' ID ')'.')' '[' const_int_expr ']' ')' 

	')'  shift 1891
	.  error


state 1864
	const_int_primary:  SIZEOF '(' '(' '(' ID '.' ID ')' ')' '['.const_int_expr ']' ')' 

	NUM  shift 194
	ID  shift 198
	SIZEOF  shift 196
	ALIGNOF  shift 197
	'('  shift 195
	'&'  shift 199
	'-'  shift 192
	'!'  shift 193
	.  error

	const_int_expr  goto 1892
	const_int_ternary  goto 183
	const_int_or  goto 184
	const_int_and  goto 185
	const_int_cmp  goto 186
	const_int_shift  goto 187
	const_int_add  goto 188
	const_int_mul  goto 189
	const_int_unary  goto 190
	const_int_primary  goto 191

state 1865
	const_int_primary:  '&' '(' '(' type_specifier '*' ')' NUM ')' ARROW ID.    (706)

	.  reduce 706 (src line 2033)


state 1866
	const_int_primary:  '&' '(' '(' type_specifier '*' ')' NUM ')' '.' ID.    (707)

	.  reduce 707 (src line 2034)


state 1867
	local_param:  type_specifier '(' '*' ID ')'.'(' fp_param_types ')' 

	'('  shift 1893
	.  error


state 1868
	local_param:  type_specifier '(' '*' ')' '('.fp_param_types ')' 
	fp_param_types: .    (562)

	ID  shift 786
	INT  shift 26
	VOID  shift 27
	CONST  shift 784
	CHAR  shift 28
	LONG  shift 29
	UNSIGNED  shift 31
	SHORT  shift 30
	FLOAT  shift 32
	DOUBLE  shift 33
	STRUCT  shift 783
	ENUM  shift 785
	UNION  shift 87
	TYPEOF  shift 37
	INT128  shift 35
	SIGNED  shift 34
	TYPENAME  shift 36
	.  reduce 562 (src line 1712)

	fp_param_types  goto 1894
	fp_param_type_list  goto 780
	fp_param_type  goto 781
	type_specifier  goto 782

state 1869
	local_param:  STRUCT ID '*' '*' ID.    (547)

	.  reduce 547 (src line 1694)


state 1870
	local_param:  CONST type_specifier '*' CONST ID.    (553)

	.  reduce 553 (src line 1700)


state 1871
	local_param:  CONST STRUCT ID '*' ID.    (555)

	.  reduce 555 (src line 1702)


state 1872
	local_param:  CONST STRUCT ID '*' '*'.    (556)
	local_param:  CONST STRUCT ID '*' '*'.ID 

	ID  shift 1895
	.  reduce 556 (src line 1703)


state 1873
	for_stmt:  FOR '(' opt_expression ';' opt_expression ';' opt_expression ')'.statement 

	NUM  shift 168
	CHAR_LIT  shift 170
	FNUM  shift 169
	ID  shift 718
	STRING_LIT  shift 159
	IF  shift 722
	WHILE  shift 723
	RETURN  shift 727
	FOR  shift 724
	DO  shift 725
	BREAK  shift 728
	CONTINUE  shift 729
	GOTO  shift 730
	SIZEOF  shift 178
	VA_ARG  shift 181
	SWITCH  shift 726
	ALIGNOF  shift 179
	GENERIC  shift 180
	INC  shift 174
	DEC  shift 175
	ANDAND  shift 177
	';'  shift 721
	'('  shift 154
	'*'  shift 155
	'{'  shift 207
	'&'  shift 176
	'-'  shift 171
	'!'  shift 172
	'~'  shift 173
	.  error

	compound_stmt  goto 708
	postfix_expr  goto 153
	statement  goto 1896
	expression_stmt  goto 707
	selection_stmt  goto 709
	iteration_stmt  goto 710
	for_stmt  goto 711
	do_while_stmt  goto 712
	switch_stmt  goto 713
	return_stmt  goto 714
	break_stmt  goto 715
	continue_stmt  goto 716
	goto_stmt  goto 717
	expression  goto 719
	var  goto 157
	simple_expression  goto 156
	ternary_expression  goto 160
	logical_expression  goto 162
	comparison_expression  goto 163
	bitwise_expression  goto 164
	additive_expression  goto 165
	term  goto 166
	factor  goto 167
	call  goto 158
	comma_expr_list  goto 720

state 1874
	for_stmt:  FOR '(' opt_expression ';' opt_expression ';' expression ','.expression ')' statement 
	for_stmt:  FOR '(' opt_expression ';' opt_expression ';' expression ','.expression ',' expression ')' statement 

	NUM  shift 168
	CHAR_LIT  shift 170
	FNUM  shift 169
	ID  shift 161
	STRING_LIT  shift 159
	SIZEOF  shift 178
	VA_ARG  shift 181
	ALIGNOF  shift 179
	GENERIC  shift 180
	INC  shift 174
	DEC  shift 175
	ANDAND  shift 177
	'('  shift 154
	'*'  shift 155
	'&'  shift 176
	'-'  shift 171
	'!'  shift 172
	'~'  shift 173
	.  error

	postfix_expr  goto 153
	expression  goto 1897
	var  goto 157
	simple_expression  goto 156
	ternary_expression  goto 160
	logical_expression  goto 162
	comparison_expression  goto 163
	bitwise_expression  goto 164
	additive_expression  goto 165
	term  goto 166
	factor  goto 167
	call  goto 158

state 1875
	for_stmt:  FOR '(' var_declaration opt_expression ';' opt_expression ')' statement.    (259)

	.  reduce 259 (src line 700)


state 1876
	for_stmt:  FOR '(' var_declaration opt_expression ';' expression ',' expression.')' statement 
	for_stmt:  FOR '(' var_declaration opt_expression ';' expression ',' expression.',' expression ')' statement 

	')'  shift 1898
	','  shift 1899
	.  error


state 1877
	for_stmt:  FOR '(' expression ',' expression ';' opt_expression ';'.opt_expression ')' statement 
	for_stmt:  FOR '(' expression ',' expression ';' opt_expression ';'.expression ',' expression ')' statement 
	opt_expression: .    (279)

	NUM  shift 168
	CHAR_LIT  shift 170
	FNUM  shift 169
	ID  shift 161
	STRING_LIT  shift 159
	SIZEOF  shift 178
	VA_ARG  shift 181
	ALIGNOF  shift 179
	GENERIC  shift 180
	INC  shift 174
	DEC  shift 175
	ANDAND  shift 177
	'('  shift 154
	'*'  shift 155
	'&'  shift 176
	'-'  shift 171
	'!'  shift 172
	'~'  shift 173
	.  reduce 279 (src line 804)

	postfix_expr  goto 153
	opt_expression  goto 1900
	expression  goto 1901
	var  goto 157
	simple_expression  goto 156
	ternary_expression  goto 160
	logical_expression  goto 162
	comparison_expression  goto 163
	bitwise_expression  goto 164
	additive_expression  goto 165
	term  goto 166
	factor  goto 167
	call  goto 158

state 1878
	for_stmt:  FOR '(' expression ',' expression ',' expression ';'.opt_expression ';' opt_expression ')' statement 
	for_stmt:  FOR '(' expression ',' expression ',' expression ';'.opt_expression ';' expression ',' expression ')' statement 
	opt_expression: .    (279)

	NUM  shift 168
	CHAR_LIT  shift 170
	FNUM  shift 169
	ID  shift 161
	STRING_LIT  shift 159
	SIZEOF  shift 178
	VA_ARG  shift 181
	ALIGNOF  shift 179
	GENERIC  shift 180
	INC  shift 174
	DEC  shift 175
	ANDAND  shift 177
	'('  shift 154
	'*'  shift 155
	'&'  shift 176
	'-'  shift 171
	'!'  shift 172
	'~'  shift 173
	.  reduce 279 (src line 804)

	postfix_expr  goto 153
	opt_expression  goto 1902
	expression  goto 1466
	var  goto 157
	simple_expression  goto 156
	ternary_expression  goto 160
	logical_expression  goto 162
	comparison_expression  goto 163
	bitwise_expression  goto 164
	additive_expression  goto 165
	term  goto 166
	factor  goto 167
	call  goto 158

state 1879
	case_item:  CASE expression.':' block_item_list 

	':'  shift 1903
	.  error


state 1880
	case_item:  DEFAULT ':'.block_item_list 
	block_item_list: .    (219)

	.  reduce 219 (src line 569)

	block_item_list  goto 1904

state 1881
	declaration:  declaration_specifiers '(' '*' ID '[' ']' ')' '(' fp_param_types ')' ATTR_WEAK ';'.    (45)

	.  reduce 45 (src line 208)


state 1882
	gd_declarator:  '(' '*' '(' ID '[' const_int_expr ']' ')' ')' '(' fp_param_types.')' 

	')'  shift 1905
	.  error


state 1883
	param:  type_specifier '*' '(' '*' ID ')' '(' fp_param_types ')'.    (188)

	.  reduce 188 (src line 479)


state 1884
	param:  STRUCT ID '*' '(' '*' ID ')' '(' fp_param_types.')' 

	')'  shift 1906
	.  error


state 1885
	param:  STRUCT ID '*' '(' '*' ')' '(' fp_param_types ')'.    (191)

	.  reduce 191 (src line 486)


state 1886
	init_entry:  '.' ID '.' ID '.' ID '=' assign_expr.    (52)

	.  reduce 52 (src line 240)


state 1887
	typedef_declaration:  TYPEDEF CONST type_specifier '*' '(' '*' ID ')' '(' fp_param_types ')' ';'.    (491)

	.  reduce 491 (src line 1477)


state 1888
	field:  type_specifier '(' '*' ID '[' const_int_expr ']' ')' '(' fp_param_types ')'.';' 

	';'  shift 1907
	.  error


state 1889
	field:  CONST type_specifier '*' '(' '*' ID ')' '(' fp_param_types ')' ';'.    (632)

	.  reduce 632 (src line 1852)


state 1890
	factor:  '(' type_specifier '*' '(' '*' ')' '(' fp_param_types ')' ')' factor.    (422)

	.  reduce 422 (src line 1182)


state 1891
	const_int_primary:  SIZEOF '(' '(' '(' ID '.' ID '.' ID ')' ')'.'[' const_int_expr ']' ')' 

	'['  shift 1908
	.  error


state 1892
	const_int_primary:  SIZEOF '(' '(' '(' ID '.' ID ')' ')' '[' const_int_expr.']' ')' 

	']'  shift 1909
	.  error


state 1893
	local_param:  type_specifier '(' '*' ID ')' '('.fp_param_types ')' 
	fp_param_types: .    (562)

	ID  shift 786
	INT  shift 26
	VOID  shift 27
	CONST  shift 784
	CHAR  shift 28
	LONG  shift 29
	UNSIGNED  shift 31
	SHORT  shift 30
	FLOAT  shift 32
	DOUBLE  shift 33
	STRUCT  shift 783
	ENUM  shift 785
	UNION  shift 87
	TYPEOF  shift 37
	INT128  shift 35
	SIGNED  shift 34
	TYPENAME  shift 36
	.  reduce 562 (src line 1712)

	fp_param_types  goto 1910
	fp_param_type_list  goto 780
	fp_param_type  goto 781
	type_specifier  goto 782

state 1894
	local_param:  type_specifier '(' '*' ')' '(' fp_param_types.')' 

	')'  shift 1911
	.  error


state 1895
	local_param:  CONST STRUCT ID '*' '*' ID.    (557)

	.  reduce 557 (src line 1704)


state 1896
	for_stmt:  FOR '(' opt_expression ';' opt_expression ';' opt_expression ')' statement.    (258)

	.  reduce 258 (src line 696)


state 1897
	for_stmt:  FOR '(' opt_expression ';' opt_expression ';' expression ',' expression.')' statement 
	for_stmt:  FOR '(' opt_expression ';' opt_expression ';' expression ',' expression.',' expression ')' statement 

	')'  shift 1912
	','  shift 1913
	.  error


state 1898
	for_stmt:  FOR '(' var_declaration opt_expression ';' expression ',' expression ')'.statement 

	NUM  shift 168
	CHAR_LIT  shift 170
	FNUM  shift 169
	ID  shift 718
	STRING_LIT  shift 159
	IF  shift 722
	WHILE  shift 723
	RETURN  shift 727
	FOR  shift 724
	DO  shift 725
	BREAK  shift 728
	CONTINUE  shift 729
	GOTO  shift 730
	SIZEOF  shift 178
	VA_ARG  shift 181
	SWITCH  shift 726
	ALIGNOF  shift 179
	GENERIC  shift 180
	INC  shift 174
	DEC  shift 175
	ANDAND  shift 177
	';'  shift 721
	'('  shift 154
	'*'  shift 155
	'{'  shift 207
	'&'  shift 176
	'-'  shift 171
	'!'  shift 172
	'~'  shift 173
	.  error

	compound_stmt  goto 708
	postfix_expr  goto 153
	statement  goto 1914
	expression_stmt  goto 707
	selection_stmt  goto 709
	iteration_stmt  goto 710
	for_stmt  goto 711
	do_while_stmt  goto 712
	switch_stmt  goto 713
	return_stmt  goto 714
	break_stmt  goto 715
	continue_stmt  goto 716
	goto_stmt  goto 717
	expression  goto 719
	var  goto 157
	simple_expression  goto 156
	ternary_expression  goto 160
	logical_expression  goto 162
	comparison_expression  goto 163
	bitwise_expression  goto 164
	additive_expression  goto 165
	term  goto 166
	factor  goto 167
	call  goto 158
	comma_expr_list  goto 720

state 1899
	for_stmt:  FOR '(' var_declaration opt_expression ';' expression ',' expression ','.expression ')' statement 

	NUM  shift 168
	CHAR_LIT  shift 170
	FNUM  shift 169
	ID  shift 161
	STRING_LIT  shift 159
	SIZEOF  shift 178
	VA_ARG  shift 181
	ALIGNOF  shift 179
	GENERIC  shift 180
	INC  shift 174
	DEC  shift 175
	ANDAND  shift 177
	'('  shift 154
	'*'  shift 155
	'&'  shift 176
	'-'  shift 171
	'!'  shift 172
	'~'  shift 173
	.  error

	postfix_expr  goto 153
	expression  goto 1915
	var  goto 157
	simple_expression  goto 156
	ternary_expression  goto 160
	logical_expression  goto 162
	comparison_expression  goto 163
	bitwise_expression  goto 164
	additive_expression  goto 165
	term  goto 166
	factor  goto 167
	call  goto 158

state 1900
	for_stmt:  FOR '(' expression ',' expression ';' opt_expression ';' opt_expression.')' statement 

	')'  shift 1916
	.  error


state 1901
	for_stmt:  FOR '(' expression ',' expression ';' opt_expression ';' expression.',' expression ')' statement 
	opt_expression:  expression.    (278)

	','  shift 1917
	.  reduce 278 (src line 802)


state 1902
	for_stmt:  FOR '(' expression ',' expression ',' expression ';' opt_expression.';' opt_expression ')' statement 
	for_stmt:  FOR '(' expression ',' expression ',' expression ';' opt_expression.';' expression ',' expression ')' statement 

	';'  shift 1918
	.  error


state 1903
	case_item:  CASE expression ':'.block_item_list 
	block_item_list: .    (219)

	.  reduce 219 (src line 569)

	block_item_list  goto 1919

state 1904
	block_item_list:  block_item_list.statement 
	block_item_list:  block_item_list.var_declaration 
	block_item_list:  block_item_list.ALIGNAS_SPEC var_declaration 
	block_item_list:  block_item_list.ATTR_ALIGNED var_declaration 
	block_item_list:  block_item_list.declaration_specifiers local_fun_proto ';' 
	block_item_list:  block_item_list.declaration_specifiers local_fun_proto ATTR_WEAK ';' 
	block_item_list:  block_item_list.declaration_specifiers local_fun_proto ATTR_SECTION ';' 
	block_item_list:  block_item_list.declaration_specifiers local_fun_proto ATTR_ALIGNED ';' 
	block_item_list:  block_item_list.STRUCT ID ';' 
	block_item_list:  block_item_list.UNION ID ';' 
	block_item_list:  block_item_list.ENUM ID ';' 
	block_item_list:  block_item_list.ENUM '{' enum_list '}' ';' 
	block_item_list:  block_item_list.ENUM ID '{' enum_list '}' ';' 
	block_item_list:  block_item_list.struct_declaration 
	block_item_list:  block_item_list.union_declaration 
	block_item_list:  block_item_list.typedef_declaration 
	block_item_list:  block_item_list.ASM_KW '(' args ')' ';' 
	block_item_list:  block_item_list.ASM_KW ';' 
	block_item_list:  block_item_list.STATIC_ASSERT '(' const_int_expr ',' STRING_LIT ')' ';' 
	block_item_list:  block_item_list.STATIC_ASSERT '(' const_int_expr ')' ';' 
	case_item:  DEFAULT ':' block_item_list.    (273)

	NUM  shift 168
	CHAR_LIT  shift 170
	FNUM  shift 169
	ID  shift 718
	STRING_LIT  shift 159
	INT  shift 26
	VOID  shift 27
	IF  shift 722
	WHILE  shift 723
	RETURN  shift 727
	FOR  shift 724
	DO  shift 725
	BREAK  shift 728
	CONTINUE  shift 729
	CONST  shift 25
	CHAR  shift 28
	EXTERN  shift 23
	GOTO  shift 730
	LONG  shift 29
	UNSIGNED  shift 31
	SHORT  shift 30
	FLOAT  shift 32
	DOUBLE  shift 33
	STRUCT  shift 699
	SIZEOF  shift 178
	ENUM  shift 701
	UNION  shift 700
	TYPEDEF  shift 20
	STATIC  shift 22
	VA_ARG  shift 181
	TYPEOF  shift 37
	INT128  shift 35
	SIGNED  shift 34
	SWITCH  shift 726
	ATTR_ALIGNED  shift 697
	ALIGNAS_SPEC  shift 696
	ALIGNOF  shift 179
	GENERIC  shift 180
	STATIC_ASSERT  shift 706
	ASM_KW  shift 705
	INLINE_KW  shift 24
	TYPENAME  shift 36
	INC  shift 174
	DEC  shift 175
	ANDAND  shift 177
	';'  shift 721
	'('  shift 154
	'*'  shift 155
	'{'  shift 207
	'&'  shift 176
	'-'  shift 171
	'!'  shift 172
	'~'  shift 173
	.  reduce 273 (src line 781)

	var_declaration  goto 695
	struct_declaration  goto 702
	union_declaration  goto 703
	typedef_declaration  goto 704
	compound_stmt  goto 708
	postfix_expr  goto 153
	statement  goto 694
	expression_stmt  goto 707
	selection_stmt  goto 709
	iteration_stmt  goto 710
	for_stmt  goto 711
	do_while_stmt  goto 712
	switch_stmt  goto 713
	return_stmt  goto 714
	break_stmt  goto 715
	continue_stmt  goto 716
	goto_stmt  goto 717
	expression  goto 719
	var  goto 157
	simple_expression  goto 156
	ternary_expression  goto 160
	logical_expression  goto 162
	comparison_expression  goto 163
	bitwise_expression  goto 164
	additive_expression  goto 165
	term  goto 166
	factor  goto 167
	call  goto 158
	comma_expr_list  goto 720
	type_specifier  goto 21
	declaration_specifiers  goto 698

state 1905
	gd_declarator:  '(' '*' '(' ID '[' const_int_expr ']' ')' ')' '(' fp_param_types ')'.    (779)

	.  reduce 779 (src line 2256)


state 1906
	param:  STRUCT ID '*' '(' '*' ID ')' '(' fp_param_types ')'.    (190)

	.  reduce 190 (src line 484)


state 1907
	field:  type_specifier '(' '*' ID '[' const_int_expr ']' ')' '(' fp_param_types ')' ';'.    (633)

	.  reduce 633 (src line 1854)


state 1908
	const_int_primary:  SIZEOF '(' '(' '(' ID '.' ID '.' ID ')' ')' '['.const_int_expr ']' ')' 

	NUM  shift 194
	ID  shift 198
	SIZEOF  shift 196
	ALIGNOF  shift 197
	'('  shift 195
	'&'  shift 199
	'-'  shift 192
	'!'  shift 193
	.  error

	const_int_expr  goto 1920
	const_int_ternary  goto 183
	const_int_or  goto 184
	const_int_and  goto 185
	const_int_cmp  goto 186
	const_int_shift  goto 187
	const_int_add  goto 188
	const_int_mul  goto 189
	const_int_unary  goto 190
	const_int_primary  goto 191

state 1909
	const_int_primary:  SIZEOF '(' '(' '(' ID '.' ID ')' ')' '[' const_int_expr ']'.')' 

	')'  shift 1921
	.  error


state 1910
	local_param:  type_specifier '(' '*' ID ')' '(' fp_param_types.')' 

	')'  shift 1922
	.  error


state 1911
	local_param:  type_specifier '(' '*' ')' '(' fp_param_types ')'.    (560)

	.  reduce 560 (src line 1707)


state 1912
	for_stmt:  FOR '(' opt_expression ';' opt_expression ';' expression ',' expression ')'.statement 

	NUM  shift 168
	CHAR_LIT  shift 170
	FNUM  shift 169
	ID  shift 718
	STRING_LIT  shift 159
	IF  shift 722
	WHILE  shift 723
	RETURN  shift 727
	FOR  shift 724
	DO  shift 725
	BREAK  shift 728
	CONTINUE  shift 729
	GOTO  shift 730
	SIZEOF  shift 178
	VA_ARG  shift 181
	SWITCH  shift 726
	ALIGNOF  shift 179
	GENERIC  shift 180
	INC  shift 174
	DEC  shift 175
	ANDAND  shift 177
	';'  shift 721
	'('  shift 154
	'*'  shift 155
	'{'  shift 207
	'&'  shift 176
	'-'  shift 171
	'!'  shift 172
	'~'  shift 173
	.  error

	compound_stmt  goto 708
	postfix_expr  goto 153
	statement  goto 1923
	expression_stmt  goto 707
	selection_stmt  goto 709
	iteration_stmt  goto 710
	for_stmt  goto 711
	do_while_stmt  goto 712
	switch_stmt  goto 713
	return_stmt  goto 714
	break_stmt  goto 715
	continue_stmt  goto 716
	goto_stmt  goto 717
	expression  goto 719
	var  goto 157
	simple_expression  goto 156
	ternary_expression  goto 160
	logical_expression  goto 162
	comparison_expression  goto 163
	bitwise_expression  goto 164
	additive_expression  goto 165
	term  goto 166
	factor  goto 167
	call  goto 158
	comma_expr_list  goto 720

state 1913
	for_stmt:  FOR '(' opt_expression ';' opt_expression ';' expression ',' expression ','.expression ')' statement 

	NUM  shift 168
	CHAR_LIT  shift 170
	FNUM  shift 169
	ID  shift 161
	STRING_LIT  shift 159
	SIZEOF  shift 178
	VA_ARG  shift 181
	ALIGNOF  shift 179
	GENERIC  shift 180
	INC  shift 174
	DEC  shift 175
	ANDAND  shift 177
	'('  shift 154
	'*'  shift 155
	'&'  shift 176
	'-'  shift 171
	'!'  shift 172
	'~'  shift 173
	.  error

	postfix_expr  goto 153
	expression  goto 1924
	var  goto 157
	simple_expression  goto 156
	ternary_expression  goto 160
	logical_expression  goto 162
	comparison_expression  goto 163
	bitwise_expression  goto 164
	additive_expression  goto 165
	term  goto 166
	factor  goto 167
	call  goto 158

state 1914
	for_stmt:  FOR '(' var_declaration opt_expression ';' expression ',' expression ')' statement.    (260)

	.  reduce 260 (src line 703)


state 1915
	for_stmt:  FOR '(' var_declaration opt_expression ';' expression ',' expression ',' expression.')' statement 

	')'  shift 1925
	.  error


state 1916
	for_stmt:  FOR '(' expression ',' expression ';' opt_expression ';' opt_expression ')'.statement 

	NUM  shift 168
	CHAR_LIT  shift 170
	FNUM  shift 169
	ID  shift 718
	STRING_LIT  shift 159
	IF  shift 722
	WHILE  shift 723
	RETURN  shift 727
	FOR  shift 724
	DO  shift 725
	BREAK  shift 728
	CONTINUE  shift 729
	GOTO  shift 730
	SIZEOF  shift 178
	VA_ARG  shift 181
	SWITCH  shift 726
	ALIGNOF  shift 179
	GENERIC  shift 180
	INC  shift 174
	DEC  shift 175
	ANDAND  shift 177
	';'  shift 721
	'('  shift 154
	'*'  shift 155
	'{'  shift 207
	'&'  shift 176
	'-'  shift 171
	'!'  shift 172
	'~'  shift 173
	.  error

	compound_stmt  goto 708
	postfix_expr  goto 153
	statement  goto 1926
	expression_stmt  goto 707
	selection_stmt  goto 709
	iteration_stmt  goto 710
	for_stmt  goto 711
	do_while_stmt  goto 712
	switch_stmt  goto 713
	return_stmt  goto 714
	break_stmt  goto 715
	continue_stmt  goto 716
	goto_stmt  goto 717
	expression  goto 719
	var  goto 157
	simple_expression  goto 156
	ternary_expression  goto 160
	logical_expression  goto 162
	comparison_expression  goto 163
	bitwise_expression  goto 164
	additive_expression  goto 165
	term  goto 166
	factor  goto 167
	call  goto 158
	comma_expr_list  goto 720

state 1917
	for_stmt:  FOR '(' expression ',' expression ';' opt_expression ';' expression ','.expression ')' statement 

	NUM  shift 168
	CHAR_LIT  shift 170
	FNUM  shift 169
	ID  shift 161
	STRING_LIT  shift 159
	SIZEOF  shift 178
	VA_ARG  shift 181
	ALIGNOF  shift 179
	GENERIC  shift 180
	INC  shift 174
	DEC  shift 175
	ANDAND  shift 177
	'('  shift 154
	'*'  shift 155
	'&'  shift 176
	'-'  shift 171
	'!'  shift 172
	'~'  shift 173
	.  error

	postfix_expr  goto 153
	expression  goto 1927
	var  goto 157
	simple_expression  goto 156
	ternary_expression  goto 160
	logical_expression  goto 162
	comparison_expression  goto 163
	bitwise_expression  goto 164
	additive_expression  goto 165
	term  goto 166
	factor  goto 167
	call  goto 158

state 1918
	for_stmt:  FOR '(' expression ',' expression ',' expression ';' opt_expression ';'.opt_expression ')' statement 
	for_stmt:  FOR '(' expression ',' expression ',' expression ';' opt_expression ';'.expression ',' expression ')' statement 
	opt_expression: .    (279)

	NUM  shift 168
	CHAR_LIT  shift 170
	FNUM  shift 169
	ID  shift 161
	STRING_LIT  shift 159
	SIZEOF  shift 178
	VA_ARG  shift 181
	ALIGNOF  shift 179
	GENERIC  shift 180
	INC  shift 174
	DEC  shift 175
	ANDAND  shift 177
	'('  shift 154
	'*'  shift 155
	'&'  shift 176
	'-'  shift 171
	'!'  shift 172
	'~'  shift 173
	.  reduce 279 (src line 804)

	postfix_expr  goto 153
	opt_expression  goto 1928
	expression  goto 1929
	var  goto 157
	simple_expression  goto 156
	ternary_expression  goto 160
	logical_expression  goto 162
	comparison_expression  goto 163
	bitwise_expression  goto 164
	additive_expression  goto 165
	term  goto 166
	factor  goto 167
	call  goto 158

state 1919
	block_item_list:  block_item_list.statement 
	block_item_list:  block_item_list.var_declaration 
	block_item_list:  block_item_list.ALIGNAS_SPEC var_declaration 
	block_item_list:  block_item_list.ATTR_ALIGNED var_declaration 
	block_item_list:  block_item_list.declaration_specifiers local_fun_proto ';' 
	block_item_list:  block_item_list.declaration_specifiers local_fun_proto ATTR_WEAK ';' 
	block_item_list:  block_item_list.declaration_specifiers local_fun_proto ATTR_SECTION ';' 
	block_item_list:  block_item_list.declaration_specifiers local_fun_proto ATTR_ALIGNED ';' 
	block_item_list:  block_item_list.STRUCT ID ';' 
	block_item_list:  block_item_list.UNION ID ';' 
	block_item_list:  block_item_list.ENUM ID ';' 
	block_item_list:  block_item_list.ENUM '{' enum_list '}' ';' 
	block_item_list:  block_item_list.ENUM ID '{' enum_list '}' ';' 
	block_item_list:  block_item_list.struct_declaration 
	block_item_list:  block_item_list.union_declaration 
	block_item_list:  block_item_list.typedef_declaration 
	block_item_list:  block_item_list.ASM_KW '(' args ')' ';' 
	block_item_list:  block_item_list.ASM_KW ';' 
	block_item_list:  block_item_list.STATIC_ASSERT '(' const_int_expr ',' STRING_LIT ')' ';' 
	block_item_list:  block_item_list.STATIC_ASSERT '(' const_int_expr ')' ';' 
	case_item:  CASE expression ':' block_item_list.    (272)

	NUM  shift 168
	CHAR_LIT  shift 170
	FNUM  shift 169
	ID  shift 718
	STRING_LIT  shift 159
	INT  shift 26
	VOID  shift 27
	IF  shift 722
	WHILE  shift 723
	RETURN  shift 727
	FOR  shift 724
	DO  shift 725
	BREAK  shift 728
	CONTINUE  shift 729
	CONST  shift 25
	CHAR  shift 28
	EXTERN  shift 23
	GOTO  shift 730
	LONG  shift 29
	UNSIGNED  shift 31
	SHORT  shift 30
	FLOAT  shift 32
	DOUBLE  shift 33
	STRUCT  shift 699
	SIZEOF  shift 178
	ENUM  shift 701
	UNION  shift 700
	TYPEDEF  shift 20
	STATIC  shift 22
	VA_ARG  shift 181
	TYPEOF  shift 37
	INT128  shift 35
	SIGNED  shift 34
	SWITCH  shift 726
	ATTR_ALIGNED  shift 697
	ALIGNAS_SPEC  shift 696
	ALIGNOF  shift 179
	GENERIC  shift 180
	STATIC_ASSERT  shift 706
	ASM_KW  shift 705
	INLINE_KW  shift 24
	TYPENAME  shift 36
	INC  shift 174
	DEC  shift 175
	ANDAND  shift 177
	';'  shift 721
	'('  shift 154
	'*'  shift 155
	'{'  shift 207
	'&'  shift 176
	'-'  shift 171
	'!'  shift 172
	'~'  shift 173
	.  reduce 272 (src line 778)

	var_declaration  goto 695
	struct_declaration  goto 702
	union_declaration  goto 703
	typedef_declaration  goto 704
	compound_stmt  goto 708
	postfix_expr  goto 153
	statement  goto 694
	expression_stmt  goto 707
	selection_stmt  goto 709
	iteration_stmt  goto 710
	for_stmt  goto 711
	do_while_stmt  goto 712
	switch_stmt  goto 713
	return_stmt  goto 714
	break_stmt  goto 715
	continue_stmt  goto 716
	goto_stmt  goto 717
	expression  goto 719
	var  goto 157
	simple_expression  goto 156
	ternary_expression  goto 160
	logical_expression  goto 162
	comparison_expression  goto 163
	bitwise_expression  goto 164
	additive_expression  goto 165
	term  goto 166
	factor  goto 167
	call  goto 158
	comma_expr_list  goto 720
	type_specifier  goto 21
	declaration_specifiers  goto 698

state 1920
	const_int_primary:  SIZEOF '(' '(' '(' ID '.' ID '.' ID ')' ')' '[' const_int_expr.']' ')' 

	']'  shift 1930
	.  error


state 1921
	const_int_primary:  SIZEOF '(' '(' '(' ID '.' ID ')' ')' '[' const_int_expr ']' ')'.    (699)

	.  reduce 699 (src line 2023)


state 1922
	local_param:  type_specifier '(' '*' ID ')' '(' fp_param_types ')'.    (559)

	.  reduce 559 (src line 1706)


state 1923
	for_stmt:  FOR '(' opt_expression ';' opt_expression ';' expression ',' expression ')' statement.    (262)

	.  reduce 262 (src line 717)


state 1924
	for_stmt:  FOR '(' opt_expression ';' opt_expression ';' expression ',' expression ',' expression.')' statement 

	')'  shift 1931
	.  error


state 1925
	for_stmt:  FOR '(' var_declaration opt_expression ';' expression ',' expression ',' expression ')'.statement 

	NUM  shift 168
	CHAR_LIT  shift 170
	FNUM  shift 169
	ID  shift 718
	STRING_LIT  shift 159
	IF  shift 722
	WHILE  shift 723
	RETURN  shift 727
	FOR  shift 724
	DO  shift 725
	BREAK  shift 728
	CONTINUE  shift 729
	GOTO  shift 730
	SIZEOF  shift 178
	VA_ARG  shift 181
	SWITCH  shift 726
	ALIGNOF  shift 179
	GENERIC  shift 180
	INC  shift 174
	DEC  shift 175
	ANDAND  shift 177
	';'  shift 721
	'('  shift 154
	'*'  shift 155
	'{'  shift 207
	'&'  shift 176
	'-'  shift 171
	'!'  shift 172
	'~'  shift 173
	.  error

	compound_stmt  goto 708
	postfix_expr  goto 153
	statement  goto 1932
	expression_stmt  goto 707
	selection_stmt  goto 709
	iteration_stmt  goto 710
	for_stmt  goto 711
	do_while_stmt  goto 712
	switch_stmt  goto 713
	return_stmt  goto 714
	break_stmt  goto 715
	continue_stmt  goto 716
	goto_stmt  goto 717
	expression  goto 719
	var  goto 157
	simple_expression  goto 156
	ternary_expression  goto 160
	logical_expression  goto 162
	comparison_expression  goto 163
	bitwise_expression  goto 164
	additive_expression  goto 165
	term  goto 166
	factor  goto 167
	call  goto 158
	comma_expr_list  goto 720

state 1926
	for_stmt:  FOR '(' expression ',' expression ';' opt_expression ';' opt_expression ')' statement.    (264)

	.  reduce 264 (src line 729)


state 1927
	for_stmt:  FOR '(' expression ',' expression ';' opt_expression ';' expression ',' expression.')' statement 

	')'  shift 1933
	.  error


state 1928
	for_stmt:  FOR '(' expression ',' expression ',' expression ';' opt_expression ';' opt_expression.')' statement 

	')'  shift 1934
	.  error


state 1929
	for_stmt:  FOR '(' expression ',' expression ',' expression ';' opt_expression ';' expression.',' expression ')' statement 
	opt_expression:  expression.    (278)

	','  shift 1935
	.  reduce 278 (src line 802)


state 1930
	const_int_primary:  SIZEOF '(' '(' '(' ID '.' ID '.' ID ')' ')' '[' const_int_expr ']'.')' 

	')'  shift 1936
	.  error


state 1931
	for_stmt:  FOR '(' opt_expression ';' opt_expression ';' expression ',' expression ',' expression ')'.statement 

	NUM  shift 168
	CHAR_LIT  shift 170
	FNUM  shift 169
	ID  shift 718
	STRING_LIT  shift 159
	IF  shift 722
	WHILE  shift 723
	RETURN  shift 727
	FOR  shift 724
	DO  shift 725
	BREAK  shift 728
	CONTINUE  shift 729
	GOTO  shift 730
	SIZEOF  shift 178
	VA_ARG  shift 181
	SWITCH  shift 726
	ALIGNOF  shift 179
	GENERIC  shift 180
	INC  shift 174
	DEC  shift 175
	ANDAND  shift 177
	';'  shift 721
	'('  shift 154
	'*'  shift 155
	'{'  shift 207
	'&'  shift 176
	'-'  shift 171
	'!'  shift 172
	'~'  shift 173
	.  error

	compound_stmt  goto 708
	postfix_expr  goto 153
	statement  goto 1937
	expression_stmt  goto 707
	selection_stmt  goto 709
	iteration_stmt  goto 710
	for_stmt  goto 711
	do_while_stmt  goto 712
	switch_stmt  goto 713
	return_stmt  goto 714
	break_stmt  goto 715
	continue_stmt  goto 716
	goto_stmt  goto 717
	expression  goto 719
	var  goto 157
	simple_expression  goto 156
	ternary_expression  goto 160
	logical_expression  goto 162
	comparison_expression  goto 163
	bitwise_expression  goto 164
	additive_expression  goto 165
	term  goto 166
	factor  goto 167
	call  goto 158
	comma_expr_list  goto 720

state 1932
	for_stmt:  FOR '(' var_declaration opt_expression ';' expression ',' expression ',' expression ')' statement.    (261)

	.  reduce 261 (src line 709)


state 1933
	for_stmt:  FOR '(' expression ',' expression ';' opt_expression ';' expression ',' expression ')'.statement 

	NUM  shift 168
	CHAR_LIT  shift 170
	FNUM  shift 169
	ID  shift 718
	STRING_LIT  shift 159
	IF  shift 722
	WHILE  shift 723
	RETURN  shift 727
	FOR  shift 724
	DO  shift 725
	BREAK  shift 728
	CONTINUE  shift 729
	GOTO  shift 730
	SIZEOF  shift 178
	VA_ARG  shift 181
	SWITCH  shift 726
	ALIGNOF  shift 179
	GENERIC  shift 180
	INC  shift 174
	DEC  shift 175
	ANDAND  shift 177
	';'  shift 721
	'('  shift 154
	'*'  shift 155
	'{'  shift 207
	'&'  shift 176
	'-'  shift 171
	'!'  shift 172
	'~'  shift 173
	.  error

	compound_stmt  goto 708
	postfix_expr  goto 153
	statement  goto 1938
	expression_stmt  goto 707
	selection_stmt  goto 709
	iteration_stmt  goto 710
	for_stmt  goto 711
	do_while_stmt  goto 712
	switch_stmt  goto 713
	return_stmt  goto 714
	break_stmt  goto 715
	continue_stmt  goto 716
	goto_stmt  goto 717
	expression  goto 719
	var  goto 157
	simple_expression  goto 156
	ternary_expression  goto 160
	logical_expression  goto 162
	comparison_expression  goto 163
	bitwise_expression  goto 164
	additive_expression  goto 165
	term  goto 166
	factor  goto 167
	call  goto 158
	comma_expr_list  goto 720

state 1934
	for_stmt:  FOR '(' expression ',' expression ',' expression ';' opt_expression ';' opt_expression ')'.statement 

	NUM  shift 168
	CHAR_LIT  shift 170
	FNUM  shift 169
	ID  shift 718
	STRING_LIT  shift 159
	IF  shift 722
	WHILE  shift 723
	RETURN  shift 727
	FOR  shift 724
	DO  shift 725
	BREAK  shift 728
	CONTINUE  shift 729
	GOTO  shift 730
	SIZEOF  shift 178
	VA_ARG  shift 181
	SWITCH  shift 726
	ALIGNOF  shift 179
	GENERIC  shift 180
	INC  shift 174
	DEC  shift 175
	ANDAND  shift 177
	';'  shift 721
	'('  shift 154
	'*'  shift 155
	'{'  shift 207
	'&'  shift 176
	'-'  shift 171
	'!'  shift 172
	'~'  shift 173
	.  error

	compound_stmt  goto 708
	postfix_expr  goto 153
	statement  goto 1939
	expression_stmt  goto 707
	selection_stmt  goto 709
	iteration_stmt  goto 710
	for_stmt  goto 711
	do_while_stmt  goto 712
	switch_stmt  goto 713
	return_stmt  goto 714
	break_stmt  goto 715
	continue_stmt  goto 716
	goto_stmt  goto 717
	expression  goto 719
	var  goto 157
	simple_expression  goto 156
	ternary_expression  goto 160
	logical_expression  goto 162
	comparison_expression  goto 163
	bitwise_expression  goto 164
	additive_expression  goto 165
	term  goto 166
	factor  goto 167
	call  goto 158
	comma_expr_list  goto 720

state 1935
	for_stmt:  FOR '(' expression ',' expression ',' expression ';' opt_expression ';' expression ','.expression ')' statement 

	NUM  shift 168
	CHAR_LIT  shift 170
	FNUM  shift 169
	ID  shift 161
	STRING_LIT  shift 159
	SIZEOF  shift 178
	VA_ARG  shift 181
	ALIGNOF  shift 179
	GENERIC  shift 180
	INC  shift 174
	DEC  shift 175
	ANDAND  shift 177
	'('  shift 154
	'*'  shift 155
	'&'  shift 176
	'-'  shift 171
	'!'  shift 172
	'~'  shift 173
	.  error

	postfix_expr  goto 153
	expression  goto 1940
	var  goto 157
	simple_expression  goto 156
	ternary_expression  goto 160
	logical_expression  goto 162
	comparison_expression  goto 163
	bitwise_expression  goto 164
	additive_expression  goto 165
	term  goto 166
	factor  goto 167
	call  goto 158

state 1936
	const_int_primary:  SIZEOF '(' '(' '(' ID '.' ID '.' ID ')' ')' '[' const_int_expr ']' ')'.    (698)

	.  reduce 698 (src line 2022)


state 1937
	for_stmt:  FOR '(' opt_expression ';' opt_expression ';' expression ',' expression ',' expression ')' statement.    (263)

	.  reduce 263 (src line 722)


state 1938
	for_stmt:  FOR '(' expression ',' expression ';' opt_expression ';' expression ',' expression ')' statement.    (266)

	.  reduce 266 (src line 741)


state 1939
	for_stmt:  FOR '(' expression ',' expression ',' expression ';' opt_expression ';' opt_expression ')' statement.    (265)

	.  reduce 265 (src line 734)


state 1940
	for_stmt:  FOR '(' expression ',' expression ',' expression ';' opt_expression ';' expression ',' expression.')' statement 

	')'  shift 1941
	.  error


state 1941
	for_stmt:  FOR '(' expression ',' expression ',' expression ';' opt_expression ';' expression ',' expression ')'.statement 

	NUM  shift 168
	CHAR_LIT  shift 170
	FNUM  shift 169
	ID  shift 718
	STRING_LIT  shift 159
	IF  shift 722
	WHILE  shift 723
	RETURN  shift 727
	FOR  shift 724
	DO  shift 725
	BREAK  shift 728
	CONTINUE  shift 729
	GOTO  shift 730
	SIZEOF  shift 178
	VA_ARG  shift 181
	SWITCH  shift 726
	ALIGNOF  shift 179
	GENERIC  shift 180
	INC  shift 174
	DEC  shift 175
	ANDAND  shift 177
	';'  shift 721
	'('  shift 154
	'*'  shift 155
	'{'  shift 207
	'&'  shift 176
	'-'  shift 171
	'!'  shift 172
	'~'  shift 173
	.  error

	compound_stmt  goto 708
	postfix_expr  goto 153
	statement  goto 1942
	expression_stmt  goto 707
	selection_stmt  goto 709
	iteration_stmt  goto 710
	for_stmt  goto 711
	do_while_stmt  goto 712
	switch_stmt  goto 713
	return_stmt  goto 714
	break_stmt  goto 715
	continue_stmt  goto 716
	goto_stmt  goto 717
	expression  goto 719
	var  goto 157
	simple_expression  goto 156
	ternary_expression  goto 160
	logical_expression  goto 162
	comparison_expression  goto 163
	bitwise_expression  goto 164
	additive_expression  goto 165
	term  goto 166
	factor  goto 167
	call  goto 158
	comma_expr_list  goto 720

state 1942
	for_stmt:  FOR '(' expression ',' expression ',' expression ';' opt_expression ';' expression ',' expression ')' statement.    (267)

	.  reduce 267 (src line 750)

Rule not reduced: multi_init_id_list:  ID ',' ID '[' const_int_expr ']' 
Rule not reduced: multi_init_id_list:  ID '[' const_int_expr ']' ',' ID 
Rule not reduced: multi_init_id_list:  ID '=' expression ',' ID '=' expression 
Rule not reduced: multi_init_id_list:  ID '=' expression ',' ID 
Rule not reduced: multi_init_id_list:  ID '=' expression ',' ID '[' ']' '=' '{' init_list '}' 
Rule not reduced: multi_init_id_list:  ID '=' expression ',' ID '[' ']' '=' '{' init_list ',' '}' 
Rule not reduced: multi_init_id_list:  multi_init_id_list ',' ID '=' expression 
Rule not reduced: multi_init_id_list:  multi_init_id_list ',' ID 
Rule not reduced: multi_init_id_list:  multi_init_id_list ',' ID '[' ']' '=' '{' init_list '}' 
Rule not reduced: multi_init_id_list:  multi_init_id_list ',' ID '[' ']' '=' '{' init_list ',' '}' 
Rule not reduced: multi_init_id_list:  multi_init_id_list ',' ID '[' const_int_expr ']' 
Rule not reduced: statement_list:  statement_list statement 
Rule not reduced: statement_list:  
Rule not reduced: factor:  '&' var 
Rule not reduced: factor:  '&' '(' expression ')' '[' expression ']' 
Rule not reduced: factor:  '&' postfix_expr '[' expression ']' 
Rule not reduced: factor:  '&' postfix_expr ARROW ID 
Rule not reduced: factor:  '&' postfix_expr '.' ID 
Rule not reduced: factor:  '&' STRING_LIT '[' expression ']' 
Rule not reduced: local_param:  STRUCT ID 
Rule not reduced: fp_param_type:  ENUM ID 
Rule not reduced: gd_param_declarator:  ID 
Rule not reduced: gd_param_declarator:  gd_pointer ID 
Rule not reduced: gd_param_declarator:  gd_pointer 
Rule not reduced: gd_param_declarator:  gd_pointer CONST ID 
Rule not reduced: gd_param_declarator:  gd_pointer CONST 
Rule not reduced: gd_param_declarator:  ID '[' const_int_expr ']' 
Rule not reduced: gd_param_declarator:  ID '[' ']' 
Rule not reduced: gd_param_declarator:  ID '[' const_int_expr ']' '[' const_int_expr ']' 
Rule not reduced: gd_param_declarator:  gd_pointer ID '[' const_int_expr ']' 
Rule not reduced: gd_param_declarator:  gd_pointer ID '[' ']' 
Rule not reduced: gd_param_declarator:  gd_pointer CONST ID '[' const_int_expr ']' 
Rule not reduced: gd_param_declarator:  gd_pointer CONST ID '[' ']' 
Rule not reduced: gd_param_declarator:  '(' '*' ID ')' '(' fp_param_types ')' 
Rule not reduced: gd_param_declarator:  '(' '*' ')' '(' fp_param_types ')' 

99 terminals, 85 nonterminals
812 grammar rules, 1943/16000 states
45 shift/reduce, 208 reduce/reduce conflicts reported
384 working sets used
memory: parser 3407/240000
1054 extra closures
8618 shift entries, 48 exceptions
678 goto entries
2615 entries saved by goto default
Optimizer space used: output 6501/240000
6501 table entries, 1948 zero
maximum spread: 99, maximum offset: 1941
